Date,BZ=F,CL=F,GC=F,HG=F,HO=F,NG=F,RB=F,SI=F,ZC=F,ZL=F,ZM=F,ZS=F,ZW=F
2018-01-02,66.56999969482422,60.369998931884766,1313.699951171875,3.25600004196167,2.0583999156951904,3.055999994277954,1.763100028038025,17.121000289916992,353.25,33.380001068115234,313.5,955.0,433.5
2018-01-03,67.83999633789062,61.630001068115234,1316.199951171875,3.236999988555908,2.0880000591278076,3.007999897003174,1.7973999977111816,17.184999465942383,353.0,33.7599983215332,314.3999938964844,959.75,436.0
2018-01-04,68.06999969482422,62.0099983215332,1319.4000244140625,3.242500066757202,2.0769999027252197,2.880000114440918,1.8066999912261963,17.18899917602539,351.0,33.7400016784668,315.79998779296875,959.25,434.0
2018-01-05,67.62000274658203,61.439998626708984,1320.300048828125,3.2070000171661377,2.0587000846862793,2.7950000762939453,1.7857999801635742,17.204999923706055,351.25,33.650001525878906,317.8999938964844,961.5,430.75
2018-01-08,67.77999877929688,61.72999954223633,1318.5999755859375,3.2009999752044678,2.0453999042510986,2.8350000381469727,1.7918000221252441,17.06399917602539,347.25,33.43000030517578,317.5,958.25,427.75
2018-01-09,68.81999969482422,62.959999084472656,1311.699951171875,3.194499969482422,2.066200017929077,2.9230000972747803,1.8361999988555908,16.93600082397461,349.0,33.54999923706055,314.5,955.75,432.25
2018-01-10,69.19999694824219,63.56999969482422,1317.4000244140625,3.2149999141693115,2.080699920654297,2.9059998989105225,1.8327000141143799,16.96299934387207,349.0,33.290000915527344,312.8999938964844,947.0,434.25
2018-01-11,69.26000213623047,63.79999923706055,1320.5999755859375,3.2135000228881836,2.07669997215271,3.0840001106262207,1.8370000123977661,16.893999099731445,348.75,32.970001220703125,309.6000061035156,940.5,433.25
2018-01-12,69.87000274658203,64.30000305175781,1333.4000244140625,3.200000047683716,2.0850000381469727,3.200000047683716,1.8494999408721924,17.069000244140625,346.25,32.93000030517578,309.79998779296875,944.0,420.5
2018-01-16,69.1500015258789,63.72999954223633,1335.4000244140625,3.1989998817443848,2.0634000301361084,3.128999948501587,1.8384000062942505,17.121999740600586,348.25,32.790000915527344,322.79998779296875,968.0,416.5
2018-01-17,69.37999725341797,63.970001220703125,1338.0,3.1665000915527344,2.0690999031066895,3.2320001125335693,1.8583999872207642,17.104999542236328,353.0,32.5099983215332,324.29998779296875,968.75,421.5
2018-01-18,69.30999755859375,63.95000076293945,1326.0,3.177000045776367,2.0617001056671143,3.188999891281128,1.8834999799728394,16.89299964904785,351.5,32.22999954223633,328.3999938964844,973.0,425.25
2018-01-19,68.61000061035156,63.369998931884766,1331.9000244140625,3.1670000553131104,2.0583999156951904,3.184999942779541,1.8636000156402588,16.975000381469727,352.5,32.279998779296875,331.6000061035156,977.25,422.75
2018-01-22,69.02999877929688,63.4900016784668,1330.9000244140625,3.177500009536743,2.0569000244140625,3.2239999771118164,1.8801000118255615,16.930999755859375,352.0,32.15999984741211,338.6000061035156,984.25,425.75
2018-01-23,69.95999908447266,64.47000122070312,1335.699951171875,3.0894999504089355,2.0861001014709473,3.444000005722046,1.9086999893188477,16.854999542236328,351.25,32.52000045776367,339.6000061035156,986.25,421.5
2018-01-24,70.52999877929688,65.61000061035156,1355.9000244140625,3.2084999084472656,2.106100082397461,3.509000062942505,1.9163999557495117,17.424999237060547,356.5,32.68000030517578,342.0,992.25,433.0
2018-01-25,70.41999816894531,65.51000213623047,1362.4000244140625,3.1989998817443848,2.1154000759124756,3.447000026702881,1.9154000282287598,17.551000595092773,355.25,32.5,340.3999938964844,992.25,434.5
2018-01-26,70.5199966430664,66.13999938964844,1351.5999755859375,3.182499885559082,2.135999917984009,3.505000114440918,1.9377000331878662,17.381999969482422,356.5,32.790000915527344,335.70001220703125,985.5,441.0
2018-01-29,69.45999908447266,65.55999755859375,1351.5999755859375,3.182499885559082,2.10479998588562,3.63100004196167,1.9349000453948975,17.381999969482422,358.75,32.869998931884766,337.3999938964844,991.5,449.25
2018-01-30,69.0199966430664,64.5,1335.4000244140625,3.177000045776367,2.071700096130371,3.194999933242798,1.895400047302246,17.01300048828125,361.5,33.08000183105469,340.5,1000.25,457.25
2018-01-31,69.05000305175781,64.7300033569336,1339.0,3.184000015258789,2.069200038909912,2.994999885559082,1.9075000286102295,17.20400047302246,361.5,33.06999969482422,337.79998779296875,995.75,451.75
2018-02-01,69.08000183105469,65.80000305175781,1344.300048828125,3.197000026702881,2.090399980545044,2.8559999465942383,1.895799994468689,17.118000030517578,361.75,32.900001525878906,334.0,985.0,451.0
2018-02-02,68.58000183105469,65.44999694824219,1333.699951171875,3.176500082015991,2.053499937057495,2.8459999561309814,1.871999979019165,16.676000595092773,361.5,32.5099983215332,331.3999938964844,978.75,446.75
2018-02-05,67.62000274658203,64.1500015258789,1333.0,3.2105000019073486,2.0195999145507812,2.746999979019165,1.84660005569458,16.638999938964844,358.75,32.5,327.0,969.75,440.25
2018-02-06,66.86000061035156,63.38999938964844,1326.0999755859375,3.177500009536743,1.9851000308990479,2.759000062942505,1.8051999807357788,16.54800033569336,363.5,33.15999984741211,331.70001220703125,986.25,446.25
2018-02-07,65.51000213623047,61.790000915527344,1311.5999755859375,3.0764999389648438,1.9313000440597534,2.7019999027252197,1.7660000324249268,16.20599937438965,365.25,32.560001373291016,335.3999938964844,983.0,460.5
2018-02-08,64.80999755859375,61.150001525878906,1316.9000244140625,3.072000026702881,1.9213000535964966,2.697000026702881,1.7649999856948853,16.31399917602539,365.75,32.209999084472656,341.70001220703125,987.75,456.25
2018-02-09,62.790000915527344,59.20000076293945,1313.0999755859375,3.0244998931884766,1.8551000356674194,2.5840001106262207,1.7001999616622925,16.115999221801758,362.0,31.959999084472656,343.79998779296875,983.0,449.0
2018-02-12,62.59000015258789,59.290000915527344,1324.199951171875,3.077500104904175,1.8388999700546265,2.552000045776367,1.6785000562667847,16.54800033569336,367.0,31.850000381469727,357.79998779296875,1001.75,464.0
2018-02-13,62.720001220703125,59.189998626708984,1328.0999755859375,3.1545000076293945,1.836899995803833,2.5940001010894775,1.6852999925613403,16.506999969482422,366.75,31.56999969482422,365.20001220703125,1011.75,460.75
2018-02-14,64.36000061035156,60.599998474121094,1355.5,3.2284998893737793,1.8844000101089478,2.5869998931884766,1.7130000591278076,16.857999801635742,367.25,31.799999237060547,369.8999938964844,1017.25,455.75
2018-02-15,64.33000183105469,61.34000015258789,1352.0999755859375,3.239000082015991,1.8916000127792358,2.5799999237060547,1.73580002784729,16.777000427246094,367.75,31.700000762939453,373.70001220703125,1024.25,461.75
2018-02-16,64.83999633789062,61.68000030517578,1353.199951171875,3.243000030517578,1.9104000329971313,2.558000087738037,1.7509000301361084,16.69499969482422,367.5,31.540000915527344,373.29998779296875,1021.5,457.75
2018-02-20,65.25,61.900001525878906,1328.800048828125,3.186000108718872,1.9277000427246094,2.615999937057495,1.7503000497817993,16.424999237060547,365.5,31.860000610351562,376.5,1026.5,449.25
2018-02-21,65.41999816894531,61.68000030517578,1330.0,3.2114999294281006,1.9322999715805054,2.6589999198913574,1.7573000192642212,16.604000091552734,365.75,32.06999969482422,378.0,1034.25,447.25
2018-02-22,66.38999938964844,62.77000045776367,1330.5999755859375,3.237499952316284,1.9527000188827515,2.634000062942505,1.7656999826431274,16.57900047302246,366.75,32.040000915527344,376.8999938964844,1032.0,451.25
2018-02-23,67.30999755859375,63.54999923706055,1328.199951171875,3.2084999084472656,1.9694000482559204,2.625,1.808500051498413,16.47599983215332,366.25,32.36000061035156,375.5,1036.25,452.25
2018-02-26,67.5,63.90999984741211,1330.699951171875,3.196000099182129,1.9859000444412231,2.6389999389648438,1.82669997215271,16.54199981689453,368.5,32.619998931884766,377.20001220703125,1034.25,459.5
2018-02-27,66.62999725341797,63.0099983215332,1315.5,3.1575000286102295,1.9630000591278076,2.683000087738037,1.8034000396728516,16.34600067138672,370.5,32.189998626708984,386.5,1038.0,463.25
2018-02-28,65.77999877929688,61.63999938964844,1315.5,3.1075000762939453,1.913599967956543,2.6670000553131104,1.757699966430664,16.323999404907227,374.5,31.959999084472656,394.20001220703125,1045.0,484.5
2018-03-01,65.70999908447266,60.9900016784668,1302.9000244140625,3.0994999408721924,1.8854999542236328,2.697999954223633,1.896399974822998,16.200000762939453,378.75,32.119998931884766,394.0,1057.5,505.5
2018-03-02,64.37000274658203,61.25,1321.0999755859375,3.1010000705718994,1.8796000480651855,2.694999933242798,1.9013999700546265,16.392000198364258,377.25,32.060001373291016,390.20001220703125,1060.75,492.0
2018-03-05,65.54000091552734,62.56999969482422,1318.0999755859375,3.1054999828338623,1.8967000246047974,2.7039999961853027,1.9349000453948975,16.33799934387207,378.25,32.0099983215332,389.29998779296875,1066.75,502.25
2018-03-06,65.79000091552734,62.599998474121094,1333.5999755859375,3.13700008392334,1.9033000469207764,2.749000072479248,1.9330999851226807,16.71500015258789,379.75,32.29999923706055,384.5,1064.5,502.0
2018-03-07,64.33999633789062,61.150001525878906,1326.0,3.114000082015991,1.8746000528335571,2.7769999504089355,1.9103000164031982,16.42799949645996,379.25,31.93000030517578,380.20001220703125,1055.0,493.0
2018-03-08,63.61000061035156,60.119998931884766,1319.9000244140625,3.058500051498413,1.8590999841690063,2.75600004196167,1.8676999807357788,16.43600082397461,385.75,31.670000076293945,380.6000061035156,1053.75,494.75
2018-03-09,65.48999786376953,62.040000915527344,1322.4000244140625,3.115999937057495,1.8866000175476074,2.7320001125335693,1.9042999744415283,16.54599952697754,383.0,31.420000076293945,371.70001220703125,1029.25,489.0
2018-03-12,64.94999694824219,61.36000061035156,1319.4000244140625,3.1040000915527344,1.8646999597549438,2.7780001163482666,1.8940000534057617,16.47100067138672,384.25,31.559999465942383,369.79998779296875,1033.25,489.75
2018-03-13,64.63999938964844,60.709999084472656,1325.9000244140625,3.11899995803833,1.873900055885315,2.7860000133514404,1.886299967765808,16.55900001525879,385.5,32.02000045776367,372.29998779296875,1040.5,485.5
2018-03-14,64.88999938964844,60.959999084472656,1324.4000244140625,3.140000104904175,1.8870999813079834,2.7309999465942383,1.924299955368042,16.466999053955078,383.5,31.780000686645508,368.29998779296875,1028.5,495.75
2018-03-15,65.12000274658203,61.189998626708984,1316.800048828125,3.1110000610351562,1.892899990081787,2.680999994277954,1.9248000383377075,16.35300064086914,386.75,32.060001373291016,371.0,1040.75,478.75
2018-03-16,66.20999908447266,62.34000015258789,1311.300048828125,3.0929999351501465,1.9118000268936157,2.687999963760376,1.9458999633789062,16.20199966430664,382.75,31.979999542236328,372.8999938964844,1049.5,467.75
2018-03-19,66.05000305175781,62.060001373291016,1316.800048828125,3.069499969482422,1.906999945640564,2.6510000228881836,1.9249000549316406,16.2549991607666,375.0,32.060001373291016,358.6000061035156,1022.5,450.75
2018-03-20,67.41999816894531,63.400001525878906,1311.0999755859375,3.0255000591278076,1.9494999647140503,2.674999952316284,1.96589994430542,16.125,374.5,31.739999771118164,361.70001220703125,1028.25,453.0
2018-03-21,69.47000122070312,65.16999816894531,1320.699951171875,3.0485000610351562,2.003700017929077,2.638000011444092,2.012200117111206,16.35700035095215,375.0,32.369998931884766,364.5,1029.75,453.5
2018-03-22,68.91000366210938,64.30000305175781,1326.5999755859375,3.01200008392334,1.992300033569336,2.617000102996826,2.0095999240875244,16.327999114990234,376.0,31.8799991607666,368.0,1029.75,455.75
2018-03-23,70.44999694824219,65.87999725341797,1349.300048828125,2.984499931335449,2.018399953842163,2.5910000801086426,2.033600091934204,16.530000686645508,377.25,31.420000076293945,377.8999938964844,1028.25,460.25
2018-03-26,70.12000274658203,65.55000305175781,1354.4000244140625,2.9605000019073486,2.015000104904175,2.618000030517578,2.0104000568389893,16.631999969482422,374.0,31.459999084472656,375.0,1025.5,454.25
2018-03-27,70.11000061035156,65.25,1341.300048828125,2.991499900817871,2.02239990234375,2.690999984741211,2.0134999752044678,16.48900032043457,374.0,31.579999923706055,372.3999938964844,1019.5,449.0
2018-03-28,69.52999877929688,64.37999725341797,1324.199951171875,2.99399995803833,2.0148000717163086,2.697999954223633,2.0116000175476074,16.204999923706055,373.5,31.6200008392334,371.29998779296875,1018.0,445.5
2018-03-29,70.2699966430664,64.94000244140625,1322.800048828125,3.0190000534057617,2.02839994430542,2.7330000400543213,2.017899990081787,16.222999572753906,387.75,31.8700008392334,384.0,1044.75,451.0
2018-04-02,67.63999938964844,63.0099983215332,1342.0999755859375,3.0404999256134033,1.9802000522613525,2.683000087738037,1.9660999774932861,16.62700080871582,387.25,32.040000915527344,377.29998779296875,1035.5,446.25
2018-04-03,68.12000274658203,63.5099983215332,1332.800048828125,3.058000087738037,1.9950000047683716,2.697000026702881,1.9740999937057495,16.347000122070312,388.5,32.34000015258789,380.0,1038.0,457.5
2018-04-04,68.0199966430664,63.369998931884766,1335.800048828125,3.006999969482422,1.9773000478744507,2.7179999351501465,1.9767999649047852,16.208999633789062,381.0,31.68000030517578,381.79998779296875,1015.25,455.75
2018-04-05,68.33000183105469,63.540000915527344,1324.300048828125,3.069499969482422,1.9765000343322754,2.674999952316284,1.981600046157837,16.31999969482422,389.5,31.780000686645508,383.6000061035156,1031.25,464.75
2018-04-06,67.11000061035156,62.060001373291016,1331.9000244140625,3.053999900817871,1.957800030708313,2.7009999752044678,1.954699993133545,16.332000732421875,388.5,31.530000686645508,386.29998779296875,1033.75,472.25
2018-04-09,68.6500015258789,63.41999816894531,1336.300048828125,3.071500062942505,1.9966000318527222,2.693000078201294,1.9842000007629395,16.499000549316406,390.75,31.520000457763672,389.6000061035156,1047.0,490.75
2018-04-10,71.04000091552734,65.51000213623047,1342.0,3.13100004196167,2.0648000240325928,2.6559998989105225,2.0408999919891357,16.56599998474121,389.25,31.850000381469727,383.8999938964844,1050.0,492.0
2018-04-11,72.05999755859375,66.81999969482422,1356.5,3.111999988555908,2.0927000045776367,2.674999952316284,2.0676000118255615,16.738000869750977,387.0,31.530000686645508,380.20001220703125,1047.75,487.25
2018-04-12,72.0199966430664,67.06999969482422,1338.4000244140625,3.059999942779541,2.0838000774383545,2.686000108718872,2.0546000003814697,16.44300079345703,388.75,31.6299991607666,383.3999938964844,1060.75,481.0
2018-04-13,72.58000183105469,67.38999938964844,1344.800048828125,3.067500114440918,2.1001999378204346,2.734999895095825,2.0653998851776123,16.628000259399414,386.25,31.479999542236328,382.79998779296875,1054.25,472.5
2018-04-16,71.41999816894531,66.22000122070312,1347.5,3.0915000438690186,2.0703001022338867,2.752000093460083,2.039900064468384,16.66200065612793,382.5,31.18000030517578,377.79998779296875,1042.0,462.25
2018-04-17,71.58000183105469,66.5199966430664,1347.199951171875,3.075000047683716,2.0571000576019287,2.73799991607666,2.0411999225616455,16.77199935913086,380.25,31.190000534057617,381.1000061035156,1046.0,466.25
2018-04-18,73.4800033569336,68.47000122070312,1351.199951171875,3.1535000801086426,2.091099977493286,2.739000082015991,2.0683000087738037,17.231000900268555,383.0,31.43000030517578,376.6000061035156,1041.75,475.25
2018-04-19,73.77999877929688,68.29000091552734,1346.800048828125,3.128000020980835,2.1094000339508057,2.6600000858306885,2.077399969100952,17.222000122070312,382.0,31.40999984741211,373.29998779296875,1037.25,476.75
2018-04-20,74.05999755859375,68.37999725341797,1336.699951171875,3.131500005722046,2.122999906539917,2.739000082015991,2.095900058746338,17.14699935913086,376.5,31.299999237060547,374.1000061035156,1028.75,463.25
2018-04-23,74.70999908447266,68.63999938964844,1322.5,3.1080000400543213,2.140899896621704,2.740000009536743,2.123699903488159,16.570999145507812,378.5,31.040000915527344,371.79998779296875,1020.75,461.5
2018-04-24,73.86000061035156,67.69999694824219,1331.4000244140625,3.1384999752044678,2.1275999546051025,2.7809998989105225,2.094899892807007,16.687000274658203,381.25,31.010000228881836,372.1000061035156,1022.25,472.5
2018-04-25,74.0,68.05000305175781,1321.199951171875,3.131999969482422,2.135999917984009,2.7860000133514404,2.0896999835968018,16.486000061035156,386.5,30.790000915527344,376.20001220703125,1027.5,486.25
2018-04-26,74.73999786376953,68.19000244140625,1316.300048828125,3.11299991607666,2.1600000858306885,2.821000099182129,2.112299919128418,16.488000869750977,386.0,30.809999465942383,379.20001220703125,1028.0,480.75
2018-04-27,74.63999938964844,68.0999984741211,1320.300048828125,3.0460000038146973,2.150899887084961,2.7709999084472656,2.1268999576568604,16.4060001373291,389.5,30.43000030517578,393.20001220703125,1045.0,495.5
2018-04-30,75.16999816894531,68.56999969482422,1316.199951171875,3.052500009536743,2.1673998832702637,2.763000011444092,2.129199981689453,16.312000274658203,392.5,30.350000381469727,392.1000061035156,1037.75,512.5
2018-05-01,75.16999816894531,67.25,1303.800048828125,3.015000104904175,2.0996999740600586,2.802000045776367,2.087599992752075,16.038999557495117,396.75,30.079999923706055,403.0,1042.5,529.75
2018-05-02,73.36000061035156,67.93000030517578,1302.5999755859375,3.047499895095825,2.121500015258789,2.753999948501587,2.0797998905181885,16.291000366210938,396.0,30.3700008392334,400.0,1032.75,525.75
2018-05-03,73.62000274658203,68.43000030517578,1310.699951171875,3.059000015258789,2.1126999855041504,2.7260000705718994,2.0875000953674316,16.36199951171875,399.5,30.579999923706055,398.3999938964844,1043.25,540.5
2018-05-04,74.87000274658203,69.72000122070312,1312.699951171875,3.065500020980835,2.1540000438690186,2.7109999656677246,2.114000082015991,16.43400001525879,398.75,30.559999465942383,394.3999938964844,1027.25,527.5
2018-05-07,76.16999816894531,70.7300033569336,1312.199951171875,3.059499979019165,2.184999942779541,2.740999937057495,2.134000062942505,16.413000106811523,393.25,30.670000076293945,384.79998779296875,1002.25,514.0
2018-05-08,74.8499984741211,69.05999755859375,1312.0,3.0404999256134033,2.1577000617980957,2.7320001125335693,2.1113998889923096,16.38800048828125,395.5,30.489999771118164,388.70001220703125,1011.25,517.75
2018-05-09,77.20999908447266,71.13999938964844,1311.300048828125,3.0394999980926514,2.2179999351501465,2.736999988555908,2.16729998588562,16.45800018310547,394.75,30.8700008392334,389.20001220703125,1007.25,514.5
2018-05-10,77.47000122070312,71.36000061035156,1320.800048828125,3.0924999713897705,2.2228000164031982,2.813999891281128,2.188999891281128,16.68000030517578,394.75,30.979999542236328,390.5,1013.25,507.75
2018-05-11,77.12000274658203,70.69999694824219,1319.0,3.0950000286102295,2.2219998836517334,2.805999994277954,2.188800096511841,16.676000595092773,389.75,31.170000076293945,382.70001220703125,994.75,489.5
2018-05-14,78.2300033569336,70.95999908447266,1316.5,3.0785000324249268,2.2495999336242676,2.8420000076293945,2.200200080871582,16.56999969482422,389.0,31.1200008392334,389.79998779296875,1013.0,480.5
2018-05-15,78.43000030517578,71.30999755859375,1288.9000244140625,3.0425000190734863,2.249000072479248,2.8359999656677246,2.2047998905181885,16.194000244140625,402.25,31.1200008392334,382.29998779296875,1018.75,493.5
2018-05-16,79.27999877929688,71.48999786376953,1290.199951171875,3.058500051498413,2.269200086593628,2.815000057220459,2.2499001026153564,16.297000885009766,399.25,30.59000015258789,376.6000061035156,999.75,494.25
2018-05-17,79.30000305175781,71.48999786376953,1288.199951171875,3.0769999027252197,2.2808001041412354,2.8589999675750732,2.2430999279022217,16.413000106811523,395.25,30.940000534057617,375.1000061035156,995.0,497.5
2018-05-18,78.51000213623047,71.27999877929688,1290.199951171875,3.0510001182556152,2.265500068664551,2.8469998836517334,2.233299970626831,16.386999130249023,402.5,30.979999542236328,376.29998779296875,998.5,518.25
2018-05-21,79.22000122070312,72.23999786376953,1290.199951171875,3.0855000019073486,2.2737998962402344,2.809999942779541,2.256500005722046,16.45199966430664,402.75,31.420000076293945,379.1000061035156,1025.25,507.25
2018-05-22,79.56999969482422,72.12999725341797,1291.699951171875,3.11899995803833,2.2799999713897705,2.9079999923706055,2.27020001411438,16.507999420166016,404.75,31.510000228881836,377.5,1030.5,521.5
2018-05-23,79.80000305175781,71.83999633789062,1289.300048828125,3.060499906539917,2.289599895477295,2.9140000343322754,2.2600998878479004,16.33799934387207,408.5,31.700000762939453,380.70001220703125,1039.25,531.0
2018-05-24,78.79000091552734,70.70999908447266,1303.699951171875,3.0855000019073486,2.266700029373169,2.940000057220459,2.233799934387207,16.621000289916992,404.25,31.709999084472656,377.29998779296875,1035.75,530.25
2018-05-25,76.44000244140625,67.87999725341797,1303.300048828125,3.066999912261963,2.2098000049591064,2.938999891281128,2.1814000606536865,16.481000900268555,406.0,31.34000015258789,380.29998779296875,1041.5,543.0
2018-05-29,75.38999938964844,66.7300033569336,1298.699951171875,3.052000045776367,2.1858999729156494,2.875,2.1440999507904053,16.30500030517578,400.0,31.209999084472656,380.20001220703125,1030.5,536.5
2018-05-30,77.5,68.20999908447266,1301.5,3.059499979019165,2.2316999435424805,2.884999990463257,2.1842000484466553,16.479000091552734,393.5,31.479999542236328,376.8999938964844,1023.0,522.0
2018-05-31,77.58999633789062,67.04000091552734,1300.0999755859375,3.058000087738037,2.1914000511169434,2.9519999027252197,2.1603000164031982,16.402000427246094,394.0,31.1200008392334,375.29998779296875,1018.5,526.25
2018-06-01,77.58999633789062,65.80999755859375,1294.800048828125,3.0915000438690186,2.176300048828125,2.9619998931884766,2.143399953842163,16.38800048828125,391.5,31.190000534057617,374.20001220703125,1021.25,523.25
2018-06-04,75.29000091552734,64.75,1293.0999755859375,3.126499891281128,2.1524999141693115,2.930000066757202,2.1224000453948975,16.378999710083008,380.75,30.93000030517578,368.8999938964844,1001.75,505.25
2018-06-05,75.37999725341797,65.5199966430664,1297.5,3.190999984741211,2.1415998935699463,2.890000104904175,2.1061999797821045,16.490999221801758,383.75,30.790000915527344,367.29998779296875,1001.25,510.0
2018-06-06,75.36000061035156,64.7300033569336,1297.0999755859375,3.254499912261963,2.1266000270843506,2.8959999084472656,2.069999933242798,16.642000198364258,378.25,30.649999618530273,365.0,994.25,519.75
2018-06-07,77.31999969482422,65.94999694824219,1298.699951171875,3.2679998874664307,2.1798999309539795,2.930000066757202,2.114799976348877,16.766000747680664,376.25,30.600000381469727,358.3999938964844,974.25,526.75
2018-06-08,76.45999908447266,65.73999786376953,1298.0999755859375,3.2929999828338623,2.164299964904785,2.890000104904175,2.115299940109253,16.694000244140625,377.75,30.520000457763672,357.79998779296875,969.25,520.0
2018-06-11,76.45999908447266,66.0999984741211,1298.9000244140625,3.250499963760376,2.1607000827789307,2.9489998817443848,2.1048998832702637,16.905000686645508,367.25,30.579999923706055,351.20001220703125,953.75,514.5
2018-06-12,75.87999725341797,66.36000061035156,1295.0999755859375,3.242500066757202,2.161799907684326,2.938999891281128,2.089900016784668,16.849000930786133,377.5,30.049999237060547,353.5,954.0,534.5
2018-06-13,76.73999786376953,66.63999938964844,1296.9000244140625,3.247999906539917,2.1851000785827637,2.9630000591278076,2.125200033187866,16.952999114990234,376.0,30.079999923706055,347.70001220703125,936.0,516.5
2018-06-14,75.94000244140625,66.88999938964844,1304.0,3.2165000438690186,2.1586999893188477,2.9649999141693115,2.0910000801086426,17.22599983215332,363.0,30.139999389648438,343.20001220703125,927.25,501.5
2018-06-15,73.44000244140625,65.05999755859375,1274.5999755859375,3.1410000324249268,2.0869998931884766,3.0220000743865967,2.023200035095215,16.45199966430664,361.25,29.5,338.8999938964844,905.5,499.5
2018-06-18,75.33999633789062,65.8499984741211,1276.199951171875,3.1034998893737793,2.1315999031066895,2.9509999752044678,2.0546000003814697,16.41200065612793,356.0,29.56999969482422,335.5,908.5,490.0
2018-06-19,75.08000183105469,65.06999969482422,1275.5999755859375,3.0464999675750732,2.121799945831299,2.9000000953674316,2.037899971008301,16.30299949645996,353.75,28.850000381469727,334.5,889.0,477.75
2018-06-20,74.73999786376953,66.22000122070312,1271.199951171875,3.0464999675750732,2.107100009918213,2.9639999866485596,2.0234999656677246,16.288999557495117,354.25,29.3700008392334,333.20001220703125,889.5,488.25
2018-06-21,73.05000305175781,65.54000091552734,1267.199951171875,3.0250000953674316,2.0701000690460205,2.9749999046325684,2.0123000144958496,16.305999755859375,357.0,29.190000534057617,331.79998779296875,880.5,495.25
2018-06-22,75.55000305175781,68.58000183105469,1267.4000244140625,3.0325000286102295,2.1254000663757324,2.944999933242798,2.070499897003174,16.43899917602539,357.25,29.209999084472656,339.1000061035156,894.5,491.25
2018-06-25,74.7300033569336,68.08000183105469,1265.5999755859375,2.992000102996826,2.100399971008301,2.9230000972747803,2.051500082015991,16.308000564575195,350.5,28.940000534057617,332.8999938964844,874.5,476.75
2018-06-26,76.30999755859375,70.52999877929688,1256.5999755859375,2.996999979019165,2.128999948501587,2.938999891281128,2.0745999813079834,16.238000869750977,352.5,28.940000534057617,333.70001220703125,867.25,469.5
2018-06-27,77.62000274658203,72.76000213623047,1252.800048828125,2.989500045776367,2.1772000789642334,2.996000051498413,2.1335999965667725,16.138999938964844,352.5,29.010000228881836,333.8999938964844,867.5,479.5
2018-06-28,77.8499984741211,73.44999694824219,1247.800048828125,2.9535000324249268,2.1782000064849854,2.940000057220459,2.1328999996185303,15.951000213623047,345.0,29.010000228881836,331.3999938964844,861.25,479.5
2018-06-29,79.44000244140625,74.1500015258789,1251.300048828125,2.9509999752044678,2.2093000411987305,2.9240000247955322,2.1791000366210938,16.104000091552734,350.25,29.1200008392334,332.79998779296875,858.5,497.5
2018-07-02,77.30000305175781,73.94000244140625,1239.800048828125,2.93149995803833,2.1558001041412354,2.861999988555908,2.10479998588562,15.744000434875488,337.5,28.770000457763672,329.5,848.5,480.25
2018-07-03,77.76000213623047,74.13999938964844,1251.5999755859375,2.9059998989105225,2.1642000675201416,2.869999885559082,2.1175999641418457,15.95199966430664,342.75,28.6200008392334,327.79998779296875,844.0,491.5
2018-07-05,77.38999938964844,72.94000244140625,1257.300048828125,2.813999891281128,2.1786999702453613,2.8369998931884766,2.129300117492676,16.007999420166016,343.5,28.469999313354492,328.20001220703125,835.5,504.0
2018-07-06,77.11000061035156,73.80000305175781,1254.300048828125,2.812999963760376,2.1684000492095947,2.8580000400543213,2.1085000038146973,15.980999946594238,351.75,28.899999618530273,339.79998779296875,874.0,512.75
2018-07-09,78.06999969482422,73.8499984741211,1258.0999755859375,2.8389999866485596,2.19569993019104,2.828000068664551,2.1484999656677246,16.05299949645996,345.75,28.739999771118164,331.79998779296875,851.75,507.75
2018-07-10,78.86000061035156,74.11000061035156,1253.800048828125,2.8285000324249268,2.2218000888824463,2.7880001068115234,2.1603000164031982,16.003000259399414,339.75,28.8799991607666,334.3999938964844,852.25,489.5
2018-07-11,73.4000015258789,70.37999725341797,1242.800048828125,2.7335000038146973,2.100800037384033,2.8289999961853027,2.0613999366760254,15.732000350952148,331.25,28.329999923706055,333.0,829.75,469.75
2018-07-12,74.44999694824219,70.33000183105469,1245.0,2.7679998874664307,2.1231000423431396,2.796999931335449,2.071700096130371,15.89799976348877,336.5,28.170000076293945,333.3999938964844,830.0,482.5
2018-07-13,75.33000183105469,71.01000213623047,1239.5999755859375,2.7699999809265137,2.1333999633789062,2.752000093460083,2.1066999435424805,15.73900032043457,330.25,27.799999237060547,328.79998779296875,814.0,481.5
2018-07-16,71.83999633789062,68.05999755859375,1238.0999755859375,2.756999969482422,2.05430006980896,2.759000062942505,2.00219988822937,15.734999656677246,341.75,27.639999389648438,329.1000061035156,829.5,488.5
2018-07-17,72.16000366210938,68.08000183105469,1225.699951171875,2.739500045776367,2.0701000690460205,2.740000009536743,2.026099920272827,15.545999526977539,346.25,27.729999542236328,329.1000061035156,839.5,497.75
2018-07-18,72.9000015258789,68.76000213623047,1226.300048828125,2.752000093460083,2.0903000831604004,2.7209999561309814,2.0443999767303467,15.503000259399414,347.25,28.06999969482422,328.20001220703125,842.25,494.5
2018-07-19,72.58000183105469,69.45999908447266,1222.4000244140625,2.686000108718872,2.090100049972534,2.7690000534057617,2.0434999465942383,15.34000015258789,351.25,27.829999923706055,328.79998779296875,846.0,504.25
2018-07-20,73.06999969482422,70.45999908447266,1229.5,2.746000051498413,2.1043999195098877,2.756999969482422,2.069000005722046,15.489999771118164,355.25,28.219999313354492,326.8999938964844,849.75,516.0
2018-07-23,73.05999755859375,67.88999938964844,1224.0,2.736999988555908,2.118000030517578,2.7209999561309814,2.091399908065796,15.368000030517578,357.25,27.969999313354492,328.0,847.75,513.75
2018-07-24,73.44000244140625,68.5199966430664,1223.9000244140625,2.799999952316284,2.1326000690460205,2.7320001125335693,2.095599889755249,15.463000297546387,352.0,28.239999771118164,328.8999938964844,858.0,510.25
2018-07-25,73.93000030517578,69.30000305175781,1231.4000244140625,2.805999994277954,2.15120005607605,2.7750000953674316,2.1231000423431396,15.532999992370605,359.25,28.40999984741211,330.0,860.75,542.75
2018-07-26,74.54000091552734,69.61000061035156,1225.300048828125,2.803999900817871,2.1768999099731445,2.7799999713897705,2.1623001098632812,15.437999725341797,361.5,28.149999618530273,332.6000061035156,861.25,536.5
2018-07-27,74.29000091552734,68.69000244140625,1222.5999755859375,2.7874999046325684,2.1552000045776367,2.822000026702881,2.161900043487549,15.435999870300293,362.0,28.559999465942383,332.70001220703125,870.5,530.5
2018-07-30,74.97000122070312,70.12999725341797,1221.300048828125,2.7790000438690186,2.1710000038146973,2.796999931335449,2.1603000164031982,15.475000381469727,367.25,28.309999465942383,333.8999938964844,875.0,546.5
2018-07-31,74.25,68.76000213623047,1223.699951171875,2.819000005722046,2.1319000720977783,2.7820000648498535,2.1291000843048096,15.5,372.25,28.729999542236328,341.20001220703125,903.75,553.75
2018-08-01,74.25,67.66000366210938,1217.9000244140625,2.734999895095825,2.097399950027466,2.757999897003174,2.045099973678589,15.394000053405762,365.0,28.450000762939453,336.5,886.75,558.25
2018-08-02,73.44999694824219,68.95999908447266,1210.5999755859375,2.7269999980926514,2.1317999362945557,2.815999984741211,2.0680999755859375,15.329000473022461,366.75,28.1200008392334,332.79998779296875,882.5,560.5
2018-08-03,73.20999908447266,68.48999786376953,1214.199951171875,2.753499984741211,2.1268999576568604,2.8529999256134033,2.065500020980835,15.406000137329102,369.75,28.350000381469727,332.5,886.25,556.25
2018-08-06,73.75,69.01000213623047,1208.5999755859375,2.7209999561309814,2.1393001079559326,2.859999895095825,2.0650999546051025,15.291999816894531,371.0,28.290000915527344,330.0,877.25,574.5
2018-08-07,74.6500015258789,69.16999816894531,1209.5999755859375,2.740999937057495,2.169100046157837,2.8970000743865967,2.1040000915527344,15.317000389099121,370.75,28.59000015258789,332.70001220703125,889.25,568.25
2018-08-08,72.27999877929688,66.94000244140625,1212.5999755859375,2.740499973297119,2.1157000064849854,2.9489998817443848,2.0195000171661377,15.37600040435791,371.25,28.450000762939453,337.1000061035156,893.75,570.0
2018-08-09,72.06999969482422,66.80999755859375,1211.9000244140625,2.755500078201294,2.1119000911712646,2.9549999237060547,1.999899983406067,15.418999671936035,369.25,28.420000076293945,334.0,887.75,564.5
2018-08-10,72.80999755859375,67.62999725341797,1211.0999755859375,2.7325000762939453,2.139699935913086,2.944000005722046,2.0392000675201416,15.265999794006348,357.75,27.989999771118164,323.5,846.0,546.75
2018-08-13,72.61000061035156,67.19999694824219,1191.300048828125,2.7219998836517334,2.13700008392334,2.930000066757202,2.014699935913086,14.95300006866455,356.5,28.239999771118164,327.79998779296875,853.5,533.5
2018-08-14,72.45999908447266,67.04000091552734,1193.0,2.67549991607666,2.128700017929077,2.9590001106262207,2.03410005569458,15.024999618530273,362.25,28.09000015258789,335.0,864.5,541.75
2018-08-15,70.76000213623047,65.01000213623047,1177.5,2.556999921798706,2.090399980545044,2.940000057220459,1.9974000453948975,14.420999526977539,361.5,27.8799991607666,329.5,857.5,532.25
2018-08-16,71.43000030517578,65.45999908447266,1176.199951171875,2.6135001182556152,2.096400022506714,2.9079999923706055,1.9874000549316406,14.696999549865723,365.25,28.149999618530273,334.6000061035156,885.5,542.25
2018-08-17,71.83000183105469,65.91000366210938,1176.5,2.624500036239624,2.0982000827789307,2.946000099182129,1.9809000492095947,14.616000175476074,364.25,28.229999542236328,330.1000061035156,881.5,560.5
2018-08-20,72.20999908447266,66.43000030517578,1186.800048828125,2.6635000705718994,2.113800048828125,2.940999984741211,2.0151000022888184,14.654999732971191,362.0,28.540000915527344,328.20001220703125,881.75,542.25
2018-08-21,72.62999725341797,67.3499984741211,1192.5999755859375,2.689500093460083,2.1236000061035156,2.9800000190734863,2.017899990081787,14.75100040435791,359.75,28.59000015258789,324.8999938964844,874.5,527.25
2018-08-22,74.77999877929688,67.86000061035156,1196.300048828125,2.6684999465942383,2.168299913406372,2.9560000896453857,2.068000078201294,14.734999656677246,352.5,28.219999313354492,321.1000061035156,858.25,526.0
2018-08-23,74.7300033569336,67.83000183105469,1187.0,2.6524999141693115,2.1754000186920166,2.9639999866485596,2.0592000484466553,14.527000427246094,346.75,28.030000686645508,313.70001220703125,842.0,522.0
2018-08-24,75.81999969482422,68.72000122070312,1206.300048828125,2.6989998817443848,2.202199935913086,2.9170000553131104,2.077899932861328,14.779000282287598,348.5,28.149999618530273,312.70001220703125,842.0,514.75
2018-08-27,76.20999908447266,68.87000274658203,1209.0,2.7049999237060547,2.214900016784668,2.875999927520752,2.089600086212158,14.843999862670898,346.75,28.3700008392334,306.29998779296875,834.75,499.25
2018-08-28,75.94999694824219,68.52999877929688,1207.4000244140625,2.7339999675750732,2.211400032043457,2.8519999980926514,2.078700065612793,14.767000198364258,341.0,28.18000030517578,300.70001220703125,820.5,498.25
2018-08-29,77.13999938964844,69.51000213623047,1204.5,2.7090001106262207,2.2421000003814697,2.8949999809265137,2.1059999465942383,14.687999725341797,341.25,28.030000686645508,302.1000061035156,823.25,515.75
2018-08-30,77.7699966430664,70.25,1197.699951171875,2.690500020980835,2.248300075531006,2.874000072479248,2.1435000896453857,14.47700023651123,341.0,28.280000686645508,301.3999938964844,819.5,508.0
2018-08-31,77.41999816894531,69.80000305175781,1200.300048828125,2.6489999294281006,2.241300106048584,2.9159998893737793,2.143699884414673,14.437999725341797,351.0,28.3700008392334,303.70001220703125,833.0,518.5
2018-09-04,78.16999816894531,69.87000274658203,1192.699951171875,2.5834999084472656,2.254699945449829,2.822999954223633,1.9941999912261963,14.060999870300293,354.5,28.389999389648438,308.29998779296875,832.0,502.75
2018-09-05,77.2699966430664,68.72000122070312,1194.9000244140625,2.5924999713897705,2.234499931335449,2.7950000762939453,1.9648000001907349,14.118000030517578,351.75,28.18000030517578,306.20001220703125,825.5,493.75
2018-09-06,76.5,67.7699966430664,1197.9000244140625,2.618499994277954,2.2091000080108643,2.7720000743865967,1.9509999752044678,14.074999809265137,353.5,28.15999984741211,311.0,826.75,486.0
2018-09-07,76.83000183105469,67.75,1193.5999755859375,2.6034998893737793,2.2181999683380127,2.7760000228881836,1.9700000286102295,14.067000389099121,354.25,27.940000534057617,314.20001220703125,832.0,486.25
2018-09-10,77.37000274658203,67.54000091552734,1193.0,2.6105000972747803,2.2177999019622803,2.803999900817871,1.9592000246047974,14.079000473022461,355.5,28.030000686645508,315.8999938964844,833.5,504.0
2018-09-11,79.05999755859375,69.25,1195.4000244140625,2.6040000915527344,2.252000093460083,2.828000068664551,2.01419997215271,14.052000045776367,355.25,27.729999542236328,314.20001220703125,820.25,493.75
2018-09-12,79.73999786376953,70.37000274658203,1204.699951171875,2.6584999561309814,2.257699966430664,2.8289999961853027,2.0348000526428223,14.192000389099121,341.5,27.6299991607666,315.70001220703125,829.0,481.75
2018-09-13,78.18000030517578,68.58999633789062,1202.0,2.6644999980926514,2.2235000133514404,2.816999912261963,1.992900013923645,14.142999649047852,336.25,27.440000534057617,311.29998779296875,822.75,471.75
2018-09-14,78.08999633789062,68.98999786376953,1195.0,2.627500057220459,2.209199905395508,2.7669999599456787,1.9701999425888062,14.041999816894531,337.0,27.43000030517578,307.29998779296875,821.5,480.0
2018-09-17,78.05000305175781,68.91000366210938,1199.699951171875,2.633500099182129,2.206399917602539,2.813999891281128,1.9767999649047852,14.121999740600586,348.0,27.43000030517578,302.8999938964844,823.5,506.25
2018-09-18,79.02999877929688,69.8499984741211,1196.800048828125,2.7119998931884766,2.2356998920440674,2.933000087738037,2.0048999786376953,14.083999633789062,343.25,27.1200008392334,300.5,814.0,510.5
2018-09-19,79.4000015258789,71.12000274658203,1202.199951171875,2.7100000381469727,2.2465999126434326,2.9079999923706055,2.020699977874756,14.189000129699707,345.75,27.25,306.3999938964844,830.0,522.5
2018-09-20,78.69999694824219,70.80000305175781,1206.199951171875,2.7209999561309814,2.2279999256134033,2.9760000705718994,2.0146000385284424,14.21500015258789,352.5,27.600000381469727,311.3999938964844,850.25,524.0
2018-09-21,78.80000305175781,70.77999877929688,1196.199951171875,2.8364999294281006,2.2260000705718994,2.9769999980926514,2.0171000957489014,14.269000053405762,357.25,28.09000015258789,305.8999938964844,847.25,521.75
2018-09-24,81.19999694824219,72.08000183105469,1199.300048828125,2.815999984741211,2.285900115966797,3.0380001068115234,2.0546998977661133,14.25100040435791,360.5,28.260000228881836,304.70001220703125,841.0,527.0
2018-09-25,81.87000274658203,72.27999877929688,1200.0,2.803499937057495,2.305299997329712,3.0820000171661377,2.067699909210205,14.39799976348877,363.75,28.3700008392334,306.20001220703125,845.75,520.75
2018-09-26,81.33999633789062,71.56999969482422,1194.0,2.806999921798706,2.299799919128418,3.0209999084472656,2.058500051498413,14.305000305175781,363.0,28.479999542236328,307.70001220703125,850.0,517.5
2018-09-27,81.72000122070312,72.12000274658203,1182.300048828125,2.7644999027252197,2.3231000900268555,3.055999994277954,2.08240008354187,14.201000213623047,364.75,28.860000610351562,308.20001220703125,855.0,513.0
2018-09-28,82.72000122070312,73.25,1191.5,2.7869999408721924,2.351799964904785,3.007999897003174,2.1012001037597656,14.623000144958496,356.25,28.68000030517578,305.3999938964844,845.5,509.0
2018-10-01,84.9800033569336,75.30000305175781,1187.0999755859375,2.7739999294281006,2.407900094985962,3.0940001010894775,2.127500057220459,14.42199993133545,365.75,29.010000228881836,310.5,857.75,509.5
2018-10-02,84.80000305175781,75.2300033569336,1202.4000244140625,2.7950000762939453,2.407599925994873,3.1659998893737793,2.1268999576568604,14.609999656677246,367.5,29.360000610351562,311.20001220703125,866.0,519.25
2018-10-03,86.29000091552734,76.41000366210938,1198.300048828125,2.822499990463257,2.4372000694274902,3.2300000190734863,2.1377999782562256,14.59000015258789,364.75,29.520000457763672,307.5,861.5,515.25
2018-10-04,84.58000183105469,74.33000183105469,1197.199951171875,2.765000104904175,2.3996999263763428,3.1649999618530273,2.100399971008301,14.510000228881836,367.5,29.280000686645508,308.3999938964844,859.25,518.0
2018-10-05,84.16000366210938,74.33999633789062,1201.199951171875,2.750999927520752,2.3922998905181885,3.1429998874664307,2.0861001014709473,14.569000244140625,368.25,29.079999923706055,315.6000061035156,869.0,521.0
2018-10-08,83.91000366210938,74.29000091552734,1184.4000244140625,2.755000114440918,2.394200086593628,3.2669999599456787,2.0936999320983887,14.258999824523926,366.5,29.329999923706055,314.20001220703125,869.75,514.0
2018-10-09,85.0,74.95999908447266,1187.199951171875,2.7950000762939453,2.423799991607666,3.2660000324249268,2.077399969100952,14.329000473022461,364.5,28.969999313354492,313.5,863.0,515.0
2018-10-10,83.08999633789062,73.16999816894531,1189.300048828125,2.7690000534057617,2.39490008354187,3.2839999198913574,2.020400047302246,14.255000114440918,362.75,28.649999618530273,312.0,852.25,510.5
2018-10-11,80.26000213623047,70.97000122070312,1223.5,2.796999931335449,2.332200050354004,3.2219998836517334,1.9327000379562378,14.53499984741211,369.25,28.729999542236328,312.79998779296875,858.25,508.0
2018-10-12,80.43000030517578,71.33999633789062,1218.0999755859375,2.7929999828338623,2.3213000297546387,3.1610000133514404,1.9420000314712524,14.564000129699707,373.75,29.040000915527344,312.3999938964844,867.5,517.25
2018-10-15,80.77999877929688,71.77999877929688,1226.4000244140625,2.7804999351501465,2.325700044631958,3.242000102996826,1.9443000555038452,14.656000137329102,378.25,29.760000228881836,327.0,891.5,525.0
2018-10-16,81.41000366210938,71.91999816894531,1227.300048828125,2.7704999446868896,2.3401999473571777,3.239000082015991,1.9773000478744507,14.630000114440918,375.25,29.65999984741211,322.29998779296875,884.75,523.5
2018-10-17,80.05000305175781,69.75,1223.699951171875,2.7669999599456787,2.3111000061035156,3.319999933242798,1.9186999797821045,14.592000007629395,374.25,29.559999465942383,323.70001220703125,885.75,517.5
2018-10-18,79.29000091552734,68.6500015258789,1226.5,2.737499952316284,2.2948999404907227,3.197999954223633,1.8911000490188599,14.532999992370605,370.75,29.020000457763672,316.29998779296875,863.5,513.0
2018-10-19,79.77999877929688,69.12000274658203,1225.300048828125,2.7679998874664307,2.302000045776367,3.25,1.9139000177383423,14.579000473022461,367.0,29.139999389648438,313.1000061035156,856.75,514.75
2018-10-22,79.83000183105469,69.16999816894531,1221.199951171875,2.7739999294281006,2.3180999755859375,3.138000011444092,1.9067000150680542,14.522000312805176,369.5,29.149999618530273,312.79998779296875,858.5,508.0
2018-10-23,76.44000244140625,66.43000030517578,1233.4000244140625,2.746999979019165,2.2483999729156494,3.2119998931884766,1.8367999792099,14.727999687194824,370.25,28.760000228881836,310.70001220703125,857.5,509.0
2018-10-24,76.16999816894531,66.81999969482422,1227.800048828125,2.746500015258789,2.2520999908447266,3.1659998893737793,1.8222999572753906,14.611000061035156,368.25,28.610000610351562,306.1000061035156,850.25,499.5
2018-10-25,76.88999938964844,67.33000183105469,1229.0999755859375,2.748500108718872,2.27810001373291,3.2019999027252197,1.8128999471664429,14.5649995803833,361.0,28.389999389648438,304.29998779296875,841.75,487.25
2018-10-26,77.62000274658203,67.58999633789062,1232.5,2.74399995803833,2.302999973297119,3.184999942779541,1.815000057220459,14.635000228881836,367.75,28.15999984741211,307.29998779296875,845.0,505.25
2018-10-29,77.33999633789062,67.04000091552734,1224.5,2.7385001182556152,2.2843000888824463,3.184999942779541,1.8249000310897827,14.376999855041504,366.75,27.889999389648438,308.20001220703125,839.0,507.25
2018-10-30,75.91000366210938,66.18000030517578,1222.5999755859375,2.6630001068115234,2.2597999572753906,3.187000036239624,1.805899977684021,14.402999877929688,364.75,28.0,305.1000061035156,833.5,499.75
2018-10-31,75.47000122070312,65.30999755859375,1212.300048828125,2.6635000705718994,2.2618000507354736,3.260999917984009,1.7680000066757202,14.229000091552734,363.25,28.020000457763672,306.3999938964844,839.0,500.5
2018-11-01,75.5,63.689998626708984,1236.0,2.7214999198913574,2.2007999420166016,3.236999988555908,1.7165000438690186,14.729000091552734,366.75,28.31999969482422,313.3999938964844,869.0,508.0
2018-11-02,72.83000183105469,63.13999938964844,1230.9000244140625,2.802999973297119,2.172800064086914,3.2839999198913574,1.708299994468689,14.706999778747559,371.25,28.200000762939453,311.0,875.25,508.75
2018-11-05,73.16999816894531,63.099998474121094,1229.800048828125,2.755500078201294,2.1963000297546387,3.566999912261963,1.6919000148773193,14.604000091552734,374.0,27.899999618530273,310.6000061035156,873.0,507.25
2018-11-06,72.12999725341797,62.209999084472656,1223.800048828125,2.7304999828338623,2.1882998943328857,3.555000066757202,1.694000005722046,14.458000183105469,373.25,27.899999618530273,311.3999938964844,872.0,512.0
2018-11-07,72.06999969482422,61.66999816894531,1226.199951171875,2.752500057220459,2.2370998859405518,3.555000066757202,1.6474000215530396,14.527999877929688,372.25,28.200000762939453,308.0,867.75,510.25
2018-11-08,70.6500015258789,60.66999816894531,1222.9000244140625,2.736999988555908,2.168299913406372,3.5429999828338623,1.6442999839782715,14.38599967956543,373.5,28.020000457763672,306.1000061035156,867.5,507.75
2018-11-09,70.18000030517578,60.189998626708984,1206.4000244140625,2.686500072479248,2.172800064086914,3.7190001010894775,1.621399998664856,14.102999687194824,369.75,27.6200008392334,305.6000061035156,875.25,502.0
2018-11-12,70.12000274658203,59.93000030517578,1201.300048828125,2.677999973297119,2.155600070953369,3.7880001068115234,1.6367000341415405,13.973999977111816,371.25,27.709999084472656,305.6000061035156,871.75,519.75
2018-11-13,65.47000122070312,55.689998626708984,1199.199951171875,2.687000036239624,2.0625,4.10099983215332,1.5427000522613525,13.95199966430664,366.5,27.549999237060547,303.8999938964844,867.25,507.75
2018-11-14,66.12000274658203,56.25,1207.9000244140625,2.7095000743865967,2.095900058746338,4.836999893188477,1.5606000423431396,14.055000305175781,367.0,27.56999969482422,305.70001220703125,870.5,503.0
2018-11-15,66.62000274658203,56.459999084472656,1212.800048828125,2.749000072479248,2.0741000175476074,4.038000106811523,1.5565999746322632,14.237000465393066,367.5,27.690000534057617,305.3999938964844,888.75,505.5
2018-11-16,66.76000213623047,56.459999084472656,1220.800048828125,2.803999900817871,2.073699951171875,4.271999835968018,1.5770000219345093,14.357999801635742,364.75,27.3700008392334,310.8999938964844,892.25,506.75
2018-11-19,66.79000091552734,56.7599983215332,1223.0999755859375,2.804500102996826,2.086400032043457,4.699999809265137,1.582900047302246,14.380999565124512,362.25,27.31999969482422,305.5,873.75,498.5
2018-11-20,62.529998779296875,53.43000030517578,1219.0,2.7664999961853027,1.9902000427246094,4.5229997634887695,1.49590003490448,14.246999740600586,361.25,27.34000015258789,307.1000061035156,881.0,500.75
2018-11-21,63.47999954223633,54.630001068115234,1225.800048828125,2.7945001125335693,1.9701999425888062,4.451000213623047,1.510699987411499,14.479999542236328,361.75,27.799999237060547,306.6000061035156,883.0,498.75
2018-11-23,58.79999923706055,50.41999816894531,1221.0,2.7704999446868896,1.8761999607086182,4.308000087738037,1.3912999629974365,14.220999717712402,359.0,27.649999618530273,305.79998779296875,881.0,499.75
2018-11-26,60.47999954223633,51.630001068115234,1220.199951171875,2.758500099182129,1.8930000066757202,4.248000144958496,1.4426000118255615,14.182999610900879,356.0,26.959999084472656,303.0,862.25,507.5
2018-11-27,60.209999084472656,51.560001373291016,1211.199951171875,2.7105000019073486,1.8860000371932983,4.26200008392334,1.420799970626831,14.062000274658203,356.5,27.15999984741211,304.8999938964844,875.5,498.0
2018-11-28,58.7599983215332,50.290000915527344,1221.4000244140625,2.7960000038146973,1.8384000062942505,4.715000152587891,1.3978999853134155,14.303000450134277,360.5,27.729999542236328,307.8999938964844,890.5,497.5
2018-11-29,59.5099983215332,51.45000076293945,1224.0999755859375,2.7780001163482666,1.8436000347137451,4.645999908447266,1.454699993133545,14.27299976348877,360.25,27.68000030517578,306.8999938964844,887.25,496.5
2018-11-30,58.709999084472656,50.93000030517578,1220.199951171875,2.7774999141693115,1.8454999923706055,4.611999988555908,1.4413000345230103,14.093999862670898,366.5,27.81999969482422,308.29998779296875,894.75,515.75
2018-12-03,61.689998626708984,52.95000076293945,1233.9000244140625,2.799499988555908,1.8875000476837158,4.339000225067139,1.431399941444397,14.380999565124512,371.25,28.309999465942383,312.1000061035156,905.75,515.75
2018-12-04,62.08000183105469,53.25,1241.0999755859375,2.748500108718872,1.9009000062942505,4.456999778747559,1.4434000253677368,14.520999908447266,374.25,28.639999389648438,312.70001220703125,911.75,519.25
2018-12-06,60.060001373291016,51.4900016784668,1238.0999755859375,2.740499973297119,1.858199954032898,4.327000141143799,1.43340003490448,14.390000343322754,372.0,28.469999313354492,310.0,909.5,505.25
2018-12-07,61.66999816894531,52.61000061035156,1246.800048828125,2.757499933242798,1.886199951171875,4.48799991607666,1.48580002784729,14.571999549865723,374.0,28.5,309.1000061035156,916.75,519.5
2018-12-10,59.970001220703125,51.0,1243.699951171875,2.7184998989105225,1.844099998474121,4.545000076293945,1.4189000129699707,14.477999687194824,374.25,28.520000457763672,307.8999938964844,909.75,514.75
2018-12-11,60.20000076293945,51.650001525878906,1241.9000244140625,2.7660000324249268,1.847100019454956,4.4070000648498535,1.4398000240325928,14.49899959564209,375.0,28.709999084472656,308.8999938964844,915.0,509.75
2018-12-12,60.150001525878906,51.150001525878906,1244.4000244140625,2.7685000896453857,1.8509000539779663,4.136000156402588,1.4204000234603882,14.725000381469727,376.25,28.799999237060547,310.79998779296875,920.0,515.25
2018-12-13,61.45000076293945,52.58000183105469,1242.699951171875,2.762500047683716,1.8765000104904175,4.124000072479248,1.4781999588012695,14.729000091552734,375.5,28.639999389648438,309.3999938964844,907.0,527.75
2018-12-14,60.279998779296875,51.20000076293945,1237.0,2.760499954223633,1.8452999591827393,3.8269999027252197,1.4342999458312988,14.512999534606934,376.75,28.389999389648438,309.3999938964844,900.5,527.75
2018-12-17,59.61000061035156,49.880001068115234,1247.4000244140625,2.753000020980835,1.82669997215271,3.5280001163482666,1.4104000329971313,14.638999938964844,376.75,28.170000076293945,309.1000061035156,904.75,535.25
2018-12-18,56.2599983215332,46.2400016784668,1249.199951171875,2.6710000038146973,1.7539000511169434,3.8380000591278076,1.3504999876022339,14.585000038146973,376.75,28.40999984741211,310.3999938964844,907.75,532.75
2018-12-19,57.2400016784668,47.20000076293945,1252.0999755859375,2.7214999198913574,1.805400013923645,3.7260000705718994,1.386299967765808,14.70199966430664,381.75,28.459999084472656,307.79998779296875,900.0,522.5
2018-12-20,54.349998474121094,45.880001068115234,1263.5999755859375,2.7019999027252197,1.7496999502182007,3.5829999446868896,1.3223999738693237,14.753000259399414,375.25,28.200000762939453,307.70001220703125,893.5,523.5
2018-12-21,53.81999969482422,45.59000015258789,1253.800048828125,2.678499937057495,1.732699990272522,3.815999984741211,1.3183000087738037,14.583000183105469,378.5,27.889999389648438,305.6000061035156,884.75,514.0
2018-12-24,50.470001220703125,42.529998779296875,1267.5,2.6684999465942383,1.6621999740600586,3.4670000076293945,1.2488000392913818,14.701000213623047,377.75,27.739999771118164,307.5,884.0,516.5
2018-12-26,54.470001220703125,46.220001220703125,1269.199951171875,2.7084999084472656,1.7336000204086304,3.5429999828338623,1.330399990081787,15.003999710083008,373.25,27.360000610351562,303.3999938964844,870.0,510.0
2018-12-27,52.15999984741211,44.61000061035156,1277.300048828125,2.6675000190734863,1.6783000230789185,3.6419999599456787,1.3040000200271606,15.190999984741211,374.5,27.309999465942383,303.8999938964844,869.0,510.5
2018-12-28,52.20000076293945,45.33000183105469,1279.9000244140625,2.678999900817871,1.6647000312805176,3.302999973297119,1.326200008392334,15.326000213623047,375.5,27.520000457763672,308.8999938964844,882.75,511.5
2018-12-31,53.79999923706055,45.40999984741211,1278.300048828125,2.628000020980835,1.680799961090088,2.940000057220459,1.323699951171875,15.432999610900879,375.0,27.549999237060547,306.20001220703125,882.5,503.25
2019-01-02,54.90999984741211,46.540000915527344,1281.0,2.625,1.700600028038025,2.9579999446868896,1.325600028038025,15.541999816894531,375.75,27.899999618530273,311.0,894.75,506.75
2019-01-03,55.95000076293945,47.09000015258789,1291.800048828125,2.570499897003174,1.7419999837875366,2.944999933242798,1.3494999408721924,15.706000328063965,379.75,28.18000030517578,312.70001220703125,900.25,513.75
2019-01-04,57.060001373291016,47.959999084472656,1282.699951171875,2.6514999866485596,1.7691999673843384,3.0439999103546143,1.3478000164031982,15.694999694824219,383.0,28.40999984741211,315.1000061035156,909.5,517.0
2019-01-07,57.33000183105469,48.52000045776367,1286.800048828125,2.6410000324249268,1.77839994430542,2.944000005722046,1.3408000469207764,15.668999671936035,382.25,28.260000228881836,318.20001220703125,912.25,516.75
2019-01-08,58.720001220703125,49.779998779296875,1283.199951171875,2.6605000495910645,1.8270000219345093,2.9670000076293945,1.3625999689102173,15.62600040435791,380.0,28.18000030517578,317.6000061035156,906.25,517.75
2019-01-09,61.439998626708984,52.36000061035156,1289.300048828125,2.6619999408721924,1.8808000087738037,2.9839999675750732,1.4254000186920166,15.652999877929688,382.0,28.31999969482422,319.0,911.5,520.0
2019-01-10,61.68000030517578,52.59000015258789,1284.699951171875,2.6435000896453857,1.9061000347137451,2.9690001010894775,1.4306999444961548,15.560999870300293,376.25,27.940000534057617,312.6000061035156,895.5,513.75
2019-01-11,60.47999954223633,51.59000015258789,1287.0999755859375,2.6695001125335693,1.879699945449829,3.0989999771118164,1.4006999731063843,15.57699966430664,378.25,28.170000076293945,310.3999938964844,899.25,519.5
2019-01-14,58.9900016784668,50.5099983215332,1289.0999755859375,2.6454999446868896,1.8524999618530273,3.5910000801086426,1.363800048828125,15.609000205993652,378.5,28.110000610351562,306.8999938964844,890.75,514.25
2019-01-15,60.63999938964844,52.11000061035156,1286.199951171875,2.6505000591278076,1.8722000122070312,3.500999927520752,1.4113999605178833,15.545999526977539,371.25,28.239999771118164,309.29998779296875,893.25,511.0
2019-01-16,61.31999969482422,52.310001373291016,1291.5999755859375,2.69350004196167,1.8946000337600708,3.384000062942505,1.4158999919891357,15.564000129699707,374.0,28.229999542236328,310.1000061035156,894.5,512.5
2019-01-17,61.18000030517578,52.06999969482422,1291.0,2.700000047683716,1.8842999935150146,3.4130001068115234,1.4299999475479126,15.467000007629395,380.0,28.770000457763672,312.20001220703125,907.75,517.75
2019-01-18,62.70000076293945,53.79999923706055,1281.300048828125,2.740999937057495,1.9160000085830688,3.4820001125335693,1.4528000354766846,15.329999923706055,381.75,29.010000228881836,315.1000061035156,916.75,517.75
2019-01-22,61.5,52.56999969482422,1282.5,2.688999891281128,1.9011000394821167,3.0399999618530273,1.4014999866485596,15.258999824523926,379.0,29.059999465942383,313.0,909.25,521.25
2019-01-23,61.13999938964844,52.619998931884766,1283.0999755859375,2.694000005722046,1.8885999917984009,2.9800000190734863,1.385699987411499,15.317000389099121,378.75,29.3799991607666,312.8999938964844,915.0,526.0
2019-01-24,61.09000015258789,53.130001068115234,1279.0999755859375,2.6735000610351562,1.885599970817566,3.0989999771118164,1.3875999450683594,15.23799991607666,377.0,29.510000228881836,312.29998779296875,916.0,521.5
2019-01-25,61.63999938964844,53.689998626708984,1297.4000244140625,2.73799991607666,1.8918999433517456,3.177999973297119,1.3894000053405762,15.638999938964844,380.25,30.030000686645508,313.8999938964844,925.25,520.0
2019-01-28,59.93000030517578,51.9900016784668,1302.4000244140625,2.6875,1.8377000093460083,2.9110000133514404,1.3330999612808228,15.708999633789062,379.75,30.299999237060547,312.20001220703125,923.25,518.75
2019-01-29,61.31999969482422,53.310001373291016,1308.199951171875,2.7320001125335693,1.8975000381469727,2.950000047683716,1.3509000539779663,15.78600025177002,377.25,30.110000610351562,311.79998779296875,919.0,513.25
2019-01-30,61.650001525878906,54.22999954223633,1309.9000244140625,2.7730000019073486,1.8983999490737915,2.8540000915527344,1.3823000192642212,15.880000114440918,381.25,30.420000076293945,311.1000061035156,921.0,516.75
2019-01-31,61.88999938964844,53.790000915527344,1319.699951171875,2.7890000343322754,1.8788000345230103,2.813999891281128,1.3626999855041504,16.02199935913086,376.5,30.170000076293945,310.0,915.25,516.5
2019-02-01,61.869998931884766,55.2599983215332,1316.9000244140625,2.7750000953674316,1.9127000570297241,2.7339999675750732,1.436900019645691,15.880000114440918,378.25,29.889999389648438,311.79998779296875,917.75,524.25
2019-02-04,62.5099983215332,54.560001373291016,1314.300048828125,2.7950000762939453,1.9074000120162964,2.6600000858306885,1.4322999715805054,15.836999893188477,379.25,30.1299991607666,310.6000061035156,918.5,525.75
2019-02-05,61.97999954223633,53.65999984741211,1314.199951171875,2.816999912261963,1.8975000381469727,2.6619999408721924,1.4258999824523926,15.789999961853027,380.75,30.3799991607666,309.5,920.25,527.25
2019-02-06,62.689998626708984,54.0099983215332,1309.5,2.8355000019073486,1.9121999740600586,2.6619999408721924,1.4591000080108643,15.656000137329102,380.0,30.899999618530273,309.0,921.75,526.0
2019-02-07,61.630001068115234,52.63999938964844,1309.4000244140625,2.8285000324249268,1.9005000591278076,2.5510001182556152,1.4257999658584595,15.675000190734863,376.5,30.809999465942383,305.5,913.25,513.25
2019-02-08,62.099998474121094,52.720001220703125,1313.699951171875,2.809999942779541,1.9084999561309814,2.5829999446868896,1.4464000463485718,15.77299976348877,374.25,30.8700008392334,306.1000061035156,914.5,517.25
2019-02-11,61.5099983215332,52.40999984741211,1307.0,2.7915000915527344,1.892199993133545,2.6419999599456787,1.4191999435424805,15.656999588012695,372.75,30.239999771118164,304.8999938964844,905.0,518.25
2019-02-12,62.41999816894531,53.099998474121094,1309.199951171875,2.7744998931884766,1.9071999788284302,2.687999963760376,1.4271999597549438,15.65999984741211,378.25,30.329999923706055,309.20001220703125,917.5,520.0
2019-02-13,63.61000061035156,53.900001525878906,1310.800048828125,2.7739999294281006,1.9387999773025513,2.575000047683716,1.4651000499725342,15.62399959564209,378.75,29.989999771118164,310.1000061035156,916.5,522.25
2019-02-14,64.56999969482422,54.40999984741211,1309.800048828125,2.7760000228881836,1.97160005569458,2.572999954223633,1.5084999799728394,15.5,374.75,29.889999389648438,305.5,903.5,507.0
2019-02-15,66.25,55.59000015258789,1318.0999755859375,2.802500009536743,2.0202999114990234,2.625,1.5729000568389893,15.722999572753906,374.75,29.950000762939453,306.5,907.5,504.25
2019-02-19,66.44999694824219,56.09000015258789,1340.0999755859375,2.881500005722046,1.9946000576019287,2.6619999408721924,1.5637999773025513,15.946999549865723,369.75,29.739999771118164,305.3999938964844,900.75,489.75
2019-02-20,67.08000183105469,56.91999816894531,1343.300048828125,2.930000066757202,2.0183000564575195,2.635999917984009,1.598099946975708,16.156999588012695,370.75,29.959999084472656,305.20001220703125,902.5,480.75
2019-02-21,67.06999969482422,56.959999084472656,1323.5,2.9024999141693115,2.03629994392395,2.697000026702881,1.614400029182434,15.791000366210938,375.5,30.489999771118164,305.8999938964844,911.0,486.5
2019-02-22,67.12000274658203,57.2599983215332,1329.199951171875,2.9609999656677246,2.031100034713745,2.7170000076293945,1.611199975013733,15.907999992370605,375.25,30.510000228881836,305.6000061035156,910.25,486.75
2019-02-25,64.76000213623047,55.47999954223633,1325.9000244140625,2.950000047683716,1.9745999574661255,2.8359999656677246,1.545199990272522,15.824999809265137,370.5,30.360000610351562,305.3999938964844,911.75,466.75
2019-02-26,65.20999908447266,55.5,1325.0999755859375,2.944000005722046,1.9984999895095825,2.8550000190734863,1.586300015449524,15.82699966430664,366.25,30.09000015258789,303.20001220703125,903.75,460.25
2019-02-27,66.38999938964844,56.939998626708984,1317.699951171875,2.9590001106262207,2.0216000080108643,2.7990000247955322,1.6339999437332153,15.67199993133545,363.75,29.799999237060547,305.0,903.5,461.0
2019-02-28,66.02999877929688,57.220001220703125,1312.800048828125,2.950000047683716,2.0234999656677246,2.812000036239624,1.6292999982833862,15.538000106811523,362.0,29.959999084472656,302.29998779296875,897.5,452.5
2019-03-01,65.06999969482422,55.79999923706055,1296.4000244140625,2.933500051498413,2.000999927520752,2.8589999675750732,1.730299949645996,15.168999671936035,364.0,29.950000762939453,303.29998779296875,899.25,454.0
2019-03-04,65.66999816894531,56.59000015258789,1284.800048828125,2.9110000133514404,2.0143001079559326,2.8570001125335693,1.7489999532699585,15.017000198364258,365.0,29.780000686645508,306.29998779296875,903.25,446.75
2019-03-05,65.86000061035156,56.560001373291016,1282.0,2.936000108718872,2.016400098800659,2.884000062942505,1.7674000263214111,15.020000457763672,366.0,29.729999542236328,305.6000061035156,901.25,454.25
2019-03-06,65.98999786376953,56.220001220703125,1284.9000244140625,2.9184999465942383,2.016200065612793,2.8410000801086426,1.7890000343322754,15.003000259399414,362.5,29.510000228881836,301.79998779296875,889.75,440.5
2019-03-07,66.30000305175781,56.65999984741211,1283.800048828125,2.9114999771118164,2.012700080871582,2.865999937057495,1.805400013923645,14.960000038146973,356.0,29.40999984741211,302.0,890.75,431.5
2019-03-08,65.73999786376953,56.06999969482422,1297.0,2.8940000534057617,1.9997999668121338,2.865000009536743,1.8016999959945679,15.272000312805176,354.75,29.389999389648438,299.1000061035156,883.75,432.75
2019-03-11,66.58000183105469,56.790000915527344,1288.800048828125,2.9000000953674316,1.9941999912261963,2.7720000743865967,1.8259999752044678,15.196999549865723,352.5,29.399999618530273,296.70001220703125,877.75,422.25
2019-03-12,66.66999816894531,56.869998931884766,1296.300048828125,2.927500009536743,1.985700011253357,2.7839999198913574,1.815500020980835,15.338000297546387,356.5,29.780000686645508,298.29998779296875,884.75,446.25
2019-03-13,67.55000305175781,58.2599983215332,1307.5,2.933500051498413,1.9921000003814697,2.819999933242798,1.8567999601364136,15.380999565124512,357.25,29.690000534057617,300.20001220703125,889.0,440.25
2019-03-14,67.2300033569336,58.61000061035156,1293.4000244140625,2.8884999752044678,1.9848999977111816,2.8550000190734863,1.8494999408721924,15.10099983215332,361.5,29.399999618530273,301.79998779296875,889.5,448.25
2019-03-15,67.16000366210938,58.52000045776367,1301.800048828125,2.9035000801086426,1.9677000045776367,2.7950000762939453,1.857699990272522,15.253000259399414,373.25,29.43000030517578,310.79998779296875,909.25,462.25
2019-03-18,67.54000091552734,59.09000015258789,1300.300048828125,2.9035000801086426,1.968999981880188,2.8499999046325684,1.8827999830245972,15.25100040435791,371.5,29.440000534057617,309.79998779296875,905.75,456.75
2019-03-19,67.61000061035156,59.029998779296875,1305.0,2.9195001125335693,1.990399956703186,2.874000072479248,1.8931000232696533,15.300999641418457,371.25,29.239999771118164,310.79998779296875,904.0,456.5
2019-03-20,68.5,59.83000183105469,1300.5,2.9154999256134033,2.0081000328063965,2.819999933242798,1.916599988937378,15.244999885559082,371.5,29.270000457763672,311.6000061035156,906.0,464.75
2019-03-21,67.86000061035156,59.97999954223633,1306.0999755859375,2.9000000953674316,1.9871000051498413,2.821000099182129,1.920300006866455,15.371999740600586,376.25,29.100000381469727,315.29998779296875,910.5,466.5
2019-03-22,67.02999877929688,59.040000915527344,1311.5999755859375,2.8359999656677246,1.96589994430542,2.753000020980835,1.9258999824523926,15.345000267028809,378.25,28.65999984741211,315.0,903.75,466.0
2019-03-25,67.20999908447266,58.81999969482422,1321.9000244140625,2.8494999408721924,1.9803999662399292,2.755000114440918,1.9378999471664429,15.506999969482422,379.75,28.81999969482422,315.1000061035156,906.5,469.5
2019-03-26,67.97000122070312,59.939998626708984,1314.300048828125,2.8505001068115234,1.98989999294281,2.740000009536743,1.9557000398635864,15.371000289916992,377.25,28.649999618530273,311.0,900.75,469.25
2019-03-27,67.83000183105469,59.40999984741211,1309.9000244140625,2.8580000400543213,1.9805999994277954,2.7130000591278076,1.8954999446868896,15.23900032043457,373.75,28.81999969482422,304.3999938964844,887.5,469.5
2019-03-28,67.81999969482422,59.29999923706055,1289.800048828125,2.868499994277954,1.972000002861023,2.7119998931884766,1.8798999786376953,14.920999526977539,374.0,28.6299991607666,306.5,889.5,464.5
2019-03-29,68.38999938964844,60.13999938964844,1293.0,2.936000108718872,1.9733999967575073,2.6619999408721924,1.8955999612808228,15.0600004196167,356.5,28.360000610351562,306.5,884.25,457.75
2019-04-01,69.01000213623047,61.59000015258789,1288.4000244140625,2.9205000400543213,1.9881000518798828,2.7079999446868896,1.898900032043457,15.050999641418457,361.75,28.56999969482422,309.3999938964844,895.5,462.75
2019-04-02,69.37000274658203,62.58000183105469,1290.0,2.9040000438690186,2.0088999271392822,2.684000015258789,1.9285000562667847,15.017999649047852,361.5,28.959999084472656,310.6000061035156,900.0,464.0
2019-04-03,69.30999755859375,62.459999084472656,1289.9000244140625,2.946500062942505,2.0067999362945557,2.677000045776367,1.951200008392334,15.059000015258789,362.75,28.799999237060547,311.0,898.75,471.0
2019-04-04,69.4000015258789,62.099998474121094,1289.0,2.9084999561309814,2.013400077819824,2.6429998874664307,1.9399000406265259,15.041000366210938,365.25,29.200000762939453,311.8999938964844,906.5,470.75
2019-04-05,70.33999633789062,63.08000183105469,1290.4000244140625,2.8924999237060547,2.0423998832702637,2.6640000343322754,1.9687000513076782,15.043000221252441,362.5,29.149999618530273,308.0,899.0,467.75
2019-04-08,71.0999984741211,64.4000015258789,1297.0999755859375,2.929500102996826,2.0571000576019287,2.7079999446868896,1.9880000352859497,15.17300033569336,360.0,28.8799991607666,309.20001220703125,898.75,465.25
2019-04-09,70.61000061035156,63.97999954223633,1303.5,2.93149995803833,2.0448999404907227,2.6989998817443848,1.9989999532699585,15.168000221252441,360.0,29.040000915527344,309.1000061035156,898.75,459.5
2019-04-10,71.7300033569336,64.61000061035156,1309.0999755859375,2.922499895095825,2.087599992752075,2.700000047683716,2.069200038909912,15.201000213623047,361.75,29.06999969482422,310.1000061035156,902.0,458.0
2019-04-11,70.83000183105469,63.58000183105469,1288.5999755859375,2.885999917984009,2.067199945449829,2.6640000343322754,2.030900001525879,14.824000358581543,360.0,28.979999542236328,307.20001220703125,895.25,460.5
2019-04-12,71.55000305175781,63.88999938964844,1290.5999755859375,2.946000099182129,2.07069993019104,2.6600000858306885,2.0369999408721924,14.920000076293945,361.0,28.950000762939453,307.8999938964844,895.25,464.5
2019-04-15,71.18000030517578,63.400001525878906,1286.800048828125,2.934000015258789,2.061000108718872,2.5899999141693115,2.0118000507354736,14.947999954223633,362.75,28.809999465942383,311.0,898.75,459.5
2019-04-16,71.72000122070312,64.05000305175781,1272.5999755859375,2.930500030517578,2.082200050354004,2.572000026702881,2.0316998958587646,14.890999794006348,359.0,28.719999313354492,306.5,888.0,445.0
2019-04-17,71.62000274658203,63.7599983215332,1272.199951171875,2.9755001068115234,2.069200038909912,2.5169999599456787,2.041800022125244,14.920999526977539,358.25,28.459999084472656,303.8999938964844,879.0,447.0
2019-04-18,71.97000122070312,64.0,1271.9000244140625,2.927500009536743,2.0708999633789062,2.490000009536743,2.072200059890747,14.937000274658203,358.5,28.799999237060547,303.20001220703125,880.5,444.25
2019-04-22,74.04000091552734,65.69999694824219,1273.5,2.9065001010894775,2.1040000915527344,2.5239999294281006,2.1298000812530518,14.956999778747559,354.75,28.700000762939453,302.5,877.0,435.75
2019-04-23,74.51000213623047,66.30000305175781,1269.300048828125,2.8984999656677246,2.118000030517578,2.4549999237060547,2.1315999031066895,14.77299976348877,351.25,28.059999465942383,301.0,862.0,438.75
2019-04-24,74.56999969482422,65.88999938964844,1275.5,2.9175000190734863,2.0987000465393066,2.4619998931884766,2.128499984741211,14.89799976348877,346.75,27.920000076293945,300.3999938964844,855.25,432.25
2019-04-25,74.3499984741211,65.20999908447266,1275.800048828125,2.877500057220459,2.098099946975708,2.5139999389648438,2.1321001052856445,14.861000061035156,347.5,27.639999389648438,306.0,859.25,434.75
2019-04-26,72.1500015258789,63.29999923706055,1284.9000244140625,2.9700000286102295,2.0511999130249023,2.565999984741211,2.100600004196167,15.001999855041504,351.25,27.520000457763672,299.8999938964844,853.75,435.0
2019-04-29,72.04000091552734,63.5,1278.5999755859375,2.8949999809265137,2.0548999309539795,2.5929999351501465,2.0827999114990234,14.843999862670898,352.0,27.8799991607666,297.20001220703125,847.5,426.75
2019-04-30,72.80000305175781,63.90999984741211,1282.800048828125,2.9014999866485596,2.081199884414673,2.575000047683716,2.123199939727783,14.899999618530273,353.25,27.579999923706055,296.0,841.25,418.5
2019-05-01,72.18000030517578,63.599998474121094,1281.4000244140625,2.802999973297119,2.0941998958587646,2.619999885559082,2.064199924468994,14.645000457763672,360.0,27.3799991607666,296.0,839.5,425.0
2019-05-02,70.75,61.810001373291016,1269.699951171875,2.7839999198913574,2.0778000354766846,2.5889999866485596,2.0183000564575195,14.539999961853027,362.0,27.229999542236328,292.3999938964844,830.5,433.25
2019-05-03,70.8499984741211,61.939998626708984,1279.199951171875,2.825000047683716,2.070199966430664,2.566999912261963,2.0264999866485596,14.906999588012695,363.0,27.06999969482422,293.6000061035156,829.5,428.0
2019-05-06,71.23999786376953,62.25,1281.699951171875,2.8369998931884766,2.0676000118255615,2.5239999294281006,1.9966000318527222,14.857000350952148,355.75,26.84000015258789,291.79998779296875,817.5,428.0
2019-05-07,69.87999725341797,61.400001525878906,1283.5,2.7939999103546143,2.037600040435791,2.5369999408721924,1.948699951171875,14.859999656677246,358.0,26.809999465942383,288.3999938964844,817.75,430.5
2019-05-08,70.37000274658203,62.119998931884766,1279.4000244140625,2.7855000495910645,2.0562000274658203,2.609999895095825,1.975000023841858,14.791999816894531,355.25,26.709999084472656,288.70001220703125,814.25,431.25
2019-05-09,70.38999938964844,61.70000076293945,1283.5,2.7834999561309814,2.043600082397461,2.5950000286102295,1.9753999710083008,14.706999778747559,344.5,26.34000015258789,285.29998779296875,800.25,421.75
2019-05-10,70.62000274658203,61.65999984741211,1285.699951171875,2.7850000858306885,2.0504000186920166,2.61899995803833,1.9890999794006348,14.72599983215332,342.5,26.5,284.1000061035156,797.0,419.0
2019-05-13,70.2300033569336,61.040000915527344,1300.0999755859375,2.7295000553131104,2.0383999347686768,2.621000051498413,1.9637000560760498,14.713000297546387,347.5,26.350000381469727,284.0,791.0,431.25
2019-05-14,71.23999786376953,61.779998779296875,1294.699951171875,2.734499931335449,2.0589001178741455,2.6589999198913574,1.976699948310852,14.751999855041504,360.5,26.729999542236328,294.0,817.75,439.25
2019-05-15,71.7699966430664,62.02000045776367,1296.300048828125,2.753499984741211,2.0862998962402344,2.6010000705718994,2.012700080871582,14.751999855041504,369.5,27.239999771118164,299.79998779296875,835.5,448.75
2019-05-16,72.62000274658203,62.869998931884766,1285.0,2.758500099182129,2.123199939727783,2.6389999389648438,2.061800003051758,14.479000091552734,379.0,27.719999313354492,301.8999938964844,839.75,467.0
2019-05-17,72.20999908447266,62.7599983215332,1274.5,2.747999906539917,2.0954999923706055,2.63100004196167,2.047300100326538,14.347999572753906,383.25,27.219999313354492,294.29998779296875,821.75,465.0
2019-05-20,71.97000122070312,63.099998474121094,1276.0999755859375,2.7360000610351562,2.0736000537872314,2.6730000972747803,2.0099000930786133,14.409000396728516,389.0,27.5,297.29998779296875,831.75,478.25
2019-05-21,72.18000030517578,62.9900016784668,1272.0,2.7235000133514404,2.079400062561035,2.61299991607666,2.0192999839782715,14.373000144958496,394.25,27.139999389648438,295.29998779296875,822.0,478.75
2019-05-22,70.98999786376953,61.41999816894531,1273.5999755859375,2.686000108718872,2.049099922180176,2.5429999828338623,1.9911999702453613,14.413999557495117,394.5,27.309999465942383,298.29998779296875,828.5,472.75
2019-05-23,67.76000213623047,57.90999984741211,1284.800048828125,2.686500072479248,1.962399959564209,2.578000068664551,1.9133000373840332,14.57699966430664,389.75,26.780000686645508,297.20001220703125,821.5,470.25
2019-05-24,68.69000244140625,58.630001068115234,1283.0,2.7065000534057617,1.9713000059127808,2.5980000495910645,1.934499979019165,14.520000457763672,404.25,27.010000228881836,300.5,829.75,489.5
2019-05-28,70.11000061035156,59.13999938964844,1276.5,2.7035000324249268,1.9924999475479126,2.5820000171661377,1.9566999673843384,14.281000137329102,420.25,27.290000915527344,312.79998779296875,856.0,504.75
2019-05-29,69.44999694824219,58.810001373291016,1280.5999755859375,2.672499895095825,1.9674999713897705,2.632999897003174,1.945199966430664,14.371999740600586,418.75,27.729999542236328,319.0,872.0,490.5
2019-05-30,66.87000274658203,56.59000015258789,1287.0999755859375,2.6605000495910645,1.9149999618530273,2.546999931335449,1.878600001335144,14.460000038146973,436.25,27.780000686645508,327.3999938964844,889.0,514.5
2019-05-31,64.48999786376953,53.5,1305.800048828125,2.6459999084472656,1.8417999744415283,2.4539999961853027,1.8020000457763672,14.529999732971191,427.0,27.59000015258789,321.29998779296875,877.75,503.0
2019-06-03,61.279998779296875,53.25,1322.699951171875,2.6554999351501465,1.80649995803833,2.4030001163482666,1.7412999868392944,14.70300006866455,424.25,27.34000015258789,320.5,879.0,519.75
2019-06-04,61.970001220703125,53.47999954223633,1323.4000244140625,2.6735000610351562,1.8214999437332153,2.4159998893737793,1.7242000102996826,14.732000350952148,425.25,27.489999771118164,321.0,881.75,507.25
2019-06-05,60.630001068115234,51.68000030517578,1328.300048828125,2.627000093460083,1.7799999713897705,2.378000020980835,1.6928000450134277,14.753999710083008,414.75,27.219999313354492,317.70001220703125,869.75,490.75
2019-06-06,61.66999816894531,52.59000015258789,1337.5999755859375,2.6540000438690186,1.7883000373840332,2.3239998817443848,1.7075999975204468,14.868000030517578,420.5,27.760000228881836,315.8999938964844,868.75,510.0
2019-06-07,63.290000915527344,53.9900016784668,1341.199951171875,2.630500078201294,1.8248000144958496,2.3369998931884766,1.7388999462127686,14.994000434875488,415.75,27.3799991607666,312.29998779296875,856.25,504.5
2019-06-10,62.290000915527344,53.2599983215332,1324.699951171875,2.6640000343322754,1.8063000440597534,2.3570001125335693,1.730299949645996,14.604999542236328,415.75,27.3799991607666,313.3999938964844,858.5,507.5
2019-06-11,62.290000915527344,53.27000045776367,1326.4000244140625,2.67549991607666,1.822100043296814,2.3989999294281006,1.7562999725341797,14.706000328063965,427.75,27.219999313354492,314.3999938964844,859.25,518.0
2019-06-12,59.970001220703125,51.13999938964844,1331.9000244140625,2.6589999198913574,1.7798999547958374,2.385999917984009,1.6861000061035156,14.722000122070312,430.0,27.559999465942383,319.5,878.0,526.25
2019-06-13,61.310001373291016,52.279998779296875,1339.199951171875,2.6610000133514404,1.8065999746322632,2.325000047683716,1.7199000120162964,14.871000289916992,442.0,28.020000457763672,321.70001220703125,888.0,535.5
2019-06-14,62.0099983215332,52.5099983215332,1340.0999755859375,2.634500026702881,1.8293999433517456,2.38700008392334,1.7324999570846558,14.781999588012695,453.0,27.610000610351562,323.5,896.75,538.5
2019-06-17,60.939998626708984,51.93000030517578,1338.699951171875,2.6510000228881836,1.7994999885559082,2.385999917984009,1.6907999515533447,14.814000129699707,454.75,28.139999389648438,324.29998779296875,912.75,539.5
2019-06-18,62.13999938964844,53.900001525878906,1346.5999755859375,2.7070000171661377,1.8278000354766846,2.328000068664551,1.7214000225067139,14.979999542236328,449.75,28.329999923706055,322.0,913.5,531.5
2019-06-19,61.81999969482422,53.7599983215332,1344.5999755859375,2.684499979019165,1.8293999433517456,2.2760000228881836,1.7354999780654907,14.944999694824219,441.0,28.3700008392334,316.8999938964844,903.25,522.25
2019-06-20,64.44999694824219,56.650001525878906,1392.9000244140625,2.7155001163482666,1.8842999935150146,2.184999942779541,1.7862999439239502,15.468999862670898,450.0,28.59000015258789,323.0,915.5,526.5
2019-06-21,65.19999694824219,57.43000030517578,1396.199951171875,2.7060000896453857,1.9157999753952026,2.186000108718872,1.8560999631881714,15.27299976348877,442.25,28.440000534057617,315.6000061035156,902.75,526.0
2019-06-24,64.86000061035156,57.900001525878906,1414.300048828125,2.7054998874664307,1.9089000225067139,2.302999973297119,1.8549000024795532,15.368000030517578,446.75,28.350000381469727,317.6000061035156,909.0,538.0
2019-06-25,65.05000305175781,57.83000183105469,1414.9000244140625,2.7355000972747803,1.9234000444412231,2.308000087738037,1.8772000074386597,15.291000366210938,447.5,28.0,315.70001220703125,903.5,535.75
2019-06-26,66.48999786376953,59.380001068115234,1411.5999755859375,2.7109999656677246,1.9713000059127808,2.2909998893737793,1.9703999757766724,15.282999992370605,443.25,27.809999465942383,313.3999938964844,894.25,543.75
2019-06-27,66.55000305175781,59.43000030517578,1408.4000244140625,2.7125000953674316,1.9524999856948853,2.3239998817443848,1.9465999603271484,15.204999923706055,440.0,27.809999465942383,312.20001220703125,887.75,547.5
2019-06-28,66.55000305175781,58.470001220703125,1409.699951171875,2.7054998874664307,1.944599986076355,2.308000087738037,1.9424999952316284,15.253000259399414,420.25,28.239999771118164,313.1000061035156,899.75,528.0
2019-07-01,65.05999755859375,59.09000015258789,1385.5999755859375,2.679500102996826,1.9537999629974365,2.2669999599456787,1.9305000305175781,15.105999946594238,412.0,27.979999542236328,304.79998779296875,885.5,514.0
2019-07-02,62.400001525878906,56.25,1404.5999755859375,2.6575000286102295,1.886299967765808,2.240000009536743,1.870300054550171,15.154000282287598,413.5,27.65999984741211,303.5,876.25,503.5
2019-07-03,63.81999969482422,57.34000015258789,1417.699951171875,2.679500102996826,1.8986999988555908,2.2899999618530273,1.916700005531311,15.251999855041504,433.0,28.020000457763672,306.0,885.25,518.0
2019-07-05,64.2300033569336,57.5099983215332,1396.699951171875,2.6584999561309814,1.9049999713897705,2.4179999828338623,1.9294999837875366,14.918000221252441,434.0,27.440000534057617,303.79998779296875,872.25,519.25
2019-07-08,64.11000061035156,57.65999984741211,1397.0,2.6559998989105225,1.895300030708313,2.4030001163482666,1.9012999534606934,14.972000122070312,438.5,27.860000610351562,304.20001220703125,875.25,516.75
2019-07-09,64.16000366210938,57.83000183105469,1397.5,2.624500036239624,1.910599946975708,2.424999952316284,1.926900029182434,15.067999839782715,431.75,27.8799991607666,307.8999938964844,882.75,509.75
2019-07-10,67.01000213623047,60.43000030517578,1410.0999755859375,2.693000078201294,1.9910000562667847,2.444000005722046,2.005199909210205,15.147000312805176,434.25,27.969999313354492,309.1000061035156,893.0,511.75
2019-07-11,66.5199966430664,60.20000076293945,1404.300048828125,2.682499885559082,1.978600025177002,2.4159998893737793,1.9895000457763672,15.067000389099121,447.75,28.06999969482422,311.6000061035156,896.25,536.25
2019-07-12,66.72000122070312,60.209999084472656,1409.9000244140625,2.691499948501587,1.9801000356674194,2.453000068664551,1.9769999980926514,15.16100025177002,449.5,28.110000610351562,313.29998779296875,906.75,536.25
2019-07-15,66.4800033569336,59.58000183105469,1411.4000244140625,2.7074999809265137,1.9515999555587769,2.4079999923706055,1.930299997329712,15.289999961853027,441.0,28.280000686645508,311.6000061035156,901.75,507.75
2019-07-16,64.3499984741211,57.619998931884766,1409.199951171875,2.69350004196167,1.9048999547958374,2.305999994277954,1.891800045967102,15.600000381469727,435.25,27.989999771118164,308.3999938964844,887.75,507.5
2019-07-17,63.65999984741211,56.779998779296875,1421.300048828125,2.7100000381469727,1.8926000595092773,2.303999900817871,1.8787000179290771,15.892999649047852,436.0,27.68000030517578,307.5,882.5,505.5
2019-07-18,61.93000030517578,55.29999923706055,1426.0999755859375,2.7039999961853027,1.8624999523162842,2.2869999408721924,1.8342000246047974,16.1200008392334,424.5,27.639999389648438,307.0,881.25,493.5
2019-07-19,62.470001220703125,55.630001068115234,1425.0999755859375,2.744499921798706,1.8896000385284424,2.250999927520752,1.840499997138977,16.117000579833984,430.75,28.100000381469727,311.20001220703125,901.5,502.5
2019-07-22,63.2599983215332,56.220001220703125,1425.300048828125,2.7144999504089355,1.8995000123977661,2.312000036239624,1.8279000520706177,16.34000015258789,422.25,27.729999542236328,308.3999938964844,888.25,487.25
2019-07-23,63.83000183105469,56.77000045776367,1420.0999755859375,2.694000005722046,1.9217000007629395,2.299999952316284,1.8604999780654907,16.405000686645508,425.5,28.010000228881836,306.3999938964844,885.75,487.25
2019-07-24,63.18000030517578,55.880001068115234,1422.800048828125,2.7039999961853027,1.9086999893188477,2.2200000286102295,1.8551000356674194,16.554000854492188,424.0,28.299999237060547,306.29998779296875,891.0,497.75
2019-07-25,63.38999938964844,56.02000045776367,1413.9000244140625,2.695499897003174,1.9142999649047852,2.24399995803833,1.8803000450134277,16.339000701904297,418.5,28.270000457763672,303.8999938964844,882.5,499.5
2019-07-26,63.459999084472656,56.20000076293945,1418.5,2.676500082015991,1.9043999910354614,2.1689999103546143,1.874400019645691,16.325000762939453,414.5,28.469999313354492,303.1000061035156,883.25,496.0
2019-07-29,63.709999084472656,56.869998931884766,1419.5999755859375,2.7095000743865967,1.910599946975708,2.1410000324249268,1.8633999824523926,16.368000030517578,417.0,28.43000030517578,304.20001220703125,885.75,503.5
2019-07-30,64.72000122070312,58.04999923706055,1429.699951171875,2.6705000400543213,1.944000005722046,2.13700008392334,1.8969000577926636,16.4950008392334,411.25,28.309999465942383,300.29998779296875,878.75,497.25
2019-07-31,65.16999816894531,58.58000183105469,1426.0999755859375,2.6579999923706055,1.9550000429153442,2.2330000400543213,1.9019999504089355,16.34600067138672,400.25,27.75,298.20001220703125,864.0,487.25
2019-08-01,60.5,53.95000076293945,1420.9000244140625,2.6600000858306885,1.8529000282287598,2.2019999027252197,1.749899983406067,16.121000289916992,392.75,27.68000030517578,293.20001220703125,847.0,475.75
2019-08-02,61.88999938964844,55.65999984741211,1445.5999755859375,2.565000057220459,1.8902000188827515,2.121000051498413,1.781499981880188,16.222000122070312,399.5,28.190000534057617,292.3999938964844,850.25,490.75
2019-08-05,59.810001373291016,54.689998626708984,1464.5999755859375,2.5369999408721924,1.8356000185012817,2.069999933242798,1.718000054359436,16.344999313354492,405.25,27.760000228881836,294.8999938964844,850.25,494.5
2019-08-06,58.939998626708984,53.630001068115234,1472.4000244140625,2.5510001182556152,1.8240000009536743,2.1110000610351562,1.6872999668121338,16.405000686645508,404.0,27.479999542236328,295.1000061035156,847.75,484.0
2019-08-07,56.22999954223633,51.09000015258789,1507.300048828125,2.565000057220459,1.7532000541687012,2.0829999446868896,1.620300054550171,17.1560001373291,406.5,27.959999084472656,293.0,848.75,488.25
2019-08-08,57.380001068115234,52.540000915527344,1497.699951171875,2.6019999980926514,1.7766000032424927,2.128000020980835,1.6456999778747559,16.900999069213867,411.0,28.959999084472656,294.79998779296875,865.0,498.5
2019-08-09,58.529998779296875,54.5,1496.5999755859375,2.5840001106262207,1.8079999685287476,2.11899995803833,1.6740000247955322,16.89699935913086,410.25,29.510000228881836,296.70001220703125,873.75,499.5
2019-08-12,58.56999969482422,54.93000030517578,1505.300048828125,2.5799999237060547,1.805799961090088,2.1050000190734863,1.6651999950408936,17.038999557495117,385.25,29.639999389648438,291.8999938964844,861.5,471.75
2019-08-13,61.29999923706055,57.099998474121094,1502.199951171875,2.624500036239624,1.8773000240325928,2.1470000743865967,1.7364000082015991,16.95599937438965,366.0,29.170000076293945,297.79998779296875,872.0,472.0
2019-08-14,59.47999954223633,55.22999954223633,1515.9000244140625,2.5864999294281006,1.8437000513076782,2.1429998874664307,1.6757999658584595,17.253000259399414,359.0,29.100000381469727,293.0,861.0,473.75
2019-08-15,58.22999954223633,54.470001220703125,1519.5999755859375,2.5894999504089355,1.8107000589370728,2.2320001125335693,1.6363999843597412,17.187999725341797,360.75,29.06999969482422,291.79998779296875,858.0,469.0
2019-08-16,58.63999938964844,54.869998931884766,1512.5,2.5899999141693115,1.8128000497817993,2.200000047683716,1.6568000316619873,17.09600067138672,371.0,29.1299991607666,294.8999938964844,867.25,470.75
2019-08-19,59.7400016784668,56.209999084472656,1500.4000244140625,2.5969998836517334,1.8330999612808228,2.2100000381469727,1.6643999814987183,16.913999557495117,365.0,28.68000030517578,292.0,854.0,465.5
2019-08-20,60.029998779296875,56.34000015258789,1504.5999755859375,2.5739998817443848,1.8543000221252441,2.2179999351501465,1.6811000108718872,17.121999740600586,359.5,28.43000030517578,294.0,855.75,460.0
2019-08-21,60.29999923706055,55.68000030517578,1504.5999755859375,2.5815000534057617,1.857300043106079,2.1700000762939453,1.6937999725341797,17.125,362.5,28.739999771118164,294.70001220703125,860.5,462.5
2019-08-22,59.91999816894531,55.349998474121094,1497.300048828125,2.553499937057495,1.8413000106811523,2.1589999198913574,1.6675000190734863,17.013999938964844,363.25,28.540000915527344,293.70001220703125,856.0,467.25
2019-08-23,59.34000015258789,54.16999816894531,1526.5999755859375,2.5260000228881836,1.815600037574768,2.1519999504089355,1.642799973487854,17.395000457763672,359.75,28.34000015258789,289.8999938964844,843.25,475.25
2019-08-26,58.70000076293945,53.63999938964844,1526.300048828125,2.5399999618530273,1.7924000024795532,2.2300000190734863,1.6165000200271606,17.624000549316406,358.5,28.329999923706055,293.0,853.75,473.0
2019-08-27,59.5099983215332,54.93000030517578,1541.0,2.5434999465942383,1.8158999681472778,2.2019999027252197,1.649899959564209,18.138999938964844,357.0,28.010000228881836,291.5,846.25,473.75
2019-08-28,60.4900016784668,55.779998779296875,1537.800048828125,2.5510001182556152,1.8509999513626099,2.250999927520752,1.6823999881744385,18.304000854492188,362.75,28.110000610351562,294.0,852.75,472.25
2019-08-29,61.08000183105469,56.709999084472656,1526.5,2.559499979019165,1.8639999628067017,2.2960000038146973,1.6847000122070312,18.16699981689453,359.75,28.3700008392334,292.0,856.25,469.75
2019-08-30,60.43000030517578,55.099998474121094,1519.0999755859375,2.5329999923706055,1.8281999826431274,2.2850000858306885,1.6133999824523926,18.184999465942383,358.0,28.639999389648438,289.29998779296875,857.0,451.25
2019-09-03,58.2599983215332,53.939998626708984,1545.9000244140625,2.512500047683716,1.8033000230789185,2.3580000400543213,1.4704999923706055,19.07900047302246,349.75,28.8700008392334,288.0,856.5,447.25
2019-09-04,60.70000076293945,56.2599983215332,1550.300048828125,2.5789999961853027,1.8802000284194946,2.444999933242798,1.5328999757766724,19.391000747680664,346.0,28.790000915527344,292.20001220703125,862.5,456.25
2019-09-05,60.95000076293945,56.29999923706055,1515.4000244140625,2.624500036239624,1.8884999752044678,2.434999942779541,1.5460000038146973,18.6560001373291,346.5,28.469999313354492,288.70001220703125,849.75,464.0
2019-09-06,61.540000915527344,56.52000045776367,1506.199951171875,2.615499973297119,1.9003000259399414,2.496000051498413,1.5742000341415405,17.968000411987305,342.5,28.479999542236328,287.20001220703125,845.0,460.25
2019-09-09,62.59000015258789,57.849998474121094,1502.199951171875,2.6105000972747803,1.9277000427246094,2.5850000381469727,1.5845999717712402,18.018999099731445,340.75,28.260000228881836,288.5,845.0,474.5
2019-09-10,62.380001068115234,57.400001525878906,1490.300048828125,2.6105000972747803,1.9312000274658203,2.5799999237060547,1.5908000469207764,18.041000366210938,348.5,28.3799991607666,292.8999938964844,859.25,484.5
2019-09-11,60.810001373291016,55.75,1494.4000244140625,2.5975000858306885,1.9032000303268433,2.552000045776367,1.5699000358581543,18.0310001373291,348.25,28.729999542236328,289.6000061035156,854.0,477.5
2019-09-12,60.380001068115234,55.09000015258789,1498.699951171875,2.623500108718872,1.88510000705719,2.5739998817443848,1.5529999732971191,18.041000366210938,354.5,29.020000457763672,296.1000061035156,883.0,485.75
2019-09-13,60.220001220703125,54.849998474121094,1490.9000244140625,2.680999994277954,1.8777999877929688,2.614000082015991,1.5530999898910522,17.43600082397461,355.5,28.940000534057617,298.20001220703125,884.75,485.75
2019-09-16,69.0199966430664,62.900001525878906,1503.0999755859375,2.621000051498413,2.0838000774383545,2.680999994277954,1.7524000406265259,17.900999069213867,374.0,30.139999389648438,295.20001220703125,900.0,488.75
2019-09-17,64.55000305175781,59.34000015258789,1505.0999755859375,2.609499931335449,1.9895999431610107,2.6679999828338623,1.6750999689102173,18.016000747680664,368.0,29.850000381469727,294.1000061035156,893.75,484.25
2019-09-18,63.599998474121094,58.11000061035156,1507.5,2.5954999923706055,1.9732999801635742,2.63700008392334,1.6576999425888062,17.795000076293945,371.25,29.8700008392334,291.6000061035156,888.75,489.5
2019-09-19,64.4000015258789,58.130001068115234,1498.4000244140625,2.5910000801086426,2.0048999786376953,2.5380001068115234,1.700700044631958,17.773000717163086,372.75,29.809999465942383,292.20001220703125,893.0,488.0
2019-09-20,64.27999877929688,58.09000015258789,1507.300048828125,2.5899999141693115,1.986299991607666,2.5339999198913574,1.6784000396728516,17.738000869750977,370.75,29.280000686645508,291.1000061035156,882.75,484.25
2019-09-23,64.7699966430664,58.63999938964844,1523.699951171875,2.5945000648498535,1.996999979019165,2.5269999504089355,1.6837999820709229,18.600000381469727,373.25,29.190000534057617,294.5,892.5,483.0
2019-09-24,63.099998474121094,57.290000915527344,1532.0999755859375,2.5894999504089355,1.9675999879837036,2.503000020980835,1.6542999744415283,18.517000198364258,374.75,29.200000762939453,295.3999938964844,894.25,481.75
2019-09-25,62.38999938964844,56.4900016784668,1504.5999755859375,2.5950000286102295,1.9538999795913696,2.502000093460083,1.6252000331878662,17.961999893188477,374.25,29.040000915527344,293.20001220703125,889.25,477.25
2019-09-26,62.7400016784668,56.40999984741211,1507.5,2.559999942779541,1.9551000595092773,2.427999973297119,1.6612000465393066,17.801000595092773,372.5,29.010000228881836,290.79998779296875,888.5,484.25
2019-09-27,61.90999984741211,55.90999984741211,1499.0999755859375,2.5829999446868896,1.94159996509552,2.4040000438690186,1.6513999700546265,17.552000045776367,371.5,28.6200008392334,289.8999938964844,883.0,487.25
2019-09-30,60.779998779296875,54.06999969482422,1465.699951171875,2.564500093460083,1.9055999517440796,2.3299999237060547,1.6049000024795532,16.898000717163086,388.0,28.989999771118164,295.8999938964844,906.0,495.75
2019-10-01,58.88999938964844,53.619998931884766,1482.0,2.552000045776367,1.8984999656677246,2.2829999923706055,1.573699951171875,17.20199966430664,392.5,28.829999923706055,304.1000061035156,919.5,498.75
2019-10-02,57.689998626708984,52.63999938964844,1501.0,2.561500072479248,1.8730000257492065,2.246999979019165,1.5455000400543213,17.591999053955078,387.75,29.059999465942383,300.29998779296875,913.75,489.0
2019-10-03,57.709999084472656,52.45000076293945,1507.0999755859375,2.5455000400543213,1.8760000467300415,2.3289999961853027,1.555899977684021,17.584999084472656,388.75,29.799999237060547,298.0,911.75,488.75
2019-10-04,58.369998931884766,52.810001373291016,1506.199951171875,2.555500030517578,1.8945000171661377,2.3519999980926514,1.5734000205993652,17.540000915527344,384.75,29.790000915527344,298.79998779296875,916.25,490.5
2019-10-07,58.349998474121094,52.75,1497.699951171875,2.572000026702881,1.9033000469207764,2.302999973297119,1.5693999528884888,17.457000732421875,387.0,30.010000228881836,297.3999938964844,915.25,489.25
2019-10-08,58.2400016784668,52.630001068115234,1497.199951171875,2.563499927520752,1.910099983215332,2.2880001068115234,1.580899953842163,17.617000579833984,395.75,29.770000457763672,302.29998779296875,920.5,500.25
2019-10-09,58.31999969482422,52.59000015258789,1506.0999755859375,2.562000036239624,1.9192999601364136,2.2339999675750732,1.5871000289916992,17.72800064086914,394.25,29.6299991607666,305.3999938964844,923.75,500.25
2019-10-10,59.099998474121094,53.54999923706055,1494.800048828125,2.6050000190734863,1.920799970626831,2.2179999351501465,1.6232999563217163,17.520000457763672,380.25,29.700000762939453,304.1000061035156,923.5,493.0
2019-10-11,60.5099983215332,54.70000076293945,1482.699951171875,2.618499994277954,1.9575999975204468,2.2139999866485596,1.638800024986267,17.461999893188477,397.75,29.829999923706055,306.8999938964844,936.0,508.0
2019-10-14,59.349998474121094,53.59000015258789,1491.699951171875,2.623500108718872,1.9150999784469604,2.2799999713897705,1.6131999492645264,17.634000778198242,397.75,29.899999618530273,306.0,940.5,511.0
2019-10-15,58.7400016784668,52.810001373291016,1477.5999755859375,2.6040000915527344,1.909999966621399,2.3389999866485596,1.614400029182434,17.308000564575195,393.25,30.389999389648438,307.79998779296875,934.0,507.0
2019-10-16,59.41999816894531,53.36000061035156,1488.0,2.5794999599456787,1.9426000118255615,2.302999973297119,1.6247999668121338,17.35099983215332,391.75,30.399999618530273,304.79998779296875,928.0,513.25
2019-10-17,59.90999984741211,53.93000030517578,1492.300048828125,2.5869998931884766,1.948099970817566,2.318000078201294,1.622499942779541,17.535999298095703,394.75,30.389999389648438,306.79998779296875,931.5,525.5
2019-10-18,59.41999816894531,53.779998779296875,1488.199951171875,2.625,1.947100043296814,2.319999933242798,1.6230000257492065,17.50200080871582,391.0,30.360000610351562,308.5,934.0,532.25
2019-10-21,58.959999084472656,53.310001373291016,1482.4000244140625,2.634999990463257,1.940600037574768,2.23799991607666,1.607200026512146,17.525999069213867,387.25,30.479999542236328,307.70001220703125,933.25,523.5
2019-10-22,59.70000076293945,54.15999984741211,1481.699951171875,2.621999979019165,1.9436999559402466,2.2720000743865967,1.6088999509811401,17.437000274658203,388.0,30.850000381469727,306.8999938964844,934.0,518.0
2019-10-23,61.16999816894531,55.970001220703125,1489.9000244140625,2.6624999046325684,1.9643000364303589,2.2820000648498535,1.651900053024292,17.517000198364258,387.75,30.579999923706055,308.6000061035156,933.75,520.75
2019-10-24,61.66999816894531,56.22999954223633,1498.9000244140625,2.6589999198913574,1.986299991607666,2.315999984741211,1.6632000207901,17.73900032043457,386.75,31.34000015258789,305.6000061035156,933.25,516.0
2019-10-25,62.02000045776367,56.65999984741211,1499.5,2.6665000915527344,1.979599952697754,2.299999952316284,1.6729999780654907,17.861000061035156,386.75,30.959999084472656,303.29998779296875,920.25,517.75
2019-10-28,61.56999969482422,55.810001373291016,1490.0,2.672499895095825,1.9617999792099,2.446000099182129,1.6727999448776245,17.81599998474121,384.0,30.780000686645508,304.0,920.75,511.75
2019-10-29,61.59000015258789,55.540000915527344,1487.0,2.682499885559082,1.9563000202178955,2.5969998836517334,1.6857000589370728,17.770999908447266,386.25,31.0,303.0,918.25,511.5
2019-10-30,60.61000061035156,55.060001373291016,1493.199951171875,2.680500030517578,1.913599967956543,2.690999984741211,1.6644999980926514,17.815000534057617,390.75,30.979999542236328,302.20001220703125,916.0,509.25
2019-10-31,60.22999954223633,54.18000030517578,1511.4000244140625,2.632999897003174,1.878000020980835,2.632999897003174,1.6311999559402466,18.013999938964844,390.0,30.75,304.3999938964844,916.75,508.75
2019-11-01,61.689998626708984,56.20000076293945,1508.0,2.6510000228881836,1.9330999851226807,2.7139999866485596,1.6556999683380127,18.003999710083008,389.25,31.030000686645508,303.8999938964844,924.25,516.0
2019-11-04,62.130001068115234,56.540000915527344,1508.0,2.6670000553131104,1.940500020980835,2.821000099182129,1.663699984550476,18.013999938964844,383.25,31.8700008392334,302.3999938964844,925.75,509.75
2019-11-05,62.959999084472656,57.22999954223633,1480.800048828125,2.694999933242798,1.9565999507904053,2.861999988555908,1.6746000051498413,17.516000747680664,381.75,31.56999969482422,302.70001220703125,921.75,515.25
2019-11-06,61.7400016784668,56.349998474121094,1490.199951171875,2.6610000133514404,1.9278000593185425,2.828000068664551,1.6261999607086182,17.558000564575195,378.75,31.75,298.8999938964844,915.0,516.75
2019-11-07,62.290000915527344,57.150001525878906,1464.199951171875,2.7239999771118164,1.920300006866455,2.7720000743865967,1.6354999542236328,16.969999313354492,375.25,31.43000030517578,305.6000061035156,925.0,512.5
2019-11-08,62.5099983215332,57.2400016784668,1461.300048828125,2.677999973297119,1.9180999994277954,2.7890000343322754,1.6337000131607056,16.783000946044922,377.25,31.5,304.8999938964844,919.5,510.25
2019-11-11,62.18000030517578,56.86000061035156,1455.5,2.6600000858306885,1.914199948310852,2.63700008392334,1.6098999977111816,16.761999130249023,373.25,31.420000076293945,300.6000061035156,905.0,505.75
2019-11-12,62.060001373291016,56.79999923706055,1452.0999755859375,2.6419999599456787,1.8976000547409058,2.621000051498413,1.614400029182434,16.677000045776367,377.75,31.030000686645508,302.29998779296875,905.75,517.0
2019-11-13,62.369998931884766,57.119998931884766,1461.699951171875,2.6364998817443848,1.912500023841858,2.5999999046325684,1.6365000009536743,16.898000717163086,375.25,30.530000686645508,304.1000061035156,902.5,509.0
2019-11-14,62.279998779296875,56.77000045776367,1471.800048828125,2.618499994277954,1.9178999662399292,2.6470000743865967,1.6158000230789185,17.01300048828125,375.75,30.780000686645508,303.1000061035156,900.25,507.75
2019-11-15,63.29999923706055,57.720001220703125,1467.300048828125,2.634999990463257,1.9479999542236328,2.687999963760376,1.6349999904632568,16.933000564575195,371.25,30.43000030517578,307.1000061035156,918.25,502.75
2019-11-18,62.439998626708984,57.04999923706055,1470.9000244140625,2.617500066757202,1.9047000408172607,2.565999984741211,1.621000051498413,16.985000610351562,367.75,30.639999389648438,301.20001220703125,910.25,507.25
2019-11-19,60.90999984741211,55.209999084472656,1473.300048828125,2.6535000801086426,1.8573999404907227,2.509999990463257,1.603700041770935,17.10300064086914,370.0,30.959999084472656,302.0,911.5,512.0
2019-11-20,62.400001525878906,57.11000061035156,1473.300048828125,2.6465001106262207,1.8920999765396118,2.559000015258789,1.6562999486923218,17.100000381469727,366.75,31.200000762939453,299.79998779296875,905.0,515.5
2019-11-21,63.970001220703125,58.58000183105469,1463.0999755859375,2.621000051498413,1.944700002670288,2.566999912261963,1.7043999433517456,17.049999237060547,368.5,30.690000534057617,301.0,901.0,509.0
2019-11-22,63.38999938964844,57.77000045776367,1463.0999755859375,2.6475000381469727,1.9293999671936035,2.6649999618530273,1.674299955368042,16.985000610351562,368.75,30.8799991607666,299.0,897.0,515.25
2019-11-25,63.650001525878906,58.0099983215332,1456.5999755859375,2.6475000381469727,1.9443000555038452,2.5309998989105225,1.6748000383377075,16.871000289916992,370.5,30.440000534057617,298.29998779296875,892.5,531.0
2019-11-26,64.2699966430664,58.40999984741211,1459.800048828125,2.674499988555908,1.9606000185012817,2.4700000286102295,1.704699993133545,17.030000686645508,367.5,30.219999313354492,294.70001220703125,884.25,530.25
2019-11-27,64.05999755859375,58.11000061035156,1453.4000244140625,2.674499988555908,1.9464999437332153,2.500999927520752,1.6792000532150269,16.91200065612793,362.75,30.3700008392334,293.79998779296875,882.0,528.5
2019-11-29,62.43000030517578,55.16999816894531,1465.5999755859375,2.6419999599456787,1.8789000511169434,2.2809998989105225,1.597000002861023,16.9689998626709,371.25,30.420000076293945,290.8999938964844,876.75,547.5
2019-12-02,60.91999816894531,55.959999084472656,1462.300048828125,2.632499933242798,1.8860000371932983,2.3289999961853027,1.5733000040054321,16.836000442504883,373.5,29.959999084472656,291.29998779296875,870.5,543.25
2019-12-03,60.81999969482422,56.099998474121094,1478.199951171875,2.6080000400543213,1.8798999786376953,2.440999984741211,1.5628999471664429,17.125,372.0,29.989999771118164,292.5,871.0,530.5
2019-12-04,63.0,58.43000030517578,1474.0,2.6440000534057617,1.9228999614715576,2.3989999294281006,1.604200005531311,16.797000885009766,368.75,30.270000457763672,294.6000061035156,878.0,535.0
2019-12-05,63.38999938964844,58.43000030517578,1476.9000244140625,2.6484999656677246,1.9329999685287476,2.427000045776367,1.6210999488830566,16.941999435424805,365.5,30.290000915527344,299.5,884.25,532.0
2019-12-06,64.38999938964844,59.20000076293945,1459.0999755859375,2.7109999656677246,1.9521000385284424,2.3340001106262207,1.6474000215530396,16.481000900268555,366.5,31.010000228881836,297.3999938964844,889.5,532.5
2019-12-09,64.25,59.02000045776367,1459.300048828125,2.746500015258789,1.944200038909912,2.2320001125335693,1.6548000574111938,16.531999588012695,365.75,31.360000610351562,296.70001220703125,897.25,532.0
2019-12-10,64.33999633789062,59.2400016784668,1462.5999755859375,2.755500078201294,1.965499997138977,2.2639999389648438,1.652500033378601,16.59600067138672,363.25,31.469999313354492,296.8999938964844,901.25,534.75
2019-12-11,63.720001220703125,58.7599983215332,1469.4000244140625,2.7825000286102295,1.9287999868392944,2.243000030517578,1.626099944114685,16.743999481201172,357.75,31.229999542236328,293.29998779296875,893.5,530.75
2019-12-12,64.19999694824219,59.18000030517578,1466.699951171875,2.7894999980926514,1.9507999420166016,2.328000068664551,1.6282999515533447,16.844999313354492,367.0,32.029998779296875,292.6000061035156,898.25,539.25
2019-12-13,65.22000122070312,60.06999969482422,1475.5999755859375,2.7804999351501465,1.9864000082015991,2.2960000038146973,1.6632000207901,16.91200065612793,366.25,32.27000045776367,295.5,907.5,539.25
2019-12-16,65.33999633789062,60.209999084472656,1475.0,2.820499897003174,2.004499912261963,2.3410000801086426,1.6627000570297241,17.018999099731445,388.0,33.13999938964844,301.29998779296875,922.0,549.75
2019-12-17,66.0999984741211,60.939998626708984,1474.5999755859375,2.819499969482422,2.033400058746338,2.319000005722046,1.6857000589370728,16.97800064086914,390.0,33.81999969482422,302.29998779296875,928.75,556.25
2019-12-18,66.16999816894531,60.93000030517578,1472.5999755859375,2.816999912261963,2.0202999114990234,2.2860000133514404,1.6837999820709229,16.952999114990234,387.0,33.43000030517578,302.8999938964844,928.5,548.25
2019-12-19,66.54000091552734,61.220001220703125,1478.199951171875,2.8315000534057617,2.0295000076293945,2.2730000019073486,1.7067999839782715,17.058000564575195,386.5,33.790000915527344,298.3999938964844,924.5,545.25
2019-12-20,66.13999938964844,60.439998626708984,1474.699951171875,2.811000108718872,2.0218000411987305,2.328000068664551,1.7058000564575195,17.128000259399414,387.75,33.790000915527344,297.8999938964844,928.25,542.25
2019-12-23,66.38999938964844,60.52000045776367,1482.5,2.816999912261963,2.022200107574463,2.2139999866485596,1.7051000595092773,17.402999877929688,388.75,33.779998779296875,301.3999938964844,934.0,539.5
2019-12-24,67.19999694824219,61.11000061035156,1499.0999755859375,2.8385000228881836,2.03629994392395,2.171999931335449,1.7269999980926514,17.756999969482422,387.5,33.880001068115234,301.79998779296875,936.5,541.0
2019-12-26,67.91999816894531,61.68000030517578,1509.300048828125,2.864500045776367,2.0520999431610107,2.2939999103546143,1.7537000179290771,17.893999099731445,388.5,34.380001068115234,299.5,937.75,549.0
2019-12-27,68.16000366210938,61.720001220703125,1513.800048828125,2.8364999294281006,2.0495998859405518,2.1579999923706055,1.7473000288009644,17.849000930786133,390.0,34.72999954223633,295.3999938964844,929.5,556.25
2019-12-30,68.44000244140625,61.68000030517578,1514.5,2.827500104904175,2.040600061416626,2.186000108718872,1.7282999753952026,17.908000946044922,388.25,35.16999816894531,297.5,939.5,556.0
2019-12-31,66.0,61.060001373291016,1519.5,2.7939999103546143,2.0283000469207764,2.188999891281128,1.6978000402450562,17.827999114990234,387.75,34.4900016784668,299.8999938964844,943.0,558.75
2020-01-02,66.25,61.18000030517578,1524.5,2.8329999446868896,2.0241000652313232,2.121999979019165,1.704200029373169,17.965999603271484,391.5,34.970001220703125,300.6000061035156,944.25,560.25
2020-01-03,68.5999984741211,63.04999923706055,1549.199951171875,2.7985000610351562,2.0613999366760254,2.130000114440918,1.7488000392913818,18.06800079345703,386.5,34.810001373291016,296.1000061035156,930.5,554.5
2020-01-06,68.91000366210938,63.27000045776367,1566.199951171875,2.80049991607666,2.033900022506714,2.134999990463257,1.7544000148773193,18.097000122070312,384.75,34.2400016784668,297.70001220703125,932.75,550.0
2020-01-07,68.2699966430664,62.70000076293945,1571.800048828125,2.803999900817871,2.032399892807007,2.1619999408721924,1.7222000360488892,18.31599998474121,384.5,34.459999084472656,296.3999938964844,935.0,550.25
2020-01-08,65.44000244140625,59.61000061035156,1557.4000244140625,2.819000005722046,1.9581999778747559,2.1410000324249268,1.648800015449524,18.08799934387207,384.25,34.27000045776367,296.8999938964844,938.25,552.75
2020-01-09,65.37000274658203,59.560001373291016,1551.699951171875,2.810499906539917,1.9500999450683594,2.1659998893737793,1.6526999473571777,17.860000610351562,383.25,34.349998474121094,296.20001220703125,933.75,562.25
2020-01-10,64.9800033569336,59.040000915527344,1557.5,2.81850004196167,1.9284000396728516,2.2019999027252197,1.659600019454956,18.033000946044922,385.75,34.06999969482422,298.70001220703125,935.0,564.5
2020-01-13,64.19999694824219,58.08000183105469,1548.4000244140625,2.8615000247955322,1.8980000019073486,2.181999921798706,1.6572999954223633,17.926000595092773,389.5,33.63999938964844,299.0,929.25,562.25
2020-01-14,64.48999786376953,58.22999954223633,1542.4000244140625,2.875999927520752,1.9103000164031982,2.187000036239624,1.6543999910354614,17.673999786376953,389.0,33.650001525878906,297.20001220703125,928.5,568.5
2020-01-15,64.0,57.810001373291016,1552.0999755859375,2.869999885559082,1.8779000043869019,2.119999885559082,1.6368000507354736,17.92300033569336,387.5,33.29999923706055,300.1000061035156,928.75,573.25
2020-01-16,64.62000274658203,58.52000045776367,1549.0,2.8519999980926514,1.8600000143051147,2.0769999027252197,1.6548000574111938,17.875,375.5,33.029998779296875,300.6000061035156,924.0,565.25
2020-01-17,64.8499984741211,58.540000915527344,1558.800048828125,2.8494999408721924,1.8592000007629395,2.003000020980835,1.6405999660491943,18.01300048828125,389.25,33.349998474121094,300.6000061035156,929.75,570.5
2020-01-21,64.58999633789062,58.34000015258789,1556.4000244140625,2.7985000610351562,1.829200029373169,1.8949999809265137,1.6365000009536743,17.750999450683594,387.5,32.75,299.1000061035156,916.0,581.5
2020-01-22,63.209999084472656,56.7400016784668,1555.300048828125,2.7669999599456787,1.8001999855041504,1.9049999713897705,1.5795999765396118,17.770999908447266,388.75,33.02000045776367,297.8999938964844,913.75,577.75
2020-01-23,62.040000915527344,55.59000015258789,1564.5999755859375,2.7260000705718994,1.791599988937378,1.9259999990463257,1.5601999759674072,17.773000717163086,393.75,32.47999954223633,298.8999938964844,909.5,580.5
2020-01-24,60.689998626708984,54.189998626708984,1571.0999755859375,2.685499906539917,1.7339999675750732,1.8930000066757202,1.5152000188827515,18.05699920654297,387.25,32.02000045776367,298.29998779296875,902.0,573.5
2020-01-27,59.31999969482422,53.13999938964844,1576.800048828125,2.5964999198913574,1.6794999837875366,1.9019999504089355,1.4839999675750732,18.0,380.5,31.520000457763672,297.79998779296875,897.25,572.25
2020-01-28,59.5099983215332,53.47999954223633,1569.199951171875,2.5794999599456787,1.71589994430542,1.934000015258789,1.5032000541687012,17.402000427246094,386.5,31.459999084472656,297.6000061035156,895.0,569.75
2020-01-29,59.810001373291016,53.33000183105469,1569.800048828125,2.553499937057495,1.7035000324249268,1.8769999742507935,1.5307999849319458,17.430999755859375,384.25,31.520000457763672,296.1000061035156,893.0,562.25
2020-01-30,58.290000915527344,52.13999938964844,1583.5,2.5234999656677246,1.6396000385284424,1.8289999961853027,1.4937000274658203,17.95199966430664,379.5,30.6299991607666,291.5,876.25,560.5
2020-01-31,58.15999984741211,51.560001373291016,1582.9000244140625,2.5199999809265137,1.624500036239624,1.840999960899353,1.488700032234192,17.972000122070312,381.25,29.940000534057617,291.0,872.5,553.75
2020-02-03,54.45000076293945,50.11000061035156,1577.199951171875,2.513000011444092,1.5779000520706177,1.819000005722046,1.4737000465393066,17.639999389648438,378.75,30.290000915527344,289.79998779296875,877.0,555.5
2020-02-04,53.959999084472656,49.61000061035156,1550.4000244140625,2.547499895095825,1.583899974822998,1.871999979019165,1.4431999921798706,17.527999877929688,382.25,30.729999542236328,288.5,879.5,557.25
2020-02-05,55.279998779296875,50.75,1557.800048828125,2.5789999961853027,1.645400047302246,1.8609999418258667,1.486299991607666,17.569000244140625,380.75,31.31999969482422,287.3999938964844,880.0,562.0
2020-02-06,54.93000030517578,50.95000076293945,1565.0999755859375,2.5985000133514404,1.6654000282287598,1.8619999885559082,1.4980000257492065,17.788999557495117,379.25,31.239999771118164,288.20001220703125,881.0,556.25
2020-02-07,54.470001220703125,50.31999969482422,1568.5999755859375,2.559000015258789,1.6433000564575195,1.8580000400543213,1.523900032043457,17.665000915527344,383.5,30.969999313354492,289.29998779296875,882.0,558.75
2020-02-10,53.27000045776367,49.56999969482422,1574.699951171875,2.557499885559082,1.6124999523162842,1.7660000324249268,1.521299958229065,17.757999420166016,381.75,30.6200008392334,291.3999938964844,884.25,552.0
2020-02-11,54.0099983215332,49.939998626708984,1565.5999755859375,2.5885000228881836,1.6267000436782837,1.7879999876022339,1.51419997215271,17.572999954223633,379.75,30.719999313354492,290.79998779296875,884.75,542.0
2020-02-12,55.790000915527344,51.16999816894531,1567.4000244140625,2.6059999465942383,1.6756999492645264,1.843999981880188,1.5809999704360962,17.47800064086914,383.0,31.030000686645508,291.70001220703125,892.5,547.5
2020-02-13,56.34000015258789,51.41999816894531,1575.0999755859375,2.619499921798706,1.6805000305175781,1.8259999752044678,1.580199956893921,17.600000381469727,379.5,30.719999313354492,291.8999938964844,896.25,544.25
2020-02-14,57.31999969482422,52.04999923706055,1582.699951171875,2.6054999828338623,1.698199987411499,1.8370000123977661,1.583299994468689,17.71500015258789,377.75,30.56999969482422,291.1000061035156,893.75,542.75
2020-02-18,57.75,52.04999923706055,1600.0,2.609999895095825,1.6723999977111816,1.9809999465942383,1.614799976348877,18.131000518798828,383.0,30.479999542236328,292.20001220703125,892.25,566.75
2020-02-19,59.119998931884766,53.290000915527344,1607.5,2.612499952316284,1.7067999839782715,1.9550000429153442,1.6633000373840332,18.29199981689453,380.5,30.34000015258789,293.0,897.25,565.25
2020-02-20,59.310001373291016,53.779998779296875,1616.5999755859375,2.5950000286102295,1.69760000705719,1.9199999570846558,1.669700026512146,18.30900001525879,378.5,30.1200008392334,292.8999938964844,892.75,560.0
2020-02-21,58.5,53.380001068115234,1644.5999755859375,2.618000030517578,1.6865999698638916,1.9049999713897705,1.6505999565124512,18.520999908447266,377.0,30.639999389648438,289.20001220703125,890.5,551.0
2020-02-24,56.29999923706055,51.43000030517578,1672.4000244140625,2.5924999713897705,1.6131999492645264,1.8270000219345093,1.6090999841690063,18.868000030517578,372.25,29.489999771118164,286.1000061035156,874.25,536.25
2020-02-25,54.95000076293945,49.900001525878906,1646.9000244140625,2.5964999198913574,1.56850004196167,1.847000002861023,1.5324000120162964,18.183000564575195,372.5,29.229999542236328,286.5,879.0,539.0
2020-02-26,53.43000030517578,48.72999954223633,1640.0,2.5764999389648438,1.499400019645691,1.8209999799728394,1.4549000263214111,17.826000213623047,370.5,29.06999969482422,291.29998779296875,881.0,540.25
2020-02-27,52.18000030517578,47.09000015258789,1640.0,2.571500062942505,1.4891999959945679,1.7519999742507935,1.410599946975708,17.658000946044922,364.5,28.829999923706055,296.8999938964844,886.25,529.25
2020-02-28,50.52000045776367,44.7599983215332,1564.0999755859375,2.5460000038146973,1.4905999898910522,1.684000015258789,1.3954999446868896,16.386999130249023,366.5,28.309999465942383,298.6000061035156,883.5,529.0
2020-03-02,51.900001525878906,46.75,1592.300048828125,2.6010000705718994,1.5286999940872192,1.75600004196167,1.5396000146865845,16.679000854492188,374.75,28.56999969482422,302.20001220703125,890.5,526.25
2020-03-03,51.86000061035156,47.18000030517578,1642.0999755859375,2.5794999599456787,1.5329999923706055,1.7999999523162842,1.5312999486923218,17.128999710083008,381.75,28.84000015258789,303.79998779296875,893.0,528.75
2020-03-04,51.130001068115234,46.779998779296875,1641.0999755859375,2.5929999351501465,1.5332000255584717,1.8270000219345093,1.5555000305175781,17.187000274658203,387.0,29.440000534057617,305.20001220703125,898.75,521.5
2020-03-05,49.9900016784668,45.900001525878906,1666.4000244140625,2.5824999809265137,1.4884999990463257,1.7719999551773071,1.5218000411987305,17.341999053955078,384.5,29.100000381469727,300.3999938964844,889.0,524.25
2020-03-06,45.27000045776367,41.279998779296875,1670.800048828125,2.572999954223633,1.385200023651123,1.7079999446868896,1.3890000581741333,17.214000701904297,377.25,28.479999542236328,301.29998779296875,883.25,521.25
2020-03-09,34.36000061035156,31.1299991607666,1674.5,2.5239999294281006,1.1628999710083008,1.777999997138977,1.1368999481201172,17.000999450683594,374.25,27.309999465942383,296.6000061035156,863.5,522.25
2020-03-10,37.220001220703125,34.36000061035156,1659.0999755859375,2.5339999198913574,1.249899983406067,1.9359999895095825,1.157099962234497,16.9060001373291,380.0,27.440000534057617,295.8999938964844,873.0,526.75
2020-03-11,35.790000915527344,32.97999954223633,1641.4000244140625,2.51200008392334,1.2380000352859497,1.878000020980835,1.1102999448776245,16.729000091552734,379.25,27.299999237060547,295.8999938964844,867.75,517.25
2020-03-12,33.220001220703125,31.5,1589.300048828125,2.4809999465942383,1.1598000526428223,1.840999960899353,0.8974999785423279,15.961000442504883,369.75,26.149999618530273,298.6000061035156,855.0,508.25
2020-03-13,33.849998474121094,31.729999542236328,1515.699951171875,2.4739999771118164,1.1374000310897827,1.86899995803833,0.8992000222206116,14.456000328063965,370.75,26.110000610351562,295.8999938964844,846.75,514.75
2020-03-16,30.049999237060547,28.700000762939453,1485.9000244140625,2.3984999656677246,1.0465999841690063,1.815000057220459,0.6898999810218811,12.772000312805176,354.75,24.989999771118164,296.29998779296875,821.75,498.0
2020-03-17,28.729999542236328,26.950000762939453,1524.9000244140625,2.315500020980835,1.0356999635696411,1.7289999723434448,0.7113999724388123,12.468999862670898,344.0,25.239999771118164,298.29998779296875,824.25,499.25
2020-03-18,24.8799991607666,20.3700008392334,1477.300048828125,2.1605000495910645,0.954200029373169,1.6039999723434448,0.6377000212669373,11.734999656677246,335.25,25.040000915527344,304.0,825.5,508.25
2020-03-19,28.469999313354492,25.219999313354492,1478.5999755859375,2.200000047683716,1.041700005531311,1.6540000438690186,0.6850000023841858,12.097000122070312,345.5,25.479999542236328,314.79998779296875,843.25,535.0
2020-03-20,26.979999542236328,22.43000030517578,1484.0,2.190500020980835,1.0062999725341797,1.6039999723434448,0.605400025844574,12.348999977111816,343.75,25.639999389648438,325.20001220703125,862.5,539.25
2020-03-23,27.030000686645508,23.360000610351562,1567.0,2.119499921798706,1.0161000490188599,1.6019999980926514,0.41179999709129333,13.225000381469727,343.5,26.139999389648438,333.6000061035156,884.0,562.5
2020-03-24,27.149999618530273,24.010000228881836,1660.199951171875,2.197499990463257,1.080299973487854,1.652999997138977,0.44369998574256897,14.229000091552734,347.25,26.549999237060547,332.1000061035156,886.75,561.5
2020-03-25,27.389999389648438,24.489999771118164,1632.300048828125,2.2339999675750732,1.0978000164031982,1.659000039100647,0.5468000173568726,14.836999893188477,348.5,26.639999389648438,321.70001220703125,881.5,580.0
2020-03-26,26.34000015258789,22.600000381469727,1650.0999755859375,2.2079999446868896,1.0503000020980835,1.6369999647140503,0.5437999963760376,14.640000343322754,348.75,26.5,322.8999938964844,880.25,569.0
2020-03-27,24.93000030517578,21.510000228881836,1623.9000244140625,2.197000026702881,1.06850004196167,1.6339999437332153,0.5737000107765198,14.498000144958496,346.0,26.850000381469727,323.1000061035156,881.5,571.25
2020-03-30,22.760000228881836,20.09000015258789,1622.0,2.1619999408721924,1.0194000005722046,1.690000057220459,0.5855000019073486,14.074000358581543,341.25,26.8700008392334,325.5,882.25,569.5
2020-03-31,22.739999771118164,20.479999542236328,1583.4000244140625,2.240000009536743,1.0120999813079834,1.6399999856948853,0.573199987411499,14.097999572753906,340.75,27.010000228881836,321.5,886.0,568.75
2020-04-01,24.739999771118164,20.309999465942383,1578.199951171875,2.191999912261963,0.9322999715805054,1.5870000123977661,0.546500027179718,13.925999641418457,334.75,26.049999237060547,314.8999938964844,862.75,550.25
2020-04-02,29.940000534057617,25.31999969482422,1625.699951171875,2.2330000400543213,0.9951000213623047,1.5520000457763672,0.6628000140190125,14.595999717712402,333.5,26.239999771118164,309.1000061035156,858.75,541.75
2020-04-03,34.11000061035156,28.34000015258789,1633.699951171875,2.2100000381469727,1.0706000328063965,1.621000051498413,0.6916000247001648,14.435999870300293,330.75,26.43000030517578,303.20001220703125,854.25,549.25
2020-04-06,33.04999923706055,26.079999923706055,1677.0,2.234999895095825,1.045699954032898,1.7309999465942383,0.7016000151634216,15.111000061035156,327.75,26.829999923706055,297.0,855.5,555.75
2020-04-07,31.8700008392334,23.6299991607666,1664.800048828125,2.2885000705718994,1.027500033378601,1.8519999980926514,0.6481999754905701,15.42199993133545,331.5,27.479999542236328,293.79998779296875,854.75,549.25
2020-04-08,32.84000015258789,25.09000015258789,1665.4000244140625,2.2780001163482666,1.010699987411499,1.7829999923706055,0.6779999732971191,15.147000312805176,330.0,27.18000030517578,292.79998779296875,854.5,548.25
2020-04-09,31.479999542236328,22.760000228881836,1736.199951171875,2.2774999141693115,0.972599983215332,1.7330000400543213,0.677299976348877,15.994999885559082,331.75,27.40999984741211,292.5,863.5,556.5
2020-04-13,31.739999771118164,22.40999984741211,1744.800048828125,2.320499897003174,0.9945999979972839,1.7239999771118164,0.7032999992370605,15.479000091552734,331.5,26.899999618530273,288.6000061035156,854.25,555.0
2020-04-14,29.600000381469727,20.110000610351562,1756.699951171875,2.3469998836517334,0.9441999793052673,1.649999976158142,0.7200000286102295,16.07200050354004,326.0,26.739999771118164,287.5,847.0,548.75
2020-04-15,27.690000534057617,19.8700008392334,1727.199951171875,2.3125,0.9138000011444092,1.5980000495910645,0.7203999757766724,15.446999549865723,319.25,26.549999237060547,292.20001220703125,842.0,540.25
2020-04-16,27.81999969482422,19.8700008392334,1720.4000244140625,2.304500102996826,0.9463000297546387,1.6859999895095825,0.7050999999046326,15.564000129699707,319.75,26.299999237060547,291.79998779296875,836.75,529.75
2020-04-17,28.079999923706055,18.270000457763672,1689.199951171875,2.3534998893737793,0.9563000202178955,1.753000020980835,0.7106999754905701,15.237000465393066,322.25,26.290000915527344,288.20001220703125,832.5,533.5
2020-04-20,25.56999969482422,-37.630001068115234,1701.5999755859375,2.3345000743865967,0.8877999782562256,1.9240000247955322,0.6682999730110168,15.555999755859375,314.25,25.979999542236328,285.6000061035156,826.5,548.75
2020-04-21,19.329999923706055,10.010000228881836,1678.199951171875,2.2669999599456787,0.7268999814987183,1.8209999799728394,0.5102999806404114,14.817999839782715,309.25,25.350000381469727,289.1000061035156,830.75,546.75
2020-04-22,20.3700008392334,13.779999732971191,1728.699951171875,2.317500114440918,0.7311000227928162,1.9390000104904175,0.6384000182151794,15.277000427246094,317.5,25.56999969482422,288.29998779296875,834.75,543.0
2020-04-23,21.329999923706055,16.5,1733.300048828125,2.3239998817443848,0.734499990940094,1.815000057220459,0.6435999870300293,15.347999572753906,319.25,25.610000610351562,288.70001220703125,839.25,547.0
2020-04-24,21.440000534057617,16.940000534057617,1723.5,2.3480000495910645,0.6467000246047974,1.746000051498413,0.6611999869346619,15.253999710083008,315.75,25.049999237060547,287.70001220703125,832.25,526.75
2020-04-27,19.989999771118164,12.779999732971191,1711.9000244140625,2.381999969482422,0.6104000210762024,1.819000005722046,0.6482999920845032,15.201000213623047,305.5,24.989999771118164,285.29998779296875,829.0,521.0
2020-04-28,20.459999084472656,12.34000015258789,1710.5,2.378999948501587,0.6308000087738037,1.7940000295639038,0.6672000288963318,15.161999702453613,302.75,25.299999237060547,281.79998779296875,826.0,526.75
2020-04-29,22.540000915527344,15.0600004196167,1703.4000244140625,2.374500036239624,0.6945000290870667,1.86899995803833,0.7271999716758728,15.15999984741211,304.5,25.780000686645508,283.20001220703125,831.75,519.5
2020-04-30,25.270000457763672,18.84000015258789,1684.199951171875,2.3540000915527344,0.7318999767303467,1.9490000009536743,0.6977999806404114,14.89799976348877,311.5,26.229999542236328,289.6000061035156,850.25,529.75
2020-05-01,26.440000534057617,19.780000686645508,1694.5,2.31850004196167,0.7961000204086304,1.8899999856948853,0.7663000226020813,14.86299991607666,311.5,26.139999389648438,287.3999938964844,847.25,521.5
2020-05-04,27.200000762939453,20.389999389648438,1706.9000244140625,2.3239998817443848,0.8030999898910522,1.9930000305175781,0.8215000033378601,14.722000122070312,310.75,25.799999237060547,283.29998779296875,834.0,524.25
2020-05-05,30.969999313354492,24.559999465942383,1704.4000244140625,2.3410000801086426,0.8960000276565552,2.134000062942505,0.9013000130653381,15.057000160217285,313.0,25.969999313354492,284.79998779296875,838.25,525.5
2020-05-06,29.719999313354492,23.989999771118164,1684.199951171875,2.3524999618530273,0.8240000009536743,1.944000005722046,0.8769000172615051,14.987000465393066,311.75,25.520000457763672,283.1000061035156,830.5,524.75
2020-05-07,29.459999084472656,23.549999237060547,1721.800048828125,2.385499954223633,0.8371000289916992,1.8940000534057617,0.9314000010490417,15.562000274658203,316.0,25.940000534057617,283.6000061035156,841.5,529.0
2020-05-08,30.969999313354492,24.739999771118164,1709.9000244140625,2.4084999561309814,0.8992999792098999,1.8229999542236328,0.9521999955177307,15.739999771118164,319.0,26.229999542236328,286.70001220703125,848.75,529.5
2020-05-11,29.6299991607666,24.139999389648438,1695.300048828125,2.381999969482422,0.8687000274658203,1.8259999752044678,0.9241999983787537,15.63599967956543,318.5,26.190000534057617,286.29998779296875,852.25,524.75
2020-05-12,29.979999542236328,25.780000686645508,1704.4000244140625,2.3605000972747803,0.8384000062942505,1.7200000286102295,0.9185000061988831,15.687000274658203,323.75,25.979999542236328,288.6000061035156,849.25,521.75
2020-05-13,29.190000534057617,25.290000915527344,1713.9000244140625,2.3489999771118164,0.8313999772071838,1.6160000562667847,0.8526999950408936,15.663000106811523,320.25,25.6299991607666,285.20001220703125,836.0,510.5
2020-05-14,31.1299991607666,27.559999465942383,1738.0999755859375,2.3510000705718994,0.8948000073432922,1.680999994277954,0.9144999980926514,16.13599967956543,320.25,25.920000076293945,285.20001220703125,835.25,510.5
2020-05-15,32.5,29.43000030517578,1753.4000244140625,2.3334999084472656,0.9204000234603882,1.6460000276565552,0.9702000021934509,17.04599952697754,319.25,26.579999923706055,287.5,838.5,500.25
2020-05-18,34.810001373291016,31.81999969482422,1731.800048828125,2.4049999713897705,1.0063999891281128,1.7829999923706055,1.0257999897003174,17.464000701904297,320.75,27.31999969482422,285.1000061035156,845.0,497.0
2020-05-19,34.650001525878906,32.5,1744.199951171875,2.4230000972747803,0.9735999703407288,1.8300000429153442,1.045199990272522,17.892000198364258,321.25,27.09000015258789,284.6000061035156,842.5,498.75
2020-05-20,35.75,33.4900016784668,1750.5999755859375,2.4674999713897705,0.9905999898910522,1.7710000276565552,1.0437999963760376,18.00200080871582,319.5,27.360000610351562,285.5,846.75,513.75
2020-05-21,36.060001373291016,33.91999816894531,1720.5,2.4519999027252197,0.9890000224113464,1.7100000381469727,1.0450999736785889,17.334999084472656,317.75,27.110000610351562,282.5,835.0,516.0
2020-05-22,35.130001068115234,33.25,1734.5999755859375,2.4089999198913574,0.9819999933242798,1.7309999465942383,1.0382000207901,17.663999557495117,318.0,26.639999389648438,284.1000061035156,833.25,508.75
2020-05-26,36.16999816894531,34.349998474121094,1704.800048828125,2.438499927520752,0.9908000230789185,1.7929999828338623,1.0489000082015991,17.565000534057617,319.0,27.270000457763672,283.8999938964844,847.0,506.75
2020-05-27,34.7400016784668,32.810001373291016,1710.300048828125,2.4024999141693115,0.972100019454956,1.722000002861023,0.9933000206947327,17.68600082397461,320.5,27.600000381469727,282.0,848.5,504.5
2020-05-28,35.290000915527344,33.709999084472656,1713.300048828125,2.4130001068115234,0.925599992275238,1.8270000219345093,0.9984999895095825,17.895000457763672,327.5,27.389999389648438,284.29998779296875,847.0,514.5
2020-05-29,35.33000183105469,35.4900016784668,1751.699951171875,2.426500082015991,0.9646999835968018,1.8489999771118164,1.0259000062942505,18.440000534057617,325.75,27.3799991607666,283.20001220703125,840.75,520.75
2020-06-01,38.31999969482422,35.439998626708984,1750.300048828125,2.4744999408721924,1.0290000438690186,1.7740000486373901,1.0666999816894531,18.76799964904785,323.25,27.600000381469727,283.1000061035156,840.5,515.25
2020-06-02,39.56999969482422,36.810001373291016,1734.0,2.494499921798706,1.0921000242233276,1.7769999504089355,1.118299961090088,18.207000732421875,324.25,27.940000534057617,283.70001220703125,850.5,508.0
2020-06-03,39.790000915527344,37.290000915527344,1704.800048828125,2.496500015258789,1.0645999908447266,1.8209999799728394,1.1193000078201294,17.92099952697754,324.0,27.860000610351562,286.29998779296875,857.5,512.0
2020-06-04,39.9900016784668,37.40999984741211,1727.4000244140625,2.493000030517578,1.0741000175476074,1.8220000267028809,1.1490000486373901,18.02400016784668,329.0,27.81999969482422,289.79998779296875,867.75,523.75
2020-06-05,42.29999923706055,39.54999923706055,1683.0,2.556999921798706,1.1505999565124512,1.781999945640564,1.2136000394821167,17.44300079345703,331.25,28.139999389648438,289.1000061035156,867.75,515.25
2020-06-08,40.79999923706055,38.189998626708984,1705.0999755859375,2.569999933242798,1.1212999820709229,1.7890000343322754,1.1950000524520874,17.868000030517578,333.75,28.100000381469727,288.3999938964844,864.75,511.5
2020-06-09,41.18000030517578,38.939998626708984,1721.9000244140625,2.6005001068115234,1.1547000408172607,1.7669999599456787,1.2102999687194824,17.77400016784668,327.5,28.229999542236328,287.1000061035156,863.25,504.5
2020-06-10,41.72999954223633,39.599998474121094,1720.699951171875,2.6570000648498535,1.1729999780654907,1.7799999713897705,1.2099000215530396,17.775999069213867,326.25,28.0,288.79998779296875,865.5,506.25
2020-06-11,38.54999923706055,36.34000015258789,1739.800048828125,2.5864999294281006,1.0880000591278076,1.812999963760376,1.1188000440597534,17.868999481201172,329.75,27.5,289.70001220703125,866.0,499.25
2020-06-12,38.72999954223633,36.2599983215332,1737.300048828125,2.6015000343322754,1.1014000177383423,1.7309999465942383,1.1243000030517578,17.461999893188477,330.0,27.5,289.0,871.25,502.0
2020-06-15,39.720001220703125,37.119998931884766,1727.199951171875,2.56850004196167,1.1369999647140503,1.6690000295639038,1.1656999588012695,17.378999710083008,329.25,27.739999771118164,288.3999938964844,869.0,504.75
2020-06-16,40.959999084472656,38.380001068115234,1736.5,2.565999984741211,1.1821999549865723,1.6139999628067017,1.2072999477386475,17.631999969482422,329.0,27.989999771118164,287.8999938964844,867.0,496.0
2020-06-17,40.709999084472656,37.959999084472656,1735.5999755859375,2.5920000076293945,1.1820000410079956,1.6380000114440918,1.2152999639511108,17.756999969482422,330.25,28.100000381469727,287.79998779296875,871.25,488.75
2020-06-18,41.5099983215332,38.84000015258789,1731.0999755859375,2.5910000801086426,1.1986000537872314,1.6380000114440918,1.257699966430664,17.493000030517578,331.0,28.059999465942383,288.79998779296875,873.0,483.5
2020-06-19,42.189998626708984,39.75,1753.0,2.615000009536743,1.211400032043457,1.6690000295639038,1.2716000080108643,17.832000732421875,332.5,28.520000457763672,287.0,876.5,481.25
2020-06-22,43.08000183105469,40.459999084472656,1766.4000244140625,2.6554999351501465,1.2186000347137451,1.6640000343322754,1.2913000583648682,17.886999130249023,328.25,28.350000381469727,286.5,876.25,485.0
2020-06-23,42.630001068115234,40.369998931884766,1782.0,2.6600000858306885,1.2029999494552612,1.6369999647140503,1.299399971961975,18.051000595092773,325.0,28.170000076293945,286.29998779296875,875.0,486.0
2020-06-24,40.310001373291016,38.0099983215332,1775.0999755859375,2.6505000591278076,1.1507999897003174,1.597000002861023,1.1964000463485718,17.658000946044922,324.25,27.649999618530273,286.70001220703125,870.75,481.25
2020-06-25,41.04999923706055,38.720001220703125,1770.5999755859375,2.6624999046325684,1.1555999517440796,1.4819999933242798,1.194200038909912,17.882999420166016,317.25,27.540000915527344,285.5,869.25,486.75
2020-06-26,41.02000045776367,38.4900016784668,1780.300048828125,2.671999931335449,1.136299967765808,1.4950000047683716,1.1533000469207764,18.023000717163086,317.0,27.200000762939453,282.1000061035156,865.0,474.0
2020-06-29,41.709999084472656,39.70000076293945,1781.199951171875,2.679500102996826,1.1654000282287598,1.7089999914169312,1.1841000318527222,17.979999542236328,326.25,27.6200008392334,280.5,866.5,485.5
2020-06-30,41.150001525878906,39.27000045776367,1800.5,2.7135000228881836,1.1780999898910522,1.7510000467300415,1.2000999450683594,18.541000366210938,338.5,27.979999542236328,286.29998779296875,884.25,490.0
2020-07-01,42.029998779296875,39.81999969482422,1779.9000244140625,2.7170000076293945,1.1995999813079834,1.6710000038146973,1.2168999910354614,18.132999420166016,348.25,28.209999084472656,292.70001220703125,893.75,498.75
2020-07-02,43.13999938964844,40.650001525878906,1790.0,2.7335000038146973,1.2310999631881714,1.7339999675750732,1.2591999769210815,18.243999481201172,342.5,27.959999084472656,293.5,892.5,490.0
2020-07-06,43.099998474121094,40.630001068115234,1793.5,2.7660000324249268,1.2417000532150269,1.8300000429153442,1.2408000230789185,18.503999710083008,346.5,28.420000076293945,295.3999938964844,898.5,489.5
2020-07-07,43.08000183105469,40.619998931884766,1809.9000244140625,2.7874999046325684,1.243299961090088,1.8760000467300415,1.274999976158142,18.628000259399414,345.0,28.760000228881836,293.29998779296875,895.25,492.25
2020-07-08,43.290000915527344,40.900001525878906,1820.5999755859375,2.814500093460083,1.2344000339508057,1.8240000009536743,1.2908999919891357,19.08099937438965,348.25,28.459999084472656,291.6000061035156,894.75,517.5
2020-07-09,42.349998474121094,39.619998931884766,1803.800048828125,2.828000068664551,1.2238999605178833,1.7790000438690186,1.250499963760376,18.881999969482422,351.25,28.190000534057617,295.1000061035156,898.25,526.25
2020-07-10,43.2400016784668,40.54999923706055,1801.9000244140625,2.88700008392334,1.2411999702453613,1.8049999475479126,1.2831000089645386,18.982999801635742,340.5,28.110000610351562,290.79998779296875,891.5,535.75
2020-07-13,42.720001220703125,40.099998474121094,1814.0999755859375,2.941999912261963,1.2235000133514404,1.7389999628067017,1.2733999490737915,19.708999633789062,334.0,27.969999313354492,283.1000061035156,876.5,524.75
2020-07-14,42.900001525878906,40.290000915527344,1813.4000244140625,2.9159998893737793,1.2208000421524048,1.746000051498413,1.2474000453948975,19.451000213623047,334.75,28.479999542236328,283.70001220703125,882.25,524.75
2020-07-15,43.790000915527344,41.20000076293945,1813.800048828125,2.870500087738037,1.2447999715805054,1.777999997138977,1.2645000219345093,19.684999465942383,326.25,28.799999237060547,285.79998779296875,886.25,550.75
2020-07-16,43.369998931884766,40.75,1800.300048828125,2.885999917984009,1.2279000282287598,1.7230000495910645,1.2338999509811401,19.496999740600586,330.25,29.270000457763672,287.0,893.5,535.25
2020-07-17,43.13999938964844,40.59000015258789,1810.0,2.887500047683716,1.219099998474121,1.718000054359436,1.2244999408721924,19.684999465942383,333.0,29.920000076293945,286.5,898.0,534.75
2020-07-20,43.279998779296875,40.810001373291016,1817.4000244140625,2.8984999656677246,1.2354999780654907,1.6410000324249268,1.2285000085830688,20.124000549316406,328.25,29.93000030517578,288.6000061035156,903.0,522.0
2020-07-21,44.31999969482422,41.959999084472656,1843.9000244140625,2.940999984741211,1.2799999713897705,1.6749999523162842,1.2797000408172607,21.496999740600586,322.75,30.06999969482422,285.6000061035156,896.5,527.75
2020-07-22,44.290000915527344,41.900001525878906,1865.0999755859375,2.9084999561309814,1.2706999778747559,1.680999994277954,1.2827999591827393,23.08300018310547,327.5,29.93000030517578,286.6000061035156,899.25,534.5
2020-07-23,43.310001373291016,41.06999969482422,1890.0,2.924499988555908,1.25409996509552,1.784999966621399,1.2585999965667725,22.94499969482422,328.0,29.790000915527344,290.3999938964844,906.25,529.5
2020-07-24,43.34000015258789,41.290000915527344,1897.5,2.881999969482422,1.2562999725341797,1.8079999685287476,1.2848000526428223,22.808000564575195,326.25,29.799999237060547,290.79998779296875,904.75,539.5
2020-07-27,43.40999984741211,41.599998474121094,1931.0,2.888000011444092,1.25409996509552,1.7339999675750732,1.2747000455856323,24.47599983215332,325.0,29.600000381469727,292.5,906.5,527.75
2020-07-28,43.220001220703125,41.040000915527344,1944.5999755859375,2.9049999713897705,1.2421000003814697,1.7999999523162842,1.2655999660491943,24.266000747680664,320.0,29.420000076293945,288.8999938964844,896.75,523.5
2020-07-29,43.75,41.27000045776367,1953.4000244140625,2.9054999351501465,1.2532999515533447,1.8539999723434448,1.2415000200271606,24.292999267578125,315.5,29.670000076293945,286.8999938964844,891.5,532.75
2020-07-30,42.939998626708984,39.91999816894531,1942.300048828125,2.9045000076293945,1.211899995803833,1.8289999961853027,1.2203999757766724,23.34000015258789,315.75,29.979999542236328,289.79998779296875,891.75,529.5
2020-07-31,43.29999923706055,40.27000045776367,1962.800048828125,2.8589999675750732,1.2171000242233276,1.7990000247955322,1.1871000528335571,24.18899917602539,316.0,30.90999984741211,289.29998779296875,897.5,531.25
2020-08-03,44.150001525878906,41.0099983215332,1966.0,2.9079999923706055,1.2409000396728516,2.1010000705718994,1.2130999565124512,24.389999389648438,317.5,31.670000076293945,287.1000061035156,897.5,521.0
2020-08-04,44.43000030517578,41.70000076293945,2021.0,2.8894999027252197,1.2583999633789062,2.193000078201294,1.2143000364303589,26.011999130249023,308.25,31.530000686645508,283.70001220703125,883.75,508.25
2020-08-05,45.16999816894531,42.189998626708984,2049.300048828125,2.9114999771118164,1.263100028038025,2.190999984741211,1.2228000164031982,26.87700080871582,311.0,31.700000762939453,282.29998779296875,882.0,510.75
2020-08-06,45.09000015258789,41.95000076293945,2069.39990234375,2.9054999351501465,1.249899983406067,2.1649999618530273,1.2280999422073364,28.386999130249023,311.25,31.520000457763672,280.70001220703125,880.75,501.25
2020-08-07,44.400001525878906,41.220001220703125,2028.0,2.7904999256134033,1.2199000120162964,2.23799991607666,1.2075999975204468,27.533000946044922,307.75,31.350000381469727,280.0,870.25,495.5
2020-08-10,44.9900016784668,41.939998626708984,2039.699951171875,2.8585000038146973,1.236899971961975,2.1530001163482666,1.2293000221252441,29.249000549316406,310.5,31.190000534057617,282.20001220703125,876.5,491.0
2020-08-11,44.5,41.61000061035156,1946.300048828125,2.871999979019165,1.2383999824523926,2.1710000038146973,1.2044999599456787,26.03700065612793,311.5,31.059999465942383,282.0,878.0,495.0
2020-08-12,45.43000030517578,42.66999816894531,1949.0,2.88700008392334,1.257200002670288,2.1519999504089355,1.2438000440597534,25.954999923706055,314.5,32.0,282.20001220703125,890.5,491.25
2020-08-13,44.959999084472656,42.2400016784668,1970.4000244140625,2.803999900817871,1.2381000518798828,2.181999921798706,1.2347999811172485,27.694000244140625,325.25,31.600000381469727,290.1000061035156,907.25,496.75
2020-08-14,44.79999923706055,42.0099983215332,1949.800048828125,2.8559999465942383,1.2367000579833984,2.3559999465942383,1.2446000576019287,26.065000534057617,324.5,31.530000686645508,289.70001220703125,903.5,500.0
2020-08-17,45.369998931884766,42.88999938964844,1998.699951171875,2.8980000019073486,1.2390999794006348,2.3389999866485596,1.2699999809265137,27.64299964904785,331.0,31.299999237060547,298.29998779296875,912.5,516.5
2020-08-18,45.459999084472656,42.88999938964844,2013.0999755859375,2.9709999561309814,1.2604000568389893,2.4170000553131104,1.2829999923706055,28.048999786376953,327.0,31.579999923706055,296.20001220703125,912.0,507.5
2020-08-19,45.369998931884766,42.93000030517578,1970.300048828125,3.0190000534057617,1.2510000467300415,2.4260001182556152,1.2905000448226929,27.315000534057617,325.0,31.670000076293945,295.70001220703125,912.5,512.0
2020-08-20,44.900001525878906,42.58000183105469,1946.5,2.9700000286102295,1.2467000484466553,2.3519999980926514,1.2964999675750732,27.121999740600586,324.5,31.299999237060547,293.79998779296875,903.0,519.5
2020-08-21,44.349998474121094,42.34000015258789,1947.0,2.9135000705718994,1.2079999446868896,2.447999954223633,1.28410005569458,26.707000732421875,327.0,31.40999984741211,290.20001220703125,900.75,527.25
2020-08-24,45.130001068115234,42.619998931884766,1939.199951171875,2.922499895095825,1.2475999593734741,2.513000011444092,1.3671000003814697,26.58799934387207,331.75,31.65999984741211,289.1000061035156,899.75,520.75
2020-08-25,45.86000061035156,43.349998474121094,1923.0999755859375,2.930999994277954,1.26010000705719,2.489000082015991,1.395900011062622,26.253999710083008,340.75,31.979999542236328,291.6000061035156,913.75,527.25
2020-08-26,45.63999938964844,43.38999938964844,1952.5,2.9595000743865967,1.2446999549865723,2.4609999656677246,1.3605999946594238,27.43000030517578,340.5,32.2400016784668,291.5,919.5,532.0
2020-08-27,45.09000015258789,43.040000915527344,1932.5999755859375,2.9649999141693115,1.2107000350952148,2.5789999961853027,1.284500002861023,27.010000228881836,344.25,33.310001373291016,294.8999938964844,937.25,542.5
2020-08-28,45.04999923706055,42.970001220703125,1974.9000244140625,2.994999885559082,1.2161999940872192,2.6570000648498535,1.315500020980835,27.610000610351562,346.0,33.38999938964844,301.6000061035156,950.5,539.25
2020-08-31,45.279998779296875,42.61000061035156,1978.5999755859375,3.0409998893737793,1.1960999965667725,2.630000114440918,1.2761000394821167,28.437000274658203,348.5,32.959999084472656,304.6000061035156,951.25,544.25
2020-09-01,45.58000183105469,42.7599983215332,1978.9000244140625,3.009500026702881,1.2308000326156616,2.5269999504089355,1.2246999740600586,28.486000061035156,349.5,33.119998931884766,302.79998779296875,955.0,555.75
2020-09-02,44.43000030517578,41.5099983215332,1944.699951171875,3.003000020980835,1.1885000467300415,2.4860000610351562,1.2020000219345093,27.249000549316406,349.75,33.66999816894531,302.29998779296875,962.5,547.75
2020-09-03,44.06999969482422,41.369998931884766,1937.800048828125,2.9579999446868896,1.1677000522613525,2.486999988555908,1.2049000263214111,26.735000610351562,344.5,33.470001220703125,305.20001220703125,968.75,543.25
2020-09-04,42.65999984741211,39.77000045776367,1934.300048828125,3.0464999675750732,1.1514999866485596,2.5880000591278076,1.1771999597549438,26.576000213623047,347.25,33.08000183105469,309.79998779296875,969.5,539.75
2020-09-08,39.779998779296875,36.7599983215332,1943.199951171875,3.012500047683716,1.076799988746643,2.4000000953674316,1.1028000116348267,26.86400032043457,351.0,33.56999969482422,307.20001220703125,973.0,533.25
2020-09-09,40.790000915527344,38.04999923706055,1954.9000244140625,3.0399999618530273,1.1060999631881714,2.4059998989105225,1.1193000078201294,26.954999923706055,350.0,33.209999084472656,310.8999938964844,979.75,534.0
2020-09-10,40.060001373291016,37.29999923706055,1964.300048828125,2.986999988555908,1.0823999643325806,2.322999954223633,1.0976999998092651,27.163000106811523,357.25,33.130001068115234,311.1000061035156,985.0,540.0
2020-09-11,39.83000183105469,37.33000183105469,1947.9000244140625,3.0339999198913574,1.0895999670028687,2.2690000534057617,1.0949000120162964,26.73900032043457,365.0,33.7400016784668,318.3999938964844,1005.5,533.75
2020-09-14,39.61000061035156,37.2599983215332,1963.699951171875,3.066499948501587,1.093400001525879,2.309999942779541,1.1067999601364136,27.229000091552734,357.5,34.279998779296875,316.20001220703125,1019.25,548.5
2020-09-15,40.529998779296875,38.279998779296875,1966.199951171875,3.062999963760376,1.0993000268936157,2.361999988555908,1.138100028038025,27.34600067138672,366.0,34.08000183105469,314.29998779296875,991.5,538.25
2020-09-16,42.220001220703125,40.15999984741211,1970.5,3.058000087738037,1.1162999868392944,2.2669999599456787,1.1888999938964844,27.354999542236328,371.75,34.939998626708984,320.79998779296875,1011.25,542.0
2020-09-17,43.29999923706055,40.970001220703125,1949.9000244140625,3.066499948501587,1.1598000526428223,2.0420000553131104,1.2244000434875488,26.985000610351562,375.25,34.90999984741211,330.3999938964844,1028.5,556.25
2020-09-18,43.150001525878906,41.11000061035156,1962.0999755859375,3.1135001182556152,1.159000039100647,2.0480000972747803,1.2366000413894653,27.027999877929688,378.5,35.22999954223633,337.3999938964844,1043.5,575.0
2020-09-21,41.439998626708984,39.310001373291016,1910.5999755859375,3.0295000076293945,1.107300043106079,1.8350000381469727,1.1770999431610107,24.298999786376953,369.75,34.27000045776367,333.3999938964844,1022.5,554.75
2020-09-22,41.720001220703125,39.599998474121094,1907.5999755859375,3.059000015258789,1.0960999727249146,1.8339999914169312,1.1642999649047852,24.441999435424805,369.25,33.66999816894531,337.29998779296875,1019.75,558.0
2020-09-23,41.77000045776367,39.93000030517578,1868.4000244140625,2.993499994277954,1.1074999570846558,2.125,1.1813000440597534,23.013999938964844,368.5,32.689998626708984,342.1000061035156,1014.5,549.0
2020-09-24,41.939998626708984,40.310001373291016,1876.9000244140625,2.9690001010894775,1.1167000532150269,2.247999906539917,1.1957000494003296,23.118000030517578,363.5,32.36000061035156,333.79998779296875,1000.0,549.75
2020-09-25,41.91999816894531,40.25,1866.300048828125,2.9730000495910645,1.1261999607086182,2.1389999389648438,1.2142000198364258,23.017000198364258,365.25,32.84000015258789,336.8999938964844,1002.5,544.25
2020-09-28,42.43000030517578,40.599998474121094,1882.300048828125,2.989500045776367,1.1395000219345093,2.1010000705718994,1.2466000318527222,23.527999877929688,366.75,33.290000915527344,332.6000061035156,996.25,550.25
2020-09-29,41.029998779296875,39.290000915527344,1903.199951171875,2.9835000038146973,1.1089999675750732,2.561000108718872,1.20169997215271,24.3799991607666,364.75,32.869998931884766,327.29998779296875,993.0,549.5
2020-09-30,40.95000076293945,40.220001220703125,1895.5,3.0285000801086426,1.145400047302246,2.5269999504089355,1.2007999420166016,23.433000564575195,379.0,33.369998931884766,339.70001220703125,1023.5,578.0
2020-10-01,40.93000030517578,38.720001220703125,1916.300048828125,2.8635001182556152,1.125,2.5269999504089355,1.152400016784668,24.19300079345703,382.75,32.650001525878906,345.0,1023.5,570.25
2020-10-02,39.27000045776367,37.04999923706055,1907.5999755859375,2.9784998893737793,1.0850000381469727,2.437999963760376,1.1234999895095825,23.97100067138672,379.75,31.940000534057617,349.3999938964844,1020.75,573.25
2020-10-05,41.290000915527344,39.220001220703125,1920.0999755859375,2.9649999141693115,1.1332999467849731,2.615000009536743,1.194100022315979,24.50200080871582,379.5,32.810001373291016,343.6000061035156,1021.5,584.25
2020-10-06,42.650001525878906,40.66999816894531,1908.800048828125,2.9655001163482666,1.188599944114685,2.5199999809265137,1.2351000308990479,23.8700008392334,385.0,33.290000915527344,354.29998779296875,1044.0,592.75
2020-10-07,41.9900016784668,39.95000076293945,1890.800048828125,3.0344998836517334,1.1607999801635742,2.6059999465942383,1.2008999586105347,23.847999572753906,388.75,33.310001373291016,361.0,1051.0,607.5
2020-10-08,43.34000015258789,41.189998626708984,1895.0999755859375,3.0420000553131104,1.1922999620437622,2.627000093460083,1.231600046157837,23.836999893188477,387.0,33.2400016784668,359.20001220703125,1050.0,595.25
2020-10-09,42.849998474121094,40.599998474121094,1926.199951171875,3.0794999599456787,1.1933000087738037,2.740999937057495,1.2031999826431274,25.069000244140625,395.0,34.150001525878906,363.1000061035156,1065.5,593.75
2020-10-12,41.720001220703125,39.43000030517578,1928.9000244140625,3.061000108718872,1.157099962234497,2.88100004196167,1.1756999492645264,25.22599983215332,389.0,33.13999938964844,356.70001220703125,1033.75,594.25
2020-10-13,42.45000076293945,40.20000076293945,1894.5999755859375,3.0425000190734863,1.1690000295639038,2.8550000190734863,1.1827000379562378,24.086000442504883,391.25,33.720001220703125,358.5,1044.0,594.0
2020-10-14,43.31999969482422,41.040000915527344,1907.300048828125,3.047499895095825,1.1924999952316284,2.635999917984009,1.197100043296814,24.36400032043457,396.5,33.720001220703125,358.3999938964844,1056.25,596.75
2020-10-15,43.15999984741211,40.959999084472656,1908.9000244140625,3.0829999446868896,1.1886999607086182,2.7750000953674316,1.1799999475479126,24.19300079345703,403.75,33.16999816894531,372.1000061035156,1062.25,618.25
2020-10-16,42.93000030517578,40.880001068115234,1906.4000244140625,3.065000057220459,1.1791000366210938,2.7730000019073486,1.1687999963760376,24.368999481201172,402.0,32.9900016784668,367.5,1050.0,625.25
2020-10-19,42.619998931884766,40.83000183105469,1911.699951171875,3.0810000896453857,1.1581000089645386,2.7950000762939453,1.1622999906539917,24.656999588012695,405.25,32.529998779296875,373.20001220703125,1054.25,627.0
2020-10-20,43.15999984741211,41.459999084472656,1915.4000244140625,3.1435000896453857,1.1734999418258667,2.9130001068115234,1.1878999471664429,24.937000274658203,408.75,33.310001373291016,371.8999938964844,1064.0,632.0
2020-10-21,41.72999954223633,40.029998779296875,1929.5,3.194499969482422,1.1398999691009521,3.0230000019073486,1.1403000354766846,25.19700050354004,413.75,33.20000076293945,378.79998779296875,1072.0,629.75
2020-10-22,42.459999084472656,40.63999938964844,1904.5999755859375,3.1500000953674316,1.1606999635696411,3.006999969482422,1.1581000089645386,24.665000915527344,416.25,33.689998626708984,382.3999938964844,1073.75,622.75
2020-10-23,41.77000045776367,39.849998474121094,1905.199951171875,3.125499963760376,1.1512999534606934,2.9709999561309814,1.1389000415802002,24.62700080871582,419.25,34.11000061035156,386.3999938964844,1083.75,632.75
2020-10-26,40.459999084472656,38.560001373291016,1905.699951171875,3.0885000228881836,1.1217999458312988,3.0239999294281006,1.1116000413894653,24.375999450683594,417.75,34.459999084472656,389.6000061035156,1087.75,620.0
2020-10-27,41.20000076293945,39.56999969482422,1911.9000244140625,3.0899999141693115,1.1576999425888062,3.0190000534057617,1.143399953842163,24.525999069213867,416.0,34.11000061035156,384.0,1082.25,615.75
2020-10-28,39.119998931884766,37.38999938964844,1879.199951171875,3.056999921798706,1.1141999959945679,2.996000051498413,1.0814000368118286,23.323999404907227,401.5,33.41999816894531,376.70001220703125,1057.25,608.75
2020-10-29,37.650001525878906,36.16999816894531,1868.0,3.052000045776367,1.0884000062942505,3.3010001182556152,1.0514999628067017,23.339000701904297,398.5,33.060001373291016,376.8999938964844,1051.75,603.75
2020-10-30,37.459999084472656,35.790000915527344,1879.9000244140625,3.0434999465942383,1.0813000202178955,3.3540000915527344,1.0494999885559082,23.617000579833984,398.5,33.61000061035156,378.6000061035156,1056.5,598.5
2020-11-02,38.970001220703125,36.810001373291016,1892.5,3.073499917984009,1.1123000383377075,3.24399995803833,1.0520000457763672,24.006000518798828,397.5,33.189998626708984,375.1000061035156,1050.75,607.5
2020-11-03,39.709999084472656,37.65999984741211,1910.4000244140625,3.0869998931884766,1.1270999908447266,3.059000015258789,1.0769000053405762,24.30500030517578,401.0,33.779998779296875,377.20001220703125,1059.0,608.0
2020-11-04,41.22999954223633,39.150001525878906,1896.199951171875,3.1010000705718994,1.1734999418258667,3.0460000038146973,1.1081000566482544,23.86400032043457,405.25,34.38999938964844,385.70001220703125,1079.0,606.0
2020-11-05,40.93000030517578,38.790000915527344,1946.800048828125,3.1045000553131104,1.169600009918213,2.941999912261963,1.1159000396728516,25.17099952697754,409.25,35.470001220703125,387.79998779296875,1101.75,609.25
2020-11-06,39.45000076293945,37.13999938964844,1951.699951171875,3.1489999294281006,1.1426000595092773,2.888000011444092,1.0844000577926636,25.645999908447266,406.75,35.34000015258789,382.3999938964844,1098.5,602.0
2020-11-09,42.400001525878906,40.290000915527344,1854.4000244140625,3.1514999866485596,1.2166999578475952,2.8589999675750732,1.1606999635696411,23.684999465942383,407.5,35.47999954223633,384.1000061035156,1105.0,597.5
2020-11-10,43.61000061035156,41.36000061035156,1876.4000244140625,3.1505000591278076,1.252500057220459,2.9489998817443848,1.194100022315979,24.445999145507812,423.0,36.060001373291016,394.79998779296875,1138.25,608.5
2020-11-11,43.79999923706055,41.45000076293945,1861.5999755859375,3.128999948501587,1.2458000183105469,3.0309998989105225,1.1758999824523926,24.250999450683594,417.25,37.130001068115234,392.70001220703125,1143.25,598.0
2020-11-12,43.529998779296875,41.119998931884766,1873.300048828125,3.1429998874664307,1.233299970626831,2.9760000705718994,1.157099962234497,24.290000915527344,408.25,37.04999923706055,388.1000061035156,1137.0,588.25
2020-11-13,42.779998779296875,40.130001068115234,1886.199951171875,3.17549991607666,1.204200029373169,2.994999885559082,1.1253999471664429,24.759000778198242,410.5,37.130001068115234,388.1000061035156,1141.5,593.5
2020-11-16,43.81999969482422,41.34000015258789,1887.800048828125,3.2200000286102295,1.2288999557495117,2.697000026702881,1.1468000411987305,24.785999298095703,416.25,37.43000030517578,389.29998779296875,1153.5,598.0
2020-11-17,43.75,41.43000030517578,1885.0999755859375,3.196500062942505,1.2390999794006348,2.691999912261963,1.1532000303268433,24.635000228881836,420.25,37.5,395.79998779296875,1169.75,595.25
2020-11-18,44.34000015258789,41.81999969482422,1873.9000244140625,3.197999954223633,1.2640000581741333,2.7119998931884766,1.1628999710083008,24.433000564575195,425.75,38.459999084472656,394.8999938964844,1175.75,597.75
2020-11-19,44.20000076293945,41.7400016784668,1861.5,3.2035000324249268,1.2706999778747559,2.5920000076293945,1.162500023841858,24.033000946044922,422.5,38.810001373291016,393.70001220703125,1177.5,591.75
2020-11-20,44.959999084472656,42.150001525878906,1872.4000244140625,3.2934999465942383,1.2862999439239502,2.6500000953674316,1.1751999855041504,24.347999572753906,423.25,38.65999984741211,394.70001220703125,1181.0,593.25
2020-11-23,46.060001373291016,43.060001373291016,1837.800048828125,3.259500026702881,1.3105000257492065,2.7109999656677246,1.2039999961853027,23.624000549316406,426.5,38.54999923706055,394.8999938964844,1191.5,598.75
2020-11-24,47.86000061035156,44.90999984741211,1804.5999755859375,3.299999952316284,1.3595000505447388,2.7750000953674316,1.2582000494003296,23.29199981689453,425.75,38.060001373291016,398.29998779296875,1191.25,611.25
2020-11-25,48.61000061035156,45.709999084472656,1805.5,3.312000036239624,1.3866000175476074,2.8959999084472656,1.287500023841858,23.356000900268555,420.0,38.18000030517578,396.8999938964844,1184.0,588.25
2020-11-27,48.18000030517578,45.529998779296875,1781.9000244140625,3.3994998931884766,1.3804999589920044,2.8429999351501465,1.281999945640564,22.55299949645996,425.5,38.70000076293945,398.5,1191.75,596.5
2020-11-30,47.59000015258789,45.34000015258789,1775.699951171875,3.4205000400543213,1.3559000492095947,2.881999969482422,1.248900055885315,22.534000396728516,419.75,37.880001068115234,393.1000061035156,1168.5,580.25
2020-12-01,47.41999816894531,44.54999923706055,1814.0999755859375,3.4679999351501465,1.3473000526428223,2.880000114440918,1.2203999757766724,24.033000946044922,414.75,37.400001525878906,393.5,1162.0,565.5
2020-12-02,48.25,45.279998779296875,1830.199951171875,3.4749999046325684,1.3661999702453613,2.7799999713897705,1.23989999294281,24.024999618530273,419.0,37.470001220703125,389.5,1153.0,578.0
2020-12-03,48.709999084472656,45.63999938964844,1841.0999755859375,3.4790000915527344,1.3933000564575195,2.506999969482422,1.2617000341415405,24.086999893188477,422.5,38.68000030517578,392.79998779296875,1168.25,571.75
2020-12-04,49.25,46.2599983215332,1840.0,3.5139999389648438,1.402999997138977,2.575000047683716,1.2684999704360962,24.202999114990234,417.0,39.189998626708984,388.79998779296875,1163.0,566.5
2020-12-07,48.790000915527344,45.7599983215332,1866.0,3.508500099182129,1.3991999626159668,2.4059998989105225,1.2558000087738037,24.740999221801758,419.5,38.869998931884766,386.5,1158.5,571.25
2020-12-08,48.84000015258789,45.599998474121094,1874.9000244140625,3.49399995803833,1.4067000150680542,2.3989999294281006,1.2559000253677368,24.68400001525879,417.0,38.279998779296875,381.70001220703125,1145.75,563.75
2020-12-09,48.86000061035156,45.52000045776367,1838.5,3.507999897003174,1.398900032043457,2.441999912261963,1.2759000062942505,23.93000030517578,422.0,38.7599983215332,384.3999938964844,1158.5,577.0
2020-12-10,50.25,46.779998779296875,1837.4000244140625,3.570499897003174,1.4357000589370728,2.552999973297119,1.31659996509552,24.0310001373291,420.25,38.959999084472656,381.0,1152.75,590.25
2020-12-11,49.970001220703125,46.56999969482422,1843.5999755859375,3.5239999294281006,1.436900019645691,2.5910000801086426,1.3077000379562378,24.031999588012695,424.25,39.58000183105469,384.1000061035156,1160.5,608.25
2020-12-14,50.290000915527344,46.9900016784668,1832.0999755859375,3.5220000743865967,1.4543999433517456,2.681999921798706,1.319100022315979,23.985000610351562,419.25,40.11000061035156,380.79998779296875,1169.5,593.5
2020-12-15,50.7599983215332,47.619998931884766,1855.300048828125,3.5380001068115234,1.464400053024292,2.681999921798706,1.326799988746643,24.58099937438965,424.75,39.189998626708984,388.20001220703125,1184.25,599.75
2020-12-16,51.08000183105469,47.81999969482422,1859.0999755859375,3.553999900817871,1.4779000282287598,2.677000045776367,1.3529000282287598,24.985000610351562,427.25,39.04999923706055,394.5,1183.75,598.5
2020-12-17,51.5,48.36000061035156,1890.4000244140625,3.5969998836517334,1.4952000379562378,2.635999917984009,1.388100028038025,26.100000381469727,432.5,39.93000030517578,397.8999938964844,1201.25,608.75
2020-12-18,52.2599983215332,49.099998474121094,1888.9000244140625,3.628499984741211,1.5130000114440918,2.700000047683716,1.3955999612808228,25.948999404907227,437.5,40.06999969482422,405.5,1220.0,608.25
2020-12-21,50.90999984741211,47.7400016784668,1882.800048828125,3.572999954223633,1.4773999452590942,2.7049999237060547,1.3603999614715576,26.277999877929688,440.0,39.959999084472656,412.29998779296875,1243.25,611.25
2020-12-22,50.08000183105469,47.02000045776367,1870.300048828125,3.5179998874664307,1.4615999460220337,2.7799999713897705,1.3394999504089355,25.43400001525879,443.5,40.54999923706055,415.0,1247.25,617.0
2020-12-23,51.20000076293945,48.119998931884766,1878.0999755859375,3.552000045776367,1.497499942779541,2.6080000400543213,1.3819999694824219,25.823999404907227,447.25,41.349998474121094,421.20001220703125,1258.75,629.75
2020-12-24,51.290000915527344,48.22999954223633,1883.199951171875,3.559999942779541,1.4900000095367432,2.5179998874664307,1.3789000511169434,25.81100082397461,451.0,41.84000015258789,416.79998779296875,1263.5,627.0
2020-12-28,50.86000061035156,47.619998931884766,1880.4000244140625,3.569999933242798,1.4789999723434448,2.305000066757202,1.3676999807357788,26.459999084472656,456.5,41.720001220703125,415.29998779296875,1255.25,614.25
2020-12-29,51.09000015258789,48.0,1882.9000244140625,3.552999973297119,1.486799955368042,2.4670000076293945,1.3878999948501587,26.13800048828125,466.0,42.47999954223633,427.0,1295.5,618.5
2020-12-30,51.34000015258789,48.400001525878906,1893.4000244140625,3.5429999828338623,1.489799976348877,2.421999931335449,1.4119999408721924,26.488000869750977,474.5,42.66999816894531,432.3999938964844,1303.75,640.75
2020-12-31,51.79999923706055,48.52000045776367,1895.0999755859375,3.5139999389648438,1.4763000011444092,2.5390000343322754,1.408400058746338,26.332000732421875,484.0,43.33000183105469,434.3999938964844,1315.25,640.5
2021-01-04,51.09000015258789,47.619998931884766,1946.5999755859375,3.552999973297119,1.4620000123977661,2.5810000896453857,1.3729000091552734,27.284000396728516,483.75,42.93000030517578,427.20001220703125,1316.5,642.0
2021-01-05,53.599998474121094,49.93000030517578,1954.4000244140625,3.640500068664551,1.5189000368118286,2.7019999027252197,1.4521000385284424,27.570999145507812,491.75,44.36000061035156,435.3999938964844,1350.0,654.0
2021-01-06,54.29999923706055,50.630001068115234,1908.5999755859375,3.6500000953674316,1.5286999940872192,2.7160000801086426,1.475000023841858,26.972999572753906,495.0,44.38999938964844,443.29998779296875,1365.25,647.5
2021-01-07,54.380001068115234,50.83000183105469,1913.5999755859375,3.695499897003174,1.538100004196167,2.7290000915527344,1.482699990272522,27.200000762939453,494.0,44.349998474121094,438.0,1360.5,642.25
2021-01-08,55.9900016784668,52.2400016784668,1835.4000244140625,3.6735000610351562,1.5794999599456787,2.700000047683716,1.5422999858856201,24.582000732421875,496.25,43.7599983215332,444.79998779296875,1375.75,638.75
2021-01-11,55.65999984741211,52.25,1850.800048828125,3.563999891281128,1.5735000371932983,2.746999979019165,1.520799994468689,25.23900032043457,492.25,43.130001068115234,451.79998779296875,1374.5,634.75
2021-01-12,56.58000183105469,53.209999084472656,1844.199951171875,3.6050000190734863,1.5966999530792236,2.753000020980835,1.5529999732971191,25.384000778198242,517.25,43.130001068115234,471.20001220703125,1422.0,665.0
2021-01-13,56.060001373291016,52.90999984741211,1854.9000244140625,3.617000102996826,1.5988999605178833,2.7269999980926514,1.548799991607666,25.520000457763672,524.5,42.68000030517578,462.3999938964844,1411.0,660.5
2021-01-14,56.41999816894531,53.56999969482422,1851.4000244140625,3.6679999828338623,1.6194000244140625,2.6659998893737793,1.5539000034332275,25.746000289916992,534.25,43.27000045776367,464.8999938964844,1436.5,670.0
2021-01-15,55.099998474121094,52.36000061035156,1829.9000244140625,3.6029999256134033,1.592900037765503,2.736999988555908,1.52839994430542,24.825000762939453,531.5,41.849998474121094,463.20001220703125,1416.75,675.5
2021-01-19,55.900001525878906,52.97999954223633,1840.199951171875,3.635999917984009,1.5987000465393066,2.5460000038146973,1.538100004196167,25.27899932861328,526.0,41.70000076293945,450.5,1385.75,672.25
2021-01-20,56.08000183105469,53.2400016784668,1866.5,3.6475000381469727,1.6003999710083008,2.5390000343322754,1.5439000129699707,25.733999252319336,522.0,42.540000915527344,442.3999938964844,1369.5,667.75
2021-01-21,56.099998474121094,53.130001068115234,1865.9000244140625,3.6554999351501465,1.600600004196167,2.490999937057495,1.5478999614715576,25.82200050354004,524.25,43.43000030517578,438.20001220703125,1370.25,660.75
2021-01-22,55.40999984741211,52.27000045776367,1856.199951171875,3.635499954223633,1.5759999752044678,2.446000099182129,1.548699975013733,25.52400016784668,500.5,42.27000045776367,421.6000061035156,1311.75,634.5
2021-01-25,55.880001068115234,52.77000045776367,1855.199951171875,3.640500068664551,1.5938999652862549,2.6019999980926514,1.5611000061035156,25.454999923706055,511.5,42.939998626708984,429.6000061035156,1343.5,648.5
2021-01-26,55.90999984741211,52.61000061035156,1850.9000244140625,3.628000020980835,1.5983999967575073,2.6559998989105225,1.5807000398635864,25.52899932861328,532.25,43.90999984741211,436.5,1370.25,665.25
2021-01-27,55.810001373291016,52.849998474121094,1844.9000244140625,3.571500062942505,1.6088999509811401,2.759999990463257,1.5771000385284424,25.375999450683594,534.0,44.52000045776367,436.6000061035156,1374.75,658.25
2021-01-28,55.529998779296875,52.34000015258789,1837.9000244140625,3.5829999446868896,1.601699948310852,2.6640000343322754,1.582900047302246,25.909000396728516,534.5,44.650001525878906,427.1000061035156,1353.25,647.0
2021-01-29,55.880001068115234,52.20000076293945,1847.300048828125,3.573499917984009,1.6003999710083008,2.563999891281128,1.5724999904632568,26.899999618530273,547.0,44.619998931884766,431.0,1370.0,663.0
2021-02-01,56.349998474121094,53.54999923706055,1863.9000244140625,3.562000036239624,1.6469000577926636,2.8499999046325684,1.5901000499725342,29.398000717163086,549.25,44.970001220703125,430.5,1365.25,651.0
2021-02-02,57.459999084472656,54.7599983215332,1833.4000244140625,3.5390000343322754,1.6746000051498413,2.8450000286102295,1.6160000562667847,26.384000778198242,543.0,44.31999969482422,428.0,1354.75,644.75
2021-02-03,58.459999084472656,55.689998626708984,1835.0999755859375,3.5785000324249268,1.690500020980835,2.7890000343322754,1.6485999822616577,26.878000259399414,552.0,44.47999954223633,435.5,1371.25,648.25
2021-02-04,58.84000015258789,56.22999954223633,1791.199951171875,3.565999984741211,1.7005000114440918,2.934999942779541,1.6447999477386475,26.222999572753906,550.0,44.939998626708984,433.1000061035156,1372.5,637.5
2021-02-05,59.34000015258789,56.849998474121094,1813.0,3.6389999389648438,1.7137000560760498,2.86299991607666,1.6492999792099,27.013999938964844,548.5,44.65999984741211,430.5,1366.75,641.25
2021-02-08,60.560001373291016,57.970001220703125,1834.199951171875,3.678999900817871,1.7477999925613403,2.881999969482422,1.6748000383377075,27.56999969482422,563.75,45.630001068115234,436.6000061035156,1387.75,655.75
2021-02-09,61.09000015258789,58.36000061035156,1837.5,3.7335000038146973,1.756700038909912,2.8350000381469727,1.6735999584197998,27.395999908447266,556.25,46.52000045776367,438.70001220703125,1401.75,649.5
2021-02-10,61.470001220703125,58.68000030517578,1842.699951171875,3.7855000495910645,1.7610000371932983,2.9110000133514404,1.65339994430542,27.073999404907227,534.5,45.689998626708984,422.29998779296875,1354.0,635.5
2021-02-11,61.13999938964844,58.2400016784668,1826.800048828125,3.7874999046325684,1.7446000576019287,2.868000030517578,1.6502000093460083,27.04199981689453,541.0,45.630001068115234,428.8999938964844,1367.5,633.5
2021-02-12,62.43000030517578,59.470001220703125,1823.199951171875,3.802000045776367,1.771399974822998,2.9119999408721924,1.6924999952316284,27.322999954223633,538.75,46.040000915527344,427.20001220703125,1372.0,636.75
2021-02-16,63.349998474121094,60.04999923706055,1799.0,3.8480000495910645,1.8143999576568604,3.128999948501587,1.7728999853134155,27.319000244140625,552.25,47.27000045776367,428.3999938964844,1384.75,657.5
2021-02-17,64.33999633789062,61.13999938964844,1772.800048828125,3.8359999656677246,1.8377000093460083,3.2190001010894775,1.8105000257492065,27.31399917602539,553.0,46.77000045776367,431.70001220703125,1383.75,644.0
2021-02-18,63.93000030517578,60.52000045776367,1775.0,3.9165000915527344,1.836400032043457,3.0820000171661377,1.7942999601364136,27.07699966430664,550.25,46.90999984741211,425.8999938964844,1375.0,662.5
2021-02-19,62.90999984741211,59.2400016784668,1777.4000244140625,4.090000152587891,1.8229000568389893,3.069000005722046,1.8069000244140625,27.25200080871582,542.75,47.54999923706055,424.29998779296875,1377.25,650.75
2021-02-22,65.23999786376953,61.4900016784668,1808.4000244140625,4.152500152587891,1.8586000204086304,2.953000068664551,1.8416999578475952,28.08300018310547,551.0,47.900001525878906,423.1000061035156,1383.75,664.0
2021-02-23,65.37000274658203,61.66999816894531,1805.9000244140625,4.1875,1.8680000305175781,2.878999948501587,1.8586000204086304,27.68600082397461,553.75,49.2599983215332,426.5,1406.0,665.75
2021-02-24,67.04000091552734,63.220001220703125,1797.9000244140625,4.301000118255615,1.9083000421524048,2.8540000915527344,1.8955999612808228,27.85700035095215,559.25,51.13999938964844,428.29998779296875,1423.75,680.25
2021-02-25,66.87999725341797,63.529998779296875,1775.4000244140625,4.265999794006348,1.906599998474121,2.7769999504089355,1.892300009727478,27.636999130249023,554.75,50.959999084472656,424.1000061035156,1406.0,671.75
2021-02-26,66.12999725341797,61.5,1728.800048828125,4.0945000648498535,1.8565000295639038,2.7709999084472656,1.8769999742507935,26.402000427246094,555.5,51.34000015258789,423.20001220703125,1405.25,655.0
2021-03-01,63.689998626708984,60.63999938964844,1723.0,4.119500160217285,1.819200038909912,2.7769999504089355,1.9428999423980713,26.64699935913086,547.5,50.77000045776367,420.20001220703125,1392.5,643.75
2021-03-02,62.70000076293945,59.75,1733.5999755859375,4.231500148773193,1.8080999851226807,2.8389999866485596,1.936400055885315,26.850000381469727,560.75,51.27000045776367,423.29998779296875,1414.0,663.25
2021-03-03,64.06999969482422,61.279998779296875,1715.800048828125,4.1529998779296875,1.8357000350952148,2.815999984741211,1.951799988746643,26.35700035095215,550.25,51.349998474121094,420.20001220703125,1410.75,652.0
2021-03-04,66.73999786376953,63.83000183105469,1700.699951171875,3.990999937057495,1.8960000276565552,2.746000051498413,1.9979000091552734,25.43400001525879,546.25,52.380001068115234,418.1000061035156,1415.25,649.75
2021-03-05,69.36000061035156,66.08999633789062,1698.5,4.086999893188477,1.944000005722046,2.7009999752044678,2.06469988822937,25.256999969482422,562.0,53.380001068115234,420.0,1434.25,654.0
2021-03-08,68.23999786376953,65.05000305175781,1678.0,4.103499889373779,1.9084999561309814,2.6640000343322754,2.0487000942230225,25.239999771118164,565.0,54.060001373291016,418.29998779296875,1437.75,646.5
2021-03-09,67.5199966430664,64.01000213623047,1716.9000244140625,4.019499778747559,1.9072999954223633,2.6619999408721924,2.0501999855041504,26.148000717163086,562.0,55.150001525878906,419.20001220703125,1441.25,656.5
2021-03-10,67.9000015258789,64.44000244140625,1721.800048828125,4.041999816894531,1.9172999858856201,2.691999912261963,2.0794999599456787,26.101999282836914,547.75,55.36000061035156,410.1000061035156,1411.5,650.75
2021-03-11,69.62999725341797,66.0199966430664,1722.5999755859375,4.14300012588501,1.9594000577926636,2.6679999828338623,2.138000011444092,26.16200065612793,555.0,56.459999084472656,402.0,1415.5,636.25
2021-03-12,69.22000122070312,65.61000061035156,1719.800048828125,4.145500183105469,1.9674999713897705,2.5999999046325684,2.1500000953674316,25.8799991607666,549.25,56.88999938964844,396.29998779296875,1415.75,631.75
2021-03-15,68.87999725341797,65.38999938964844,1729.199951171875,4.146500110626221,1.9488999843597412,2.4839999675750732,2.104599952697754,26.253000259399414,549.5,55.09000015258789,407.3999938964844,1419.5,645.0
2021-03-16,68.38999938964844,64.80000305175781,1730.9000244140625,4.078999996185303,1.9327000379562378,2.562000036239624,2.1012001037597656,25.974000930786133,554.25,55.09000015258789,406.1000061035156,1423.25,647.0
2021-03-17,68.0,64.5999984741211,1727.0999755859375,4.127999782562256,1.9061000347137451,2.5280001163482666,2.047100067138672,26.030000686645508,558.0,54.599998474121094,404.8999938964844,1417.75,640.0
2021-03-18,63.279998779296875,60.0,1732.5,4.117000102996826,1.7841999530792236,2.4809999465942383,1.944100022315979,26.320999145507812,546.5,53.52000045776367,398.20001220703125,1392.25,630.5
2021-03-19,64.52999877929688,61.41999816894531,1741.699951171875,4.123499870300293,1.8222999572753906,2.5350000858306885,1.9430999755859375,26.29199981689453,557.75,53.869998931884766,407.8999938964844,1416.25,627.0
2021-03-22,64.62000274658203,61.54999923706055,1738.0999755859375,4.14900016784668,1.829300045967102,2.5820000171661377,1.9598000049591064,25.740999221801758,549.0,56.369998931884766,396.6000061035156,1417.5,627.25
2021-03-23,60.790000915527344,57.7599983215332,1725.0999755859375,4.0879998207092285,1.748900055885315,2.507999897003174,1.896399974822998,25.200000762939453,551.25,57.02000045776367,398.79998779296875,1423.25,634.75
2021-03-24,64.41000366210938,61.18000030517578,1733.199951171875,4.071499824523926,1.825600028038025,2.5179998874664307,1.9889999628067017,25.201000213623047,553.25,57.47999954223633,401.0,1432.75,624.75
2021-03-25,61.95000076293945,58.560001373291016,1725.0999755859375,3.984999895095825,1.7477999925613403,2.569999933242798,1.9208999872207642,25.02199935913086,546.5,54.97999954223633,404.6000061035156,1414.25,612.5
2021-03-26,64.56999969482422,60.970001220703125,1732.300048828125,4.078499794006348,1.809999942779541,2.556999921798706,1.9673000574111938,25.091999053955078,552.5,52.47999954223633,404.0,1400.5,613.25
2021-03-29,64.9800033569336,61.560001373291016,1712.199951171875,4.043000221252441,1.8098000288009644,2.5859999656677246,1.9952000379562378,24.746999740600586,546.75,52.959999084472656,398.1000061035156,1393.0,616.75
2021-03-30,64.13999938964844,60.54999923706055,1683.9000244140625,3.9830000400543213,1.789199948310852,2.622999906539917,1.9889999628067017,24.121000289916992,539.25,50.459999084472656,398.20001220703125,1366.75,601.75
2021-03-31,63.540000915527344,59.15999984741211,1713.800048828125,4.002999782562256,1.771299958229065,2.6080000400543213,1.9532999992370605,24.517000198364258,564.25,52.91999816894531,423.20001220703125,1436.75,618.0
2021-04-01,64.86000061035156,61.45000076293945,1728.4000244140625,4.003499984741211,1.8315999507904053,2.6389999389648438,2.0223000049591064,24.934999465942383,559.75,52.130001068115234,410.20001220703125,1402.0,611.0
2021-04-05,62.150001525878906,58.650001525878906,1728.800048828125,4.14900016784668,1.7724000215530396,2.510999917984009,1.9610999822616577,24.76300048828125,553.25,52.810001373291016,406.29998779296875,1412.75,618.0
2021-04-06,62.7400016784668,59.33000183105469,1743.0,4.126500129699707,1.794100046157837,2.4560000896453857,1.9663000106811523,25.211999893188477,554.25,53.91999816894531,406.3999938964844,1418.75,615.5
2021-04-07,63.15999984741211,59.77000045776367,1741.5999755859375,4.064000129699707,1.8078999519348145,2.5199999809265137,1.951799988746643,25.232999801635742,560.5,52.849998474121094,409.1000061035156,1408.75,616.25
2021-04-08,63.20000076293945,59.599998474121094,1758.199951171875,4.103499889373779,1.8098000288009644,2.5220000743865967,1.9593000411987305,25.569000244140625,579.75,53.380001068115234,406.79998779296875,1415.25,628.75
2021-04-09,62.95000076293945,59.31999969482422,1744.800048828125,4.05049991607666,1.8076000213623047,2.5260000228881836,1.9621000289916992,25.31100082397461,577.25,52.849998474121094,401.20001220703125,1403.0,638.75
2021-04-12,63.279998779296875,59.70000076293945,1732.699951171875,4.03000020980835,1.8079999685287476,2.561000108718872,1.9700000286102295,24.85300064086914,569.0,51.45000076293945,401.8999938964844,1382.0,628.0
2021-04-13,63.66999816894531,60.18000030517578,1747.5999755859375,4.043000221252441,1.8144999742507935,2.61899995803833,1.9757000207901,25.41699981689453,580.0,53.029998779296875,395.0,1389.5,629.75
2021-04-14,66.58000183105469,63.150001525878906,1736.300048828125,4.139999866485596,1.8899999856948853,2.618000030517578,2.0355000495910645,25.514999389648438,594.0,54.2400016784668,398.20001220703125,1410.0,648.0
2021-04-15,66.94000244140625,63.459999084472656,1766.800048828125,4.230500221252441,1.898900032043457,2.6579999923706055,2.051800012588501,25.95599937438965,590.0,54.88999938964844,401.8999938964844,1418.25,653.75
2021-04-16,66.7699966430664,63.130001068115234,1780.199951171875,4.179999828338623,1.8956999778747559,2.680000066757202,2.039900064468384,26.099000930786133,585.5,56.33000183105469,402.20001220703125,1433.25,652.5
2021-04-19,67.05000305175781,63.380001068115234,1770.5999755859375,4.25,1.8925000429153442,2.749000072479248,2.0445001125335693,25.83099937438965,592.0,56.27000045776367,407.5,1449.75,652.25
2021-04-20,66.56999969482422,62.439998626708984,1778.4000244140625,4.223999977111816,1.8801000118255615,2.7269999980926514,2.017400026321411,25.834999084472656,606.5,58.31999969482422,410.3999938964844,1472.0,659.75
2021-04-21,65.31999969482422,61.349998474121094,1793.0999755859375,4.286499977111816,1.853700041770935,2.691999912261963,1.9833999872207642,26.565000534057617,625.5,60.189998626708984,412.29998779296875,1497.25,673.25
2021-04-22,65.4000015258789,61.43000030517578,1782.0,4.2804999351501465,1.86080002784729,2.749000072479248,1.9746999740600586,26.173999786376953,650.5,62.52000045776367,422.0,1533.25,710.25
2021-04-23,66.11000061035156,62.13999938964844,1777.800048828125,4.3429999351501465,1.8734999895095825,2.7300000190734863,1.9957000017166138,26.07699966430664,655.5,62.709999084472656,422.3999938964844,1539.75,710.25
2021-04-26,65.6500015258789,61.90999984741211,1780.0999755859375,4.447999954223633,1.878499984741211,2.7899999618530273,1.978600025177002,26.211000442504883,680.5,65.20999908447266,428.79998779296875,1569.0,739.5
2021-04-27,66.41999816894531,62.939998626708984,1778.800048828125,4.743000030517578,1.9056999683380127,2.872999906539917,2.020400047302246,26.41200065612793,695.5,66.44999694824219,425.5,1549.75,733.75
2021-04-28,67.2699966430664,63.86000061035156,1773.9000244140625,4.5370001792907715,1.938599944114685,2.924999952316284,2.072200059890747,26.08099937438965,686.25,68.94999694824219,421.29998779296875,1557.75,725.25
2021-04-29,68.55999755859375,65.01000213623047,1768.300048828125,4.493000030517578,1.961400032043457,2.9110000133514404,2.099900007247925,26.05299949645996,702.0,65.98999786376953,422.6000061035156,1542.5,737.5
2021-04-30,67.25,63.58000183105469,1767.699951171875,4.479000091552734,1.9211000204086304,2.930999994277954,2.0697999000549316,25.85300064086914,740.0,68.45999908447266,426.0,1571.0,742.5
2021-05-03,67.55999755859375,64.48999786376953,1791.800048828125,4.543000221252441,1.9519000053405762,2.9660000801086426,2.1015000343322754,26.94300079345703,732.25,68.30999755859375,416.20001220703125,1560.25,725.5
2021-05-04,68.87999725341797,65.69000244140625,1776.0,4.535999774932861,1.9988000392913818,2.9670000076293945,2.15120005607605,26.538999557495117,744.75,67.94999694824219,423.5,1577.0,737.0
2021-05-05,68.95999908447266,65.62999725341797,1784.300048828125,4.539000034332275,2.002500057220459,2.937999963760376,2.1512999534606934,26.50200080871582,753.25,66.73999786376953,424.29998779296875,1582.0,755.75
2021-05-06,68.08999633789062,64.70999908447266,1815.699951171875,4.61899995803833,1.9895000457763672,2.927999973297119,2.1136999130249023,27.461999893188477,759.5,66.25,427.70001220703125,1605.5,764.25
2021-05-07,68.27999877929688,64.9000015258789,1831.300048828125,4.765999794006348,2.0106000900268555,2.9579999446868896,2.1268999576568604,27.461999893188477,772.75,66.37999725341797,442.5,1621.0,773.5
2021-05-10,68.31999969482422,64.91999816894531,1837.5999755859375,4.733500003814697,2.0165998935699463,2.931999921798706,2.1333999633789062,27.479000091552734,748.0,66.0999984741211,444.3999938964844,1620.0,742.5
2021-05-11,68.55000305175781,65.27999877929688,1836.0999755859375,4.778500080108643,2.0416998863220215,2.9549999237060547,2.139899969100952,27.656999588012695,759.5,67.05999755859375,449.5,1637.5,759.75
2021-05-12,69.31999969482422,66.08000183105469,1822.800048828125,4.752500057220459,2.069499969482422,2.9690001010894775,2.1610000133514404,27.231000900268555,757.5,68.66000366210938,450.8999938964844,1660.5,754.75
2021-05-13,67.05000305175781,63.81999969482422,1824.0,4.70550012588501,2.0009000301361084,2.9730000495910645,2.0952999591827393,27.04400062561035,719.0,68.04000091552734,423.5,1612.25,726.5
2021-05-14,68.70999908447266,65.37000274658203,1838.0999755859375,4.664000034332275,2.0362000465393066,2.9609999656677246,2.1266000270843506,27.35300064086914,685.0,68.41000366210938,423.5,1603.75,727.25
2021-05-17,69.45999908447266,66.2699966430664,1867.5999755859375,4.721499919891357,2.0604000091552734,3.1089999675750732,2.1582999229431152,28.260000228881836,652.5,68.97000122070312,414.8999938964844,1587.5,699.75
2021-05-18,68.70999908447266,65.48999786376953,1868.0,4.735499858856201,2.0564000606536865,3.01200008392334,2.160900115966797,28.31399917602539,658.25,68.66999816894531,410.79998779296875,1574.25,698.0
2021-05-19,66.66000366210938,63.36000061035156,1881.5,4.5894999504089355,2.0071001052856445,2.9639999866485596,2.1019999980926514,28.007999420166016,658.25,66.47000122070312,403.20001220703125,1538.25,679.25
2021-05-20,65.11000061035156,62.04999923706055,1881.9000244140625,4.581999778747559,1.964400053024292,2.924999952316284,2.0471999645233154,28.052000045776367,664.5,65.76000213623047,401.1000061035156,1533.25,675.25
2021-05-21,66.44000244140625,63.58000183105469,1876.699951171875,4.495999813079834,1.9881999492645264,2.9059998989105225,2.06850004196167,27.472999572753906,659.5,65.48999786376953,398.8999938964844,1526.25,674.25
2021-05-24,68.45999908447266,66.05000305175781,1884.5,4.541500091552734,2.0420000553131104,2.885999917984009,2.1177000999450684,27.886999130249023,657.25,65.12999725341797,400.20001220703125,1522.75,662.25
2021-05-25,68.6500015258789,66.06999969482422,1898.0,4.521999835968018,2.035399913787842,2.9130001068115234,2.117300033569336,28.03700065612793,620.25,66.69000244140625,386.29998779296875,1511.75,656.5
2021-05-26,68.87000274658203,66.20999908447266,1901.199951171875,4.5329999923706055,2.0452001094818115,2.9839999675750732,2.150099992752075,27.85300064086914,624.5,65.68000030517578,383.79998779296875,1503.5,648.5
2021-05-27,69.45999908447266,66.8499984741211,1895.699951171875,4.666500091552734,2.0564000606536865,2.9579999446868896,2.1517999172210693,27.91900062561035,664.5,66.80999755859375,390.29998779296875,1537.0,676.25
2021-05-28,69.62999725341797,66.31999969482422,1902.5,4.682499885559082,2.0445001125335693,2.9860000610351562,2.140199899673462,27.993000030517578,656.75,65.79000091552734,395.5,1530.5,663.5
2021-06-01,70.25,67.72000122070312,1905.0,4.6620001792907715,2.071500062942505,3.1040000915527344,2.1703999042510986,28.08300018310547,688.75,67.38999938964844,398.70001220703125,1548.5,693.5
2021-06-02,71.3499984741211,68.83000183105469,1909.9000244140625,4.599999904632568,2.107100009918213,3.075000047683716,2.1940999031066895,28.18600082397461,675.0,70.37999725341797,394.0,1562.5,687.5
2021-06-03,71.30999755859375,68.80999755859375,1873.300048828125,4.471499919891357,2.1017000675201416,3.0409998893737793,2.2018001079559326,27.459999084472656,662.0,68.8499984741211,391.6000061035156,1549.25,676.25
2021-06-04,71.88999938964844,69.62000274658203,1892.0,4.537499904632568,2.1198999881744385,3.0969998836517334,2.2114999294281006,27.878999710083008,682.75,71.33999633789062,396.20001220703125,1583.75,687.75
2021-06-07,71.48999786376953,69.2300033569336,1898.800048828125,4.534999847412109,2.115600109100342,3.069999933242798,2.1930999755859375,28.000999450683594,679.25,70.83000183105469,386.8999938964844,1560.25,680.0
2021-06-08,72.22000122070312,70.05000305175781,1894.4000244140625,4.563000202178955,2.134999990463257,3.128000020980835,2.2190001010894775,27.71500015258789,680.0,72.08000183105469,389.79998779296875,1580.0,685.0
2021-06-09,72.22000122070312,69.95999908447266,1895.5,4.536499977111816,2.129499912261963,3.128999948501587,2.202500104904175,27.985000610351562,690.75,71.58999633789062,386.3999938964844,1562.5,682.25
2021-06-10,72.5199966430664,70.29000091552734,1896.4000244140625,4.489999771118164,2.143399953842163,3.1489999294281006,2.2121999263763428,28.014999389648438,699.0,70.45999908447266,381.6000061035156,1544.0,683.75
2021-06-11,72.69000244140625,70.91000366210938,1879.5999755859375,4.541500091552734,2.120699882507324,3.2960000038146973,2.1861000061035156,28.131000518798828,684.5,66.9800033569336,383.29998779296875,1508.5,680.75
2021-06-14,72.86000061035156,70.87999725341797,1865.9000244140625,4.5320000648498535,2.111599922180176,3.3519999980926514,2.1712000370025635,28.02400016784668,659.25,65.95999908447266,373.8999938964844,1472.25,674.5
2021-06-15,73.98999786376953,72.12000274658203,1856.4000244140625,4.340000152587891,2.112299919128418,3.240000009536743,2.1705000400543213,27.679000854492188,667.5,65.56999969482422,372.3999938964844,1465.75,661.5
2021-06-16,74.38999938964844,72.1500015258789,1861.4000244140625,4.392499923706055,2.1033999919891357,3.250999927520752,2.1561999320983887,27.799999237060547,673.0,62.06999969482422,379.20001220703125,1448.5,662.75
2021-06-17,73.08000183105469,71.04000091552734,1774.800048828125,4.184500217437744,2.066800117492676,3.253000020980835,2.134200096130371,25.8439998626709,633.0,56.56999969482422,361.5,1329.75,639.0
2021-06-18,73.51000213623047,71.63999938964844,1769.0,4.162499904632568,2.0931999683380127,3.2149999141693115,2.168299913406372,25.95800018310547,655.25,58.119998931884766,373.3999938964844,1396.0,662.75
2021-06-21,74.9000015258789,73.66000366210938,1782.9000244140625,4.1875,2.126800060272217,3.190999984741211,2.196899890899658,26.014999389648438,659.25,60.33000183105469,373.1000061035156,1415.0,661.5
2021-06-22,74.80999755859375,73.05999755859375,1777.4000244140625,4.234499931335449,2.1510000228881836,3.257999897003174,2.224299907684326,25.847999572753906,659.75,60.66999816894531,363.29998779296875,1394.5,651.0
2021-06-23,75.19000244140625,73.08000183105469,1783.4000244140625,4.330999851226807,2.15939998626709,3.3329999446868896,2.266900062561035,26.107999801635742,664.25,62.130001068115234,354.20001220703125,1385.0,661.25
2021-06-24,75.55999755859375,73.30000305175781,1776.699951171875,4.311500072479248,2.1623001098632812,3.4179999828338623,2.280900001525879,26.047000885009766,653.25,62.70000076293945,345.79998779296875,1371.25,651.25
2021-06-25,76.18000030517578,74.05000305175781,1777.800048828125,4.298999786376953,2.1493000984191895,3.496000051498413,2.2639000415802,26.082000732421875,636.5,59.709999084472656,347.20001220703125,1329.75,637.0
2021-06-28,74.68000030517578,72.91000366210938,1780.699951171875,4.2779998779296875,2.1182000637054443,3.617000102996826,2.216599941253662,26.218000411987305,675.5,62.310001373291016,351.6000061035156,1357.0,646.0
2021-06-29,74.76000213623047,72.9800033569336,1763.5999755859375,4.276500225067139,2.1219000816345215,3.630000114440918,2.239000082015991,25.871999740600586,694.5,64.1500015258789,348.3999938964844,1359.75,639.75
2021-06-30,75.12999725341797,73.47000122070312,1771.5999755859375,4.296500205993652,2.128700017929077,3.6500000953674316,2.2444000244140625,26.165000915527344,720.0,65.16000366210938,375.5,1450.0,671.5
2021-07-01,75.83999633789062,75.2300033569336,1776.800048828125,4.242000102996826,2.1561999320983887,3.6610000133514404,2.2676000595092773,26.075000762939453,719.75,65.04000091552734,381.79998779296875,1446.75,658.5
2021-07-02,76.16999816894531,75.16000366210938,1783.300048828125,4.2820000648498535,2.1791000366210938,3.700000047683716,2.299799919128418,26.481000900268555,697.25,66.81999969482422,379.8999938964844,1451.75,645.75
2021-07-06,74.52999877929688,73.37000274658203,1794.199951171875,4.257999897003174,2.1048998832702637,3.63700008392334,2.2281999588012695,26.15399932861328,656.0,63.83000183105469,355.0,1363.75,620.0
2021-07-07,73.43000030517578,72.19999694824219,1802.0999755859375,4.328999996185303,2.089099884033203,3.5959999561309814,2.2060000896453857,26.110000610351562,652.5,64.76000213623047,357.20001220703125,1386.5,614.75
2021-07-08,74.12000274658203,72.94000244140625,1800.199951171875,4.271500110626221,2.1203999519348145,3.687999963760376,2.255199909210205,25.966999053955078,638.0,64.25,355.29998779296875,1390.25,612.25
2021-07-09,75.55000305175781,74.55999755859375,1810.5999755859375,4.352499961853027,2.1552000045776367,3.6740000247955322,2.2920000553131104,26.211000442504883,629.75,62.40999984741211,352.5,1404.0,608.5
2021-07-12,75.16000366210938,74.0999984741211,1805.9000244140625,4.322999954223633,2.1498000621795654,3.749000072479248,2.2771999835968018,26.216999053955078,669.25,64.98999786376953,354.8999938964844,1432.5,635.0
2021-07-13,76.48999786376953,75.25,1809.9000244140625,4.314499855041504,2.1844000816345215,3.696000099182129,2.3183000087738037,26.114999771118164,677.0,66.62999725341797,355.1000061035156,1438.0,628.75
2021-07-14,74.76000213623047,73.12999725341797,1825.0,4.2769999504089355,2.1435000896453857,3.6600000858306885,2.2934999465942383,26.246000289916992,683.0,66.62999725341797,366.6000061035156,1467.75,645.0
2021-07-15,73.47000122070312,71.6500015258789,1829.0,4.333000183105469,2.112600088119507,3.614000082015991,2.2502999305725098,26.375,564.25,67.30999755859375,362.70001220703125,1447.5,672.0
2021-07-16,73.58999633789062,71.80999755859375,1815.0,4.332499980926514,2.113300085067749,3.6740000247955322,2.2535998821258545,25.777000427246094,556.0,68.30999755859375,363.20001220703125,1454.75,692.5
2021-07-19,68.62000274658203,66.41999816894531,1809.199951171875,4.2104997634887695,1.985200047492981,3.7790000438690186,2.1103999614715576,25.125999450683594,556.0,66.69000244140625,359.79998779296875,1428.0,697.75
2021-07-20,69.3499984741211,67.41999816894531,1811.4000244140625,4.273499965667725,2.012700080871582,3.875999927520752,2.131500005722046,24.976999282836914,571.75,67.0199966430664,365.5,1443.5,700.5
2021-07-21,72.2300033569336,70.30000305175781,1803.4000244140625,4.28249979019165,2.0869998931884766,3.9590001106262207,2.2167000770568848,25.238000869750977,571.75,65.45999908447266,369.79998779296875,1439.25,710.75
2021-07-22,73.79000091552734,71.91000366210938,1805.4000244140625,4.3480000495910645,2.1326000690460205,4.002999782562256,2.273200035095215,25.364999771118164,564.5,65.0,363.20001220703125,1416.25,692.25
2021-07-23,74.0999984741211,72.06999969482422,1801.800048828125,4.406499862670898,2.1338999271392822,4.059999942779541,2.291300058364868,25.218000411987305,547.25,65.66000366210938,353.6000061035156,1401.0,684.0
2021-07-26,74.5,71.91000366210938,1799.199951171875,4.589000225067139,2.1510000228881836,4.1020002365112305,2.308300018310547,25.295000076293945,549.75,66.43000030517578,353.6000061035156,1412.75,677.0
2021-07-27,74.4800033569336,71.6500015258789,1799.800048828125,4.546000003814697,2.143899917602539,3.9709999561309814,2.3141000270843506,24.631999969482422,548.75,66.26000213623047,358.79998779296875,1418.25,674.5
2021-07-28,74.73999786376953,72.38999938964844,1799.699951171875,4.479000091552734,2.1559998989105225,4.044000148773193,2.308199882507324,24.856000900268555,549.25,66.55000305175781,356.1000061035156,1432.0,688.75
2021-07-29,76.05000305175781,73.62000274658203,1831.199951171875,4.519999980926514,2.1893999576568604,4.059000015258789,2.3513998985290527,25.763999938964844,558.0,66.93000030517578,356.5,1434.25,705.25
2021-07-30,76.33000183105469,73.94999694824219,1812.5999755859375,4.480500221252441,2.199399948120117,3.9140000343322754,2.3659000396728516,25.527999877929688,547.0,65.81999969482422,352.6000061035156,1414.75,703.75
2021-08-02,72.88999938964844,71.26000213623047,1822.199951171875,4.432000160217285,2.1357998847961426,3.934999942779541,2.2746999263763428,25.55699920654297,558.75,64.62000274658203,357.20001220703125,1418.75,729.5
2021-08-03,72.41000366210938,70.55999755859375,1814.0999755859375,4.382999897003174,2.1263999938964844,4.0269999504089355,2.2708001136779785,25.56599998474121,550.5,63.27000045776367,347.79998779296875,1392.25,724.5
2021-08-04,70.37999725341797,68.1500015258789,1814.5,4.329999923706055,2.0741000175476074,4.1579999923706055,2.25,25.445999145507812,545.75,62.77000045776367,353.1000061035156,1403.5,717.25
2021-08-05,71.29000091552734,69.08999633789062,1808.9000244140625,4.3454999923706055,2.1059999465942383,4.139999866485596,2.2939999103546143,25.277000427246094,555.75,62.470001220703125,356.8999938964844,1402.5,712.75
2021-08-06,70.69999694824219,68.27999877929688,1763.0999755859375,4.3454999923706055,2.0845000743865967,4.139999866485596,2.2569000720977783,24.312000274658203,555.0,63.40999984741211,358.79998779296875,1422.25,719.0
2021-08-09,69.04000091552734,66.4800033569336,1726.5,4.2870001792907715,2.042099952697754,4.059999942779541,2.234800100326538,23.2549991607666,550.25,65.72000122070312,359.6000061035156,1433.75,711.25
2021-08-10,70.62999725341797,68.29000091552734,1731.699951171875,4.351500034332275,2.080199956893921,4.089000225067139,2.267899990081787,23.37700080871582,549.25,65.41000366210938,360.29998779296875,1447.5,727.0
2021-08-11,71.44000244140625,69.25,1753.300048828125,4.363999843597412,2.105799913406372,4.059000015258789,2.3022000789642334,23.474000930786133,556.25,63.529998779296875,355.3999938964844,1405.5,727.0
2021-08-12,71.30999755859375,69.08999633789062,1751.800048828125,4.355999946594238,2.1038999557495117,3.933000087738037,2.275399923324585,23.104999542236328,567.0,63.5099983215332,355.3999938964844,1401.5,753.5
2021-08-13,70.58999633789062,68.44000244140625,1778.199951171875,4.38700008392334,2.077899932861328,3.8610000610351562,2.2625999450683594,23.76799964904785,568.25,63.5099983215332,358.1000061035156,1424.25,762.25
2021-08-16,69.51000213623047,67.29000091552734,1789.800048828125,4.322000026702881,2.04830002784729,3.946000099182129,2.200900077819824,23.780000686645508,564.75,63.290000915527344,359.3999938964844,1376.0,760.5
2021-08-17,69.02999877929688,66.58999633789062,1787.800048828125,4.199999809265137,2.036099910736084,3.8369998931884766,2.165600061416626,23.648000717163086,558.25,62.540000915527344,360.1000061035156,1369.0,734.5
2021-08-18,68.2300033569336,65.45999908447266,1784.4000244140625,4.116000175476074,2.021199941635132,3.8519999980926514,2.147700071334839,23.41200065612793,561.75,61.93000030517578,357.6000061035156,1358.25,737.25
2021-08-19,66.44999694824219,63.689998626708984,1783.0999755859375,4.03849983215332,1.968999981880188,3.8299999237060547,2.0815000534057617,23.219999313354492,550.0,60.599998474121094,351.5,1323.0,727.5
2021-08-20,65.18000030517578,62.31999969482422,1784.0,4.134500026702881,1.9082000255584717,3.8510000705718994,2.0236001014709473,23.104999542236328,538.75,57.4900016784668,353.29998779296875,1293.75,714.25
2021-08-23,68.75,65.63999938964844,1806.300048828125,4.234499931335449,2.0051000118255615,3.944999933242798,2.123199939727783,23.64900016784668,538.0,59.25,346.6000061035156,1294.0,719.75
2021-08-24,71.05000305175781,67.54000091552734,1808.5,4.255000114440918,2.066800117492676,3.8959999084472656,2.180799961090088,23.889999389648438,544.5,61.09000015258789,354.8999938964844,1337.0,718.0
2021-08-25,72.25,68.36000061035156,1791.0,4.264999866485596,2.1182000637054443,3.8970000743865967,2.300800085067749,23.770999908447266,551.25,61.88999938964844,352.29998779296875,1346.0,711.25
2021-08-26,71.06999969482422,67.41999816894531,1795.199951171875,4.245999813079834,2.083199977874756,4.184000015258789,2.2553999423980713,23.54599952697754,552.75,61.33000183105469,356.5,1367.5,725.25
2021-08-27,72.69999694824219,68.73999786376953,1819.5,4.316500186920166,2.1092000007629395,4.369999885559082,2.274199962615967,24.059999465942383,558.0,61.29999923706055,354.20001220703125,1359.25,718.5
2021-08-30,73.41000366210938,69.20999908447266,1812.199951171875,4.361000061035156,2.1403000354766846,4.304999828338623,2.312700033187866,23.959999084472656,540.25,60.279998779296875,347.6000061035156,1304.75,708.75
2021-08-31,72.98999786376953,68.5,1818.0999755859375,4.360000133514404,2.13100004196167,4.376999855041504,2.282599925994873,23.959999084472656,534.0,59.36000061035156,346.3999938964844,1298.75,706.75
2021-09-01,71.58999633789062,68.58999633789062,1816.0,4.263000011444092,2.1289000511169434,4.614999771118164,2.1108999252319336,24.177000045776367,515.5,58.310001373291016,343.70001220703125,1277.75,701.0
2021-09-02,73.02999877929688,69.98999786376953,1811.5,4.289999961853027,2.1677000522613525,4.640999794006348,2.1635000705718994,23.875,516.25,59.0099983215332,337.8999938964844,1279.25,704.0
2021-09-03,72.61000061035156,69.29000091552734,1833.699951171875,4.325500011444092,2.15939998626709,4.711999893188477,2.1540000438690186,24.761999130249023,508.0,59.0,340.8999938964844,1283.0,714.5
2021-09-07,71.69000244140625,68.3499984741211,1798.5,4.277500152587891,2.1215999126434326,4.567999839782715,2.130000114440918,24.333999633789062,495.75,57.7599983215332,337.29998779296875,1268.75,708.75
2021-09-08,72.5999984741211,69.30000305175781,1793.5,4.23199987411499,2.136399984359741,4.914000034332275,2.1321001052856445,24.011999130249023,498.25,57.45000076293945,337.3999938964844,1270.75,698.25
2021-09-09,71.44999694824219,68.13999938964844,1800.0,4.2835001945495605,2.1136999130249023,5.031000137329102,2.0996999740600586,24.132999420166016,496.0,56.02000045776367,336.29998779296875,1258.75,681.5
2021-09-10,72.91999816894531,69.72000122070312,1792.0999755859375,4.447999954223633,2.1459999084472656,4.938000202178955,2.1540000438690186,23.854999542236328,502.75,55.7400016784668,342.0,1275.25,675.0
2021-09-13,73.51000213623047,70.44999694824219,1794.4000244140625,4.363500118255615,2.1582999229431152,5.230999946594238,2.160900115966797,23.753000259399414,496.75,55.79999923706055,344.70001220703125,1272.5,674.5
2021-09-14,73.5999984741211,70.45999908447266,1807.0999755859375,4.317999839782715,2.16129994392395,5.260000228881836,2.1723999977111816,23.841999053955078,503.0,56.68000030517578,341.20001220703125,1276.5,685.0
2021-09-15,75.45999908447266,72.61000061035156,1794.800048828125,4.403500080108643,2.2053000926971436,5.460000038146973,2.2065999507904053,23.759000778198242,533.5,58.310001373291016,335.8999938964844,1294.5,712.25
2021-09-16,75.66999816894531,72.61000061035156,1756.699951171875,4.278500080108643,2.2109999656677246,5.335000038146973,2.1812000274658203,22.75200080871582,529.5,56.83000183105469,340.20001220703125,1296.0,713.0
2021-09-17,75.33999633789062,71.97000122070312,1751.4000244140625,4.245500087738037,2.2091000080108643,5.105000019073486,2.171299934387207,22.295000076293945,527.25,56.290000915527344,338.5,1284.0,708.75
2021-09-20,73.91999816894531,70.29000091552734,1763.800048828125,4.117000102996826,2.1589999198913574,4.985000133514404,2.1152000427246094,22.163000106811523,521.75,54.90999984741211,336.1000061035156,1262.5,700.75
2021-09-21,74.36000061035156,70.55999755859375,1778.199951171875,4.127999782562256,2.173799991607666,4.804999828338623,2.1052000522613525,22.572999954223633,517.0,55.31999969482422,337.8999938964844,1274.0,690.25
2021-09-22,76.19000244140625,72.2300033569336,1778.800048828125,4.252500057220459,2.2116000652313232,4.804999828338623,2.1238999366760254,22.868999481201172,525.5,56.38999938964844,337.8999938964844,1282.75,705.75
2021-09-23,77.25,73.30000305175781,1749.800048828125,4.230999946594238,2.2490999698638916,4.97599983215332,2.1714999675750732,22.642000198364258,529.25,57.099998474121094,336.6000061035156,1284.25,717.75
2021-09-24,78.08999633789062,73.9800033569336,1751.699951171875,4.287499904632568,2.2671000957489014,5.139999866485596,2.1875,22.38800048828125,526.75,57.970001220703125,336.1000061035156,1285.0,723.75
2021-09-27,79.52999877929688,75.44999694824219,1752.0,4.293499946594238,2.2960000038146973,5.705999851226807,2.2237000465393066,22.656999588012695,539.5,58.29999923706055,337.29998779296875,1287.5,722.25
2021-09-28,79.08999633789062,75.29000091552734,1737.5,4.244999885559082,2.2890000343322754,5.841000080108643,2.201900005340576,22.43000030517578,532.5,57.77000045776367,337.29998779296875,1277.0,706.5
2021-09-29,78.63999938964844,74.83000183105469,1722.9000244140625,4.199999809265137,2.307499885559082,5.4770002365112305,2.229300022125244,21.458999633789062,539.0,57.779998779296875,338.1000061035156,1283.75,710.25
2021-09-30,78.5199966430664,75.02999877929688,1757.0,4.090000152587891,2.3417000770568848,5.867000102996826,2.2535998821258545,22.020999908447266,536.75,58.790000915527344,326.20001220703125,1256.0,725.5
2021-10-01,79.27999877929688,75.87999725341797,1758.4000244140625,4.19350004196167,2.382699966430664,5.61899995803833,2.25,22.510000228881836,541.5,58.61000061035156,325.0,1246.5,755.25
2021-10-04,81.26000213623047,77.62000274658203,1767.5999755859375,4.246500015258789,2.4365999698638916,5.765999794006348,2.308500051498413,22.618000030517578,540.75,58.56999969482422,322.1000061035156,1235.75,756.5
2021-10-05,82.55999755859375,78.93000030517578,1760.9000244140625,4.202000141143799,2.4935998916625977,6.311999797821045,2.3578999042510986,22.582000732421875,537.5,60.88999938964844,320.20001220703125,1250.5,744.75
2021-10-06,81.08000183105469,77.43000030517578,1761.800048828125,4.1570000648498535,2.441999912261963,5.675000190734863,2.308199882507324,22.506000518798828,532.25,60.06999969482422,321.6000061035156,1242.0,746.0
2021-10-07,81.94999694824219,78.30000305175781,1759.199951171875,4.250999927520752,2.4595999717712402,5.677000045776367,2.334399938583374,22.631999969482422,534.0,61.900001525878906,318.79998779296875,1247.25,741.25
2021-10-08,82.38999938964844,79.3499984741211,1757.4000244140625,4.2829999923706055,2.4737000465393066,5.565000057220459,2.3661999702453613,22.679000854492188,530.5,61.33000183105469,317.5,1243.0,734.0
2021-10-11,83.6500015258789,80.5199966430664,1755.699951171875,4.374499797821045,2.515000104904175,5.34499979019165,2.3778998851776123,22.639999389648438,533.0,60.290000915527344,316.20001220703125,1228.25,731.75
2021-10-12,83.41999816894531,80.63999938964844,1759.300048828125,4.328999996185303,2.509999990463257,5.505000114440918,2.3828999996185303,22.490999221801758,522.5,58.619998931884766,312.8999938964844,1198.25,734.0
2021-10-13,83.18000030517578,80.44000244140625,1794.699951171875,4.520500183105469,2.5211000442504883,5.590000152587891,2.4054999351501465,23.14900016784668,512.25,59.36000061035156,313.3999938964844,1195.25,718.75
2021-10-14,84.0,81.30999755859375,1797.9000244140625,4.631499767303467,2.5613999366760254,5.686999797821045,2.434999942779541,23.45599937438965,516.75,59.939998626708984,317.1000061035156,1206.25,724.75
2021-10-15,84.86000061035156,82.27999877929688,1768.300048828125,4.734000205993652,2.573699951171875,5.409999847412109,2.4863998889923096,23.327999114990234,525.75,61.290000915527344,316.6000061035156,1217.75,734.0
2021-10-18,84.33000183105469,82.44000244140625,1765.699951171875,4.730500221252441,2.5492000579833984,4.988999843597412,2.486599922180176,23.243000030517578,532.75,62.02000045776367,317.8999938964844,1221.5,736.25
2021-10-19,85.08000183105469,82.95999908447266,1770.5,4.714000225067139,2.560699939727783,5.0879998207092285,2.4755001068115234,23.86199951171875,530.25,62.38999938964844,322.6000061035156,1228.0,736.0
2021-10-20,85.81999969482422,83.87000274658203,1784.9000244140625,4.75600004196167,2.5922999382019043,5.170000076293945,2.5083999633789062,24.423999786376953,539.25,64.69999694824219,328.3999938964844,1245.5,749.25
2021-10-21,84.61000061035156,82.5,1781.9000244140625,4.58650016784668,2.549099922180176,5.114999771118164,2.48009991645813,24.149999618530273,532.25,62.58000183105469,324.0,1224.0,741.25
2021-10-22,85.52999877929688,83.76000213623047,1796.300048828125,4.526000022888184,2.5388998985290527,5.28000020980835,2.482100009918213,24.429000854492188,538.0,62.09000015258789,327.3999938964844,1220.5,756.0
2021-10-25,85.98999786376953,83.76000213623047,1806.800048828125,4.551499843597412,2.56469988822937,5.8979997634887695,2.516200065612793,24.57200050354004,538.0,63.13999938964844,327.20001220703125,1237.25,759.5
2021-10-26,86.4000015258789,84.6500015258789,1793.4000244140625,4.486499786376953,2.5773000717163086,5.881999969482422,2.5167999267578125,24.086000442504883,543.5,62.310001373291016,326.8999938964844,1238.0,752.25
2021-10-27,84.58000183105469,82.66000366210938,1798.800048828125,4.38700008392334,2.5148000717163086,6.202000141143799,2.449700117111206,24.18899917602539,557.25,61.41999816894531,330.8999938964844,1239.25,759.75
2021-10-28,84.31999969482422,82.80999755859375,1802.5999755859375,4.4375,2.5164999961853027,5.7820000648498535,2.434999942779541,24.117000579833984,562.75,60.869998931884766,330.8999938964844,1233.75,772.5
2021-10-29,84.37999725341797,83.56999969482422,1783.9000244140625,4.375500202178955,2.4964001178741455,5.426000118255615,2.4619998931884766,23.94499969482422,568.25,61.27000045776367,332.6000061035156,1235.75,772.75
2021-11-01,84.70999908447266,84.05000305175781,1795.800048828125,4.4019999504089355,2.5030999183654785,5.185999870300293,2.4093000888824463,24.06399917602539,579.0,61.970001220703125,329.1000061035156,1236.75,797.25
2021-11-02,84.72000122070312,83.91000366210938,1789.4000244140625,4.374000072479248,2.50819993019104,5.541999816894531,2.4500999450683594,23.5,573.0,61.9900016784668,337.20001220703125,1244.0,791.5
2021-11-03,81.98999786376953,80.86000061035156,1763.9000244140625,4.326000213623047,2.434499979019165,5.670000076293945,2.3385000228881836,23.22599983215332,564.0,61.029998779296875,340.79998779296875,1231.5,781.0
2021-11-04,80.54000091552734,78.80999755859375,1793.5,4.326000213623047,2.406599998474121,5.716000080108643,2.29259991645813,23.9060001373291,559.25,59.58000183105469,335.79998779296875,1209.25,773.75
2021-11-05,82.73999786376953,81.2699966430664,1816.800048828125,4.348999977111816,2.4556000232696533,5.515999794006348,2.3208999633789062,24.152000427246094,553.0,58.779998779296875,332.70001220703125,1192.25,766.5
2021-11-08,83.43000030517578,81.93000030517578,1828.0,4.40500020980835,2.467099905014038,5.427000045776367,2.322200059890747,24.53700065612793,551.5,58.04999923706055,331.79998779296875,1178.0,768.0
2021-11-09,84.77999877929688,84.1500015258789,1830.800048828125,4.380000114440918,2.5081000328063965,4.979000091552734,2.375200033187866,24.312999725341797,554.75,58.470001220703125,342.5,1199.5,778.5
2021-11-10,82.63999938964844,81.33999633789062,1848.300048828125,4.328000068664551,2.4521000385284424,4.880000114440918,2.2971999645233154,24.767000198364258,569.25,59.13999938964844,342.3999938964844,1203.5,803.0
2021-11-11,82.87000274658203,81.58999633789062,1863.9000244140625,4.4045000076293945,2.4470999240875244,5.14900016784668,2.3178000450134277,25.301000595092773,569.5,59.13999938964844,344.5,1212.25,812.5
2021-11-12,82.16999816894531,80.79000091552734,1868.5,4.45550012588501,2.403700113296509,4.790999889373779,2.3113999366760254,25.3439998626709,577.25,58.970001220703125,362.1000061035156,1234.0,817.0
2021-11-15,82.05000305175781,80.87999725341797,1866.5999755859375,4.4070000648498535,2.398099899291992,5.017000198364258,2.3287999629974365,25.10700035095215,576.5,58.20000076293945,371.70001220703125,1257.25,826.25
2021-11-16,82.43000030517578,80.76000213623047,1854.0999755859375,4.358500003814697,2.4309000968933105,5.177000045776367,2.3496999740600586,24.944000244140625,571.0,59.16999816894531,367.5,1251.25,810.25
2021-11-17,80.27999877929688,78.36000061035156,1870.199951171875,4.2729997634887695,2.3643999099731445,4.815999984741211,2.2802999019622803,25.16699981689453,575.25,59.22999954223633,374.70001220703125,1277.0,822.25
2021-11-18,81.23999786376953,79.01000213623047,1861.4000244140625,4.309999942779541,2.384000062942505,4.9019999504089355,2.294300079345703,24.900999069213867,573.0,59.16999816894531,370.3999938964844,1265.25,820.0
2021-11-19,78.88999938964844,76.0999984741211,1851.5999755859375,4.4085001945495605,2.2934000492095947,5.065000057220459,2.211899995803833,24.780000686645508,570.75,58.15999984741211,371.79998779296875,1263.25,823.0
2021-11-22,79.69999694824219,76.75,1806.300048828125,4.395500183105469,2.3254001140594482,4.789000034332275,2.260200023651123,24.297000885009766,576.75,59.40999984741211,370.0,1274.25,845.75
2021-11-23,82.30999755859375,78.5,1783.800048828125,4.423500061035156,2.3842999935150146,4.9670000076293945,2.3371999263763428,23.434999465942383,580.5,60.13999938964844,362.20001220703125,1273.0,856.0
2021-11-24,82.25,78.38999938964844,1784.300048828125,4.458000183105469,2.382999897003174,5.067999839782715,2.319700002670288,23.496000289916992,579.75,60.939998626708984,357.6000061035156,1266.5,836.75
2021-11-26,72.72000122070312,68.1500015258789,1785.5,4.281499862670898,2.0945000648498535,5.447000026702881,2.029400110244751,23.10700035095215,586.75,59.02000045776367,356.20001220703125,1252.75,825.5
2021-11-29,73.44000244140625,69.94999694824219,1782.300048828125,4.336999893188477,2.152100086212158,4.854000091552734,2.0771000385284424,22.798999786376953,581.0,58.2599983215332,347.70001220703125,1241.5,807.5
2021-11-30,70.56999969482422,66.18000030517578,1773.5999755859375,4.2779998779296875,2.063800096511841,4.566999912261963,1.9801000356674194,22.764999389648438,567.0,55.11000061035156,348.79998779296875,1217.25,773.75
2021-12-01,68.87000274658203,65.56999969482422,1784.300048828125,4.247499942779541,2.0771000385284424,4.257999897003174,1.9510999917984009,22.298999786376953,572.0,55.04999923706055,356.5,1228.25,778.5
2021-12-02,69.66999816894531,66.5,1762.699951171875,4.298999786376953,2.1033999919891357,4.056000232696533,1.9677000045776367,22.280000686645508,577.0,56.22999954223633,358.0,1244.25,806.5
2021-12-03,69.87999725341797,66.26000213623047,1783.9000244140625,4.266499996185303,2.098400115966797,4.131999969482422,1.9529000520706177,22.44499969482422,586.0,57.099998474121094,367.70001220703125,1267.25,794.5
2021-12-06,73.08000183105469,69.48999786376953,1779.5,4.336999893188477,2.1712000370025635,3.6570000648498535,2.043299913406372,22.22800064086914,583.5,57.790000915527344,359.70001220703125,1261.5,797.0
2021-12-07,75.44000244140625,72.05000305175781,1784.699951171875,4.3379998207092285,2.224600076675415,3.7079999446868896,2.0999999046325684,22.48699951171875,586.25,57.040000915527344,358.8999938964844,1250.25,799.25
2021-12-08,75.81999969482422,72.36000061035156,1785.5,4.390999794006348,2.2613000869750977,3.815000057220459,2.1484999656677246,22.389999389648438,584.75,55.459999084472656,365.6000061035156,1261.0,791.25
2021-12-09,74.41999816894531,70.94000244140625,1776.699951171875,4.329999923706055,2.2502999305725098,3.813999891281128,2.1284000873565674,21.974000930786133,588.5,54.790000915527344,368.79998779296875,1264.5,773.5
2021-12-10,75.1500015258789,71.66999816894531,1784.800048828125,4.2829999923706055,2.2516000270843506,3.924999952316284,2.137200117111206,22.15999984741211,588.5,53.59000015258789,377.8999938964844,1267.75,782.0
2021-12-13,74.38999938964844,71.29000091552734,1788.300048828125,4.28000020980835,2.232800006866455,3.7939999103546143,2.116499900817871,22.290000915527344,584.25,53.2400016784668,384.0,1244.0,785.5
2021-12-14,73.69999694824219,70.7300033569336,1772.300048828125,4.254000186920166,2.218400001525879,3.746999979019165,2.11080002784729,21.886999130249023,588.75,52.0099983215332,404.5,1259.5,785.5
2021-12-15,73.87999725341797,70.87000274658203,1764.5,4.179500102996826,2.220400094985962,3.802000045776367,2.127500057220459,21.507999420166016,585.75,53.470001220703125,372.20001220703125,1262.5,756.0
2021-12-16,75.0199966430664,72.37999725341797,1798.199951171875,4.30049991607666,2.2662999629974365,3.7660000324249268,2.177799940109253,22.454999923706055,591.25,54.650001525878906,372.29998779296875,1277.25,770.5
2021-12-17,73.5199966430664,70.86000061035156,1804.9000244140625,4.290999889373779,2.219899892807007,3.690000057220459,2.1217000484466553,22.506999969482422,593.25,53.880001068115234,379.5,1285.25,775.0
2021-12-20,71.5199966430664,68.2300033569336,1794.5999755859375,4.288000106811523,2.1730000972747803,3.8340001106262207,2.0899999141693115,22.274999618530273,591.0,52.939998626708984,386.20001220703125,1292.25,777.75
2021-12-21,73.9800033569336,71.12000274658203,1788.699951171875,4.3379998207092285,2.2578001022338867,3.86899995803833,2.1521999835968018,22.50200080871582,598.25,53.900001525878906,394.0,1308.0,799.0
2021-12-22,75.29000091552734,72.76000213623047,1802.199951171875,4.389500141143799,2.307800054550171,3.9760000705718994,2.1679999828338623,22.79199981689453,602.5,54.83000183105469,402.79998779296875,1328.75,814.0
2021-12-23,76.8499984741211,73.79000091552734,1811.699951171875,4.38700008392334,2.331399917602539,3.7309999465942383,2.2060999870300293,22.930999755859375,605.75,55.439998626708984,406.1000061035156,1332.0,814.75
2021-12-27,78.5999984741211,75.56999969482422,1808.800048828125,4.465000152587891,2.3534998893737793,4.059999942779541,2.2339000701904297,22.979000091552734,614.75,56.720001220703125,414.79998779296875,1362.5,804.0
2021-12-28,78.94000244140625,75.9800033569336,1810.9000244140625,4.420000076293945,2.3714001178741455,4.054999828338623,2.2471001148223877,23.111000061035156,604.75,56.54999923706055,415.8999938964844,1359.25,783.5
2021-12-29,79.2300033569336,76.55999755859375,1805.800048828125,4.4019999504089355,2.3777999877929688,4.02400016784668,2.271699905395508,22.847999572753906,605.5,56.70000076293945,415.3999938964844,1356.5,787.75
2021-12-30,79.31999969482422,76.98999786376953,1814.0999755859375,4.384500026702881,2.395900011062622,3.561000108718872,2.296799898147583,23.027999877929688,596.0,55.849998474121094,413.6000061035156,1327.75,779.75
2021-12-31,77.77999877929688,75.20999908447266,1828.5999755859375,4.454999923706055,2.3301000595092773,3.7300000190734863,2.2284998893737793,23.327999114990234,593.25,56.29999923706055,411.70001220703125,1328.75,770.75
2022-01-03,78.9800033569336,76.08000183105469,1800.0999755859375,4.4145002365112305,2.3573999404907227,3.815000057220459,2.256500005722046,22.790000915527344,589.25,56.209999084472656,423.8999938964844,1344.0,758.0
2022-01-04,80.0,76.98999786376953,1814.5999755859375,4.466000080108643,2.4094998836517334,3.7170000076293945,2.2762999534606934,23.038000106811523,609.5,58.13999938964844,427.6000061035156,1378.75,770.0
2022-01-05,80.80000305175781,77.8499984741211,1825.0999755859375,4.4045000076293945,2.4460999965667725,3.881999969482422,2.292099952697754,23.149999618530273,602.25,59.31999969482422,424.1000061035156,1384.25,760.75
2022-01-06,81.98999786376953,79.45999908447266,1789.199951171875,4.3480000495910645,2.4776999950408936,3.812000036239624,2.30430006980896,22.173999786376953,603.75,58.779998779296875,420.3999938964844,1377.25,746.0
2022-01-07,81.75,78.9000015258789,1797.4000244140625,4.4029998779296875,2.481800079345703,3.9159998893737793,2.2988998889923096,22.393999099731445,606.75,58.630001068115234,433.5,1401.5,758.5
2022-01-10,80.87000274658203,78.2300033569336,1798.800048828125,4.3445000648498535,2.487600088119507,4.078999996185303,2.275399923324585,22.445999145507812,599.75,57.88999938964844,427.6000061035156,1374.75,762.0
2022-01-11,83.72000122070312,81.22000122070312,1818.5,4.420499801635742,2.5636000633239746,4.249000072479248,2.3573999404907227,22.805999755859375,601.0,58.88999938964844,427.29998779296875,1376.75,770.25
2022-01-12,84.66999816894531,82.63999938964844,1827.300048828125,4.564000129699707,2.5941998958587646,4.85699987411499,2.3907999992370605,23.200000762939453,599.0,59.279998779296875,431.0,1391.25,757.75
2022-01-13,84.47000122070312,82.12000274658203,1821.4000244140625,4.533999919891357,2.6085000038146973,4.269999980926514,2.3840999603271484,23.155000686645508,587.5,58.18000030517578,423.70001220703125,1365.25,746.75
2022-01-14,86.05999755859375,83.81999969482422,1816.5,4.411499977111816,2.6342999935150146,4.26200008392334,2.4189999103546143,22.910999298095703,596.25,58.150001525878906,445.0,1356.75,741.5
2022-01-18,87.51000213623047,85.43000030517578,1812.4000244140625,4.375999927520752,2.6740000247955322,4.2829999923706055,2.43179988861084,23.48699951171875,599.5,59.08000183105469,390.1000061035156,1361.25,769.0
2022-01-19,88.44000244140625,86.95999908447266,1843.199951171875,4.462500095367432,2.6923000812530518,4.031000137329102,2.4570000171661377,24.22599983215332,610.5,60.7599983215332,398.29998779296875,1391.25,796.5
2022-01-20,88.37999725341797,86.9000015258789,1842.5999755859375,4.576499938964844,2.671799898147583,3.802000045776367,2.4621999263763428,24.711000442504883,611.0,62.880001068115234,400.79998779296875,1425.75,790.25
2022-01-21,87.88999938964844,85.13999938964844,1831.800048828125,4.512499809265137,2.691200017929077,3.999000072479248,2.4423999786376953,24.31399917602539,616.25,63.0,392.70001220703125,1414.25,780.0
2022-01-24,86.2699966430664,83.30999755859375,1841.699951171875,4.4029998779296875,2.6273999214172363,4.0269999504089355,2.3980000019073486,23.795000076293945,621.0,61.970001220703125,393.8999938964844,1403.0,800.5
2022-01-25,88.19999694824219,85.5999984741211,1852.5,4.442999839782715,2.669100046157837,4.052999973297119,2.4595000743865967,23.895999908447266,620.0,62.5099983215332,392.0,1407.25,818.0
2022-01-26,89.95999908447266,87.3499984741211,1829.699951171875,4.504499912261963,2.74399995803833,4.2769999504089355,2.522900104522705,23.80699920654297,627.0,63.93000030517578,400.5,1440.0,795.0
2022-01-27,89.33999633789062,86.61000061035156,1793.0999755859375,4.413000106811523,2.7945001125335693,6.264999866485596,2.5209999084472656,22.67300033569336,625.25,64.33999633789062,404.70001220703125,1448.25,777.0
2022-01-28,90.02999877929688,86.81999969482422,1784.9000244140625,4.302999973297119,2.7855000495910645,4.638999938964844,2.54229998588562,22.302000045776367,636.0,65.2699966430664,411.20001220703125,1470.0,786.25
2022-01-31,91.20999908447266,88.1500015258789,1795.0,4.317999839782715,2.759200096130371,4.874000072479248,2.55430006980896,22.395000457763672,626.0,64.81999969482422,418.8999938964844,1490.5,761.25
2022-02-01,89.16000366210938,88.19999694824219,1801.5,4.428999900817871,2.7411999702453613,4.750999927520752,2.575200080871582,22.59600067138672,634.75,65.83000183105469,436.0,1528.5,769.0
2022-02-02,89.47000122070312,88.26000213623047,1810.300048828125,4.491000175476074,2.768899917602539,5.500999927520752,2.6070001125335693,22.711000442504883,622.5,65.9800033569336,435.1000061035156,1545.25,755.0
2022-02-03,91.11000061035156,90.2699966430664,1804.0999755859375,4.4664998054504395,2.8394999504089355,4.888000011444092,2.642699956893921,22.375,616.75,65.75,437.1000061035156,1544.25,751.75
2022-02-04,93.2699966430664,92.30999755859375,1807.800048828125,4.483500003814697,2.8750998973846436,4.572000026702881,2.678499937057495,22.475000381469727,620.5,65.36000061035156,443.8999938964844,1553.5,763.25
2022-02-07,92.69000244140625,91.31999969482422,1821.800048828125,4.46150016784668,2.8554000854492188,4.23199987411499,2.68530011177063,23.076000213623047,635.25,65.33999633789062,452.79998779296875,1581.75,768.75
2022-02-08,90.77999877929688,89.36000061035156,1827.9000244140625,4.459499835968018,2.79259991645813,4.248000144958496,2.6250998973846436,23.19499969482422,632.25,63.349998474121094,454.1000061035156,1569.0,778.75
2022-02-09,91.55000305175781,89.66000366210938,1836.5999755859375,4.600500106811523,2.824899911880493,4.008999824523926,2.65339994430542,23.336000442504883,646.75,64.0999984741211,461.8999938964844,1594.75,785.0
2022-02-10,91.41000366210938,89.87999725341797,1837.4000244140625,4.65749979019165,2.827199935913086,3.9590001106262207,2.6654000282287598,23.518999099731445,641.75,64.51000213623047,454.0,1574.25,771.5
2022-02-11,94.44000244140625,93.0999984741211,1842.0999755859375,4.505000114440918,2.910900115966797,3.940999984741211,2.738600015640259,23.365999221801758,651.0,65.72000122070312,456.6000061035156,1583.0,797.75
2022-02-14,96.4800033569336,95.45999908447266,1869.4000244140625,4.507500171661377,2.9618000984191895,4.195000171661377,2.779400110244751,23.844999313354492,655.75,65.80999755859375,448.3999938964844,1570.0,799.25
2022-02-15,93.27999877929688,92.06999969482422,1856.199951171875,4.531499862670898,2.859499931335449,4.306000232696533,2.669100046157837,23.33799934387207,638.0,65.62999725341797,438.79998779296875,1551.25,779.75
2022-02-16,94.80999755859375,93.66000366210938,1871.5,4.540500164031982,2.8575000762939453,4.7170000076293945,2.6770999431610107,23.60099983215332,647.0,66.97000122070312,449.3999938964844,1587.5,780.5
2022-02-17,92.97000122070312,91.76000213623047,1902.0,4.525000095367432,2.7862000465393066,4.486000061035156,2.6486001014709473,23.874000549316406,650.0,66.80999755859375,449.20001220703125,1592.0,798.0
2022-02-18,93.54000091552734,91.06999969482422,1899.800048828125,4.519499778747559,2.7815001010894775,4.431000232696533,2.669600009918213,23.990999221801758,654.25,67.56999969482422,447.8999938964844,1601.5,797.0
2022-02-22,96.83999633789062,92.3499984741211,1907.4000244140625,4.510000228881836,2.8187999725341797,4.498000144958496,2.7107999324798584,24.31100082397461,674.75,70.1500015258789,453.70001220703125,1635.0,844.25
2022-02-23,96.83999633789062,92.0999984741211,1910.4000244140625,4.481500148773193,2.829200029373169,4.623000144958496,2.7253000736236572,24.55500030517578,683.75,70.72000122070312,471.1000061035156,1675.0,876.0
2022-02-24,99.08000183105469,92.80999755859375,1926.300048828125,4.453999996185303,2.896899938583374,4.567999839782715,2.7709999084472656,24.68600082397461,695.0,72.0,464.8999938964844,1661.5,926.0
2022-02-25,97.93000030517578,91.58999633789062,1887.5999755859375,4.4720001220703125,2.8494999408721924,4.46999979019165,2.727299928665161,23.996999740600586,659.5,68.75,448.29998779296875,1590.25,843.0
2022-02-28,100.98999786376953,95.72000122070312,1900.699951171875,4.444499969482422,3.013400077819824,4.4019999504089355,2.796999931335449,24.361000061035156,697.5,72.88999938964844,454.8999938964844,1644.25,928.0
2022-03-01,104.97000122070312,103.41000366210938,1943.800048828125,4.58650016784668,3.151099920272827,4.572999954223633,3.08870005607605,25.534000396728516,739.75,76.80000305175781,463.70001220703125,1705.5,1001.75
2022-03-02,112.93000030517578,110.5999984741211,1922.300048828125,4.6554999351501465,3.4946999549865723,4.76200008392334,3.308300018310547,25.183000564575195,739.0,79.54000091552734,457.70001220703125,1677.5,1058.5
2022-03-03,110.45999908447266,107.66999816894531,1935.9000244140625,4.771500110626221,3.5034000873565674,4.7220001220703125,3.28439998626709,25.204999923706055,751.25,78.30000305175781,461.3999938964844,1680.25,1289.0
2022-03-04,118.11000061035156,115.68000030517578,1966.5999755859375,4.928999900817871,3.7762999534606934,5.015999794006348,3.5439999103546143,25.781999588012695,756.5,76.80000305175781,468.8999938964844,1676.25,1348.0
2022-03-07,123.20999908447266,119.4000015258789,1995.9000244140625,4.7220001220703125,3.9214999675750732,4.833000183105469,3.5720999240875244,25.71299934387207,749.25,78.1500015258789,467.8999938964844,1674.25,1425.25
2022-03-08,127.9800033569336,123.69999694824219,2043.300048828125,4.700500011444092,4.437300205230713,4.5269999504089355,3.6826000213623047,26.88800048828125,754.5,79.68000030517578,489.8999938964844,1704.5,1273.0
2022-03-09,111.13999938964844,108.69999694824219,1988.199951171875,4.564000129699707,3.4642999172210693,4.526000022888184,3.293800115585327,25.756999969482422,735.0,80.06999969482422,495.0,1686.5,1199.5
2022-03-10,109.33000183105469,106.0199966430664,2000.4000244140625,4.643499851226807,3.2962000370025635,4.63100004196167,3.1566998958587646,26.20199966430664,757.75,80.8499984741211,506.79998779296875,1700.0,1073.75
2022-03-11,112.66999816894531,109.33000183105469,1985.0,4.616000175476074,3.41759991645813,4.724999904632568,3.3120999336242676,26.106000900268555,764.5,82.18000030517578,493.1000061035156,1690.75,1090.0
2022-03-14,106.9000015258789,103.01000213623047,1960.800048828125,4.512499809265137,3.2762999534606934,4.6579999923706055,3.1689000129699707,25.243999481201172,728.25,78.7300033569336,521.9000244140625,1687.25,1090.0
2022-03-15,99.91000366210938,96.44000244140625,1929.699951171875,4.501500129699707,3.0297000408172607,4.567999839782715,2.9981000423431396,25.12299919128418,758.0,73.68000030517578,484.0,1658.75,1154.25
2022-03-16,98.0199966430664,95.04000091552734,1909.199951171875,4.5879998207092285,3.100100040435791,4.748000144958496,2.987499952316284,24.670000076293945,730.0,73.55000305175781,478.0,1649.25,1069.25
2022-03-17,106.63999938964844,102.9800033569336,1943.199951171875,4.690499782562256,3.4874000549316406,4.989999771118164,3.216599941253662,25.583999633789062,754.5,74.62999725341797,474.1000061035156,1668.5,1098.0
2022-03-18,107.93000030517578,104.69999694824219,1929.300048828125,4.730500221252441,3.598099946975708,4.86299991607666,3.238800048828125,25.05500030517578,741.75,72.29000091552734,477.0,1668.0,1063.75
2022-03-21,115.62000274658203,112.12000274658203,1929.5,4.701499938964844,3.8008999824523926,4.900000095367432,3.3715999126434326,25.281999588012695,756.25,73.70999908447266,481.29998779296875,1691.0,1119.25
2022-03-22,115.4800033569336,111.76000213623047,1921.5,4.689000129699707,3.8642001152038574,5.186999797821045,3.330699920654297,24.885000228881836,753.0,74.54000091552734,476.79998779296875,1696.5,1118.25
2022-03-23,121.5999984741211,114.93000030517578,1937.300048828125,4.762499809265137,4.114799976348877,5.23199987411499,3.438699960708618,25.170000076293945,757.75,75.97000122070312,485.1000061035156,1718.75,1105.75
2022-03-24,119.02999877929688,112.33999633789062,1962.199951171875,4.729000091552734,4.15339994430542,5.401000022888184,3.389699935913086,25.899999618530273,748.25,74.29000091552734,485.8999938964844,1700.75,1085.75
2022-03-25,120.6500015258789,113.9000015258789,1954.199951171875,4.685999870300293,4.11460018157959,5.571000099182129,3.4700000286102295,25.594999313354492,754.0,74.75,487.8999938964844,1710.25,1102.25
2022-03-28,112.4800033569336,105.95999908447266,1939.800048828125,4.714000225067139,3.783400058746338,5.507999897003174,3.2188000679016113,25.176000595092773,748.5,72.44999694824219,478.8999938964844,1664.25,1057.0
2022-03-29,110.2300033569336,104.23999786376953,1912.199951171875,4.7164998054504395,3.716099977493286,5.335999965667725,3.2032999992370605,24.715999603271484,726.25,71.66000366210938,466.0,1643.0,1014.25
2022-03-30,113.44999694824219,107.81999969482422,1933.5,4.739500045776367,3.808500051498413,5.605000019073486,3.325000047683716,25.10300064086914,738.0,72.22000122070312,473.1000061035156,1664.0,1027.25
2022-03-31,107.91000366210938,100.27999877929688,1949.199951171875,4.743000030517578,3.691200017929077,5.642000198364258,3.1895999908447266,25.121000289916992,748.75,69.94000244140625,467.5,1618.25,1006.0
2022-04-01,104.38999938964844,99.2699966430664,1923.699951171875,4.682499885559082,3.4240000247955322,5.71999979019165,3.1535000801086426,24.642000198364258,735.0,71.19999694824219,450.0,1582.75,984.5
2022-04-04,107.52999877929688,103.27999877929688,1934.0,4.776500225067139,3.546099901199341,5.711999893188477,3.1981000900268555,24.583999633789062,750.5,72.33999633789062,455.1000061035156,1602.25,1010.25
2022-04-05,106.63999938964844,101.95999908447266,1927.5,4.790999889373779,3.4681999683380127,6.0320000648498535,3.164900064468384,24.527999877929688,759.75,72.41000366210938,465.8999938964844,1631.0,1045.25
2022-04-06,101.06999969482422,96.2300033569336,1923.0999755859375,4.733500003814697,3.3452000617980957,6.0289998054504395,3.0462000370025635,24.454999923706055,756.5,71.83000183105469,461.79998779296875,1619.5,1038.25
2022-04-07,100.58000183105469,96.02999877929688,1937.800048828125,4.695000171661377,3.2678000926971436,6.359000205993652,3.039799928665161,24.732999801635742,757.75,73.0199966430664,460.20001220703125,1645.5,1020.0
2022-04-08,102.77999877929688,98.26000213623047,1945.5999755859375,4.71999979019165,3.3176000118255615,6.2779998779296875,3.1315999031066895,24.819000244140625,768.75,75.12000274658203,468.20001220703125,1689.0,1051.5
2022-04-11,98.4800033569336,94.29000091552734,1948.199951171875,4.628499984741211,3.267699956893921,6.64300012588501,3.0030999183654785,24.97800064086914,764.5,74.30000305175781,459.1000061035156,1655.25,1081.25
2022-04-12,104.63999938964844,100.5999984741211,1976.0999755859375,4.703999996185303,3.464400053024292,6.679999828338623,3.1538000106811523,25.725000381469727,776.25,75.43000030517578,460.8999938964844,1670.25,1103.75
2022-04-13,108.77999877929688,104.25,1984.699951171875,4.706999778747559,3.718400001525879,6.997000217437744,3.291300058364868,26.020000457763672,783.5,78.11000061035156,458.20001220703125,1676.0,1113.5
2022-04-14,111.69999694824219,106.94999694824219,1974.9000244140625,4.7170000076293945,3.85479998588562,7.300000190734863,3.3814001083374023,25.690000534057617,790.25,78.91000366210938,461.3999938964844,1682.25,1096.5
2022-04-18,113.16000366210938,108.20999908447266,1986.4000244140625,4.796000003814697,3.8907999992370605,7.820000171661377,3.3780999183654785,26.139999389648438,813.25,79.98999786376953,466.0,1714.75,1120.5
2022-04-19,107.25,102.55999755859375,1959.0,4.714000225067139,3.8619000911712646,7.176000118255615,3.2474000453948975,25.391000747680664,804.0,80.20999908447266,464.3999938964844,1716.5,1099.0
2022-04-20,106.80000305175781,102.75,1955.5999755859375,4.649499893188477,3.973099946975708,6.936999797821045,3.2848000526428223,25.270000457763672,815.75,80.80999755859375,471.3999938964844,1746.75,1088.0
2022-04-21,108.33000183105469,103.79000091552734,1948.199951171875,4.703499794006348,3.9007999897003174,6.956999778747559,3.338599920272827,24.621000289916992,799.25,81.5,468.8999938964844,1748.25,1068.0
2022-04-22,106.6500015258789,102.06999969482422,1934.300048828125,4.582499980926514,3.9386000633239746,6.533999919891357,3.305000066757202,24.256999969482422,793.0,83.26000213623047,458.79998779296875,1716.0,1065.5
2022-04-25,102.31999969482422,98.54000091552734,1896.0,4.448999881744385,4.09089994430542,6.669000148773193,3.239799976348877,23.667999267578125,800.25,82.73999786376953,452.3999938964844,1703.5,1062.0
2022-04-26,104.98999786376953,101.69999694824219,1904.0999755859375,4.440000057220459,4.467899799346924,6.849999904632568,3.3387999534606934,23.54199981689453,803.25,85.29000091552734,444.79998779296875,1705.25,1083.25
2022-04-27,105.31999969482422,102.0199966430664,1888.699951171875,4.454500198364258,4.674300193786621,7.267000198364258,3.4560000896453857,23.45800018310547,815.5,87.80000305175781,451.0,1726.5,1080.0
2022-04-28,107.58999633789062,105.36000061035156,1891.300048828125,4.41349983215332,5.13539981842041,6.888000011444092,3.5034000873565674,23.128999710083008,816.0,90.5999984741211,440.20001220703125,1706.5,1074.0
2022-04-29,109.33999633789062,104.69000244140625,1911.699951171875,4.394999980926514,4.781700134277344,7.24399995803833,3.472100019454956,23.040000915527344,818.25,89.16999816894531,440.5,1708.25,1043.75
2022-05-02,107.58000183105469,105.16999816894531,1863.5999755859375,4.255499839782715,4.204899787902832,7.474999904632568,3.5100998878479004,22.54400062561035,813.0,82.69999694824219,442.8999938964844,1674.0,1043.5
2022-05-03,104.97000122070312,102.41000366210938,1870.5999755859375,4.270999908447266,4.082699775695801,7.953999996185303,3.501199960708618,22.621000289916992,800.75,84.30000305175781,436.3999938964844,1659.0,1033.75
2022-05-04,110.13999938964844,107.80999755859375,1868.800048828125,4.328499794006348,4.197000026702881,8.414999961853027,3.6522998809814453,22.36199951171875,798.5,87.08000183105469,428.29998779296875,1669.75,1066.0
2022-05-05,110.9000015258789,108.26000213623047,1875.699951171875,4.284999847412109,4.041299819946289,8.782999992370605,3.6586999893188477,22.399999618530273,803.75,86.5,426.8999938964844,1678.5,1096.0
2022-05-06,112.38999938964844,109.7699966430664,1882.800048828125,4.261499881744385,3.9542999267578125,8.043000221252441,3.759000062942505,22.325000762939453,792.25,88.4000015258789,423.3999938964844,1655.5,1097.0
2022-05-09,105.94000244140625,103.08999633789062,1858.5999755859375,4.192999839782715,3.83489990234375,7.026000022888184,3.641900062561035,21.781999588012695,784.5,87.18000030517578,411.1000061035156,1621.0,1083.25
2022-05-10,102.45999908447266,99.76000213623047,1841.0,4.1545000076293945,3.9321999549865723,7.385000228881836,3.5415000915527344,21.389999389648438,786.5,87.95999908447266,407.8999938964844,1630.0,1083.25
2022-05-11,107.51000213623047,105.70999908447266,1853.699951171875,4.212500095367432,3.951200008392334,7.639999866485596,3.685499906539917,21.549999237060547,802.25,89.44999694824219,400.6000061035156,1650.25,1108.75
2022-05-12,107.44999694824219,106.12999725341797,1824.5999755859375,4.105000019073486,3.916100025177002,7.738999843597412,3.7916998863220215,20.756999969482422,813.5,88.5199966430664,399.3999938964844,1660.25,1174.5
2022-05-13,111.55000305175781,110.48999786376953,1808.199951171875,4.180500030517578,3.9212000370025635,7.663000106811523,3.9577999114990234,20.983999252319336,794.5,88.33999633789062,406.3999938964844,1723.25,1167.25
2022-05-16,114.23999786376953,114.19999694824219,1814.0,4.196499824523926,3.9075000286102295,7.955999851226807,4.022900104522705,21.53499984741211,809.5,82.98999786376953,413.6000061035156,1656.5,1247.5
2022-05-17,111.93000030517578,112.4000015258789,1818.9000244140625,4.239500045776367,3.799299955368042,8.303999900817871,3.941699981689453,21.73699951171875,800.75,83.48999786376953,411.79998779296875,1678.0,1277.5
2022-05-18,109.11000061035156,109.58999633789062,1815.9000244140625,4.182000160217285,3.668100118637085,8.368000030517578,3.720599889755249,21.533000946044922,781.5,80.55000305175781,414.0,1662.75,1230.75
2022-05-19,112.04000091552734,112.20999908447266,1841.199951171875,4.284999847412109,3.7920000553131104,8.307999610900879,3.831700086593628,21.898000717163086,783.25,79.52999877929688,425.29998779296875,1690.5,1200.5
2022-05-20,112.55000305175781,113.2300033569336,1842.0999755859375,4.281000137329102,3.7390999794006348,8.083000183105469,3.8369998931884766,21.66900062561035,778.75,80.93000030517578,429.8999938964844,1705.25,1168.75
2022-05-23,113.41999816894531,110.29000091552734,1847.800048828125,4.347499847412109,3.7688000202178955,8.744000434875488,3.7976999282836914,21.722999572753906,786.25,80.47000122070312,422.5,1687.0,1190.0
2022-05-24,113.55999755859375,109.7699966430664,1865.4000244140625,4.325500011444092,3.7818000316619873,8.795999526977539,3.811000108718872,22.062999725341797,771.75,80.12000274658203,427.1000061035156,1693.0,1154.75
2022-05-25,114.02999877929688,110.33000183105469,1846.300048828125,4.2769999504089355,3.8664000034332275,8.970999717712402,3.831700086593628,21.860000610351562,772.25,78.91999816894531,424.20001220703125,1681.0,1148.25
2022-05-26,117.4000015258789,114.08999633789062,1847.5999755859375,4.255000114440918,3.9679999351501465,8.907999992370605,3.8773999214172363,21.94099998474121,765.0,80.5199966430664,428.20001220703125,1726.5,1143.25
2022-05-27,119.43000030517578,115.06999969482422,1851.300048828125,4.303999900817871,4.002900123596191,8.72700023651123,4.0157999992370605,22.059999465942383,777.25,79.56999969482422,432.29998779296875,1732.25,1157.5
2022-05-31,122.83999633789062,114.66999816894531,1842.699951171875,4.295000076293945,4.09089994430542,8.145000457763672,4.080399990081787,21.650999069213867,753.5,77.91999816894531,414.79998779296875,1683.25,1087.5
2022-06-01,116.29000091552734,115.26000213623047,1848.699951171875,4.329999923706055,4.1433000564575195,8.696000099182129,4.071599960327148,21.884000778198242,731.25,78.11000061035156,412.70001220703125,1690.25,1041.25
2022-06-02,117.61000061035156,116.87000274658203,1871.4000244140625,4.553999900817871,4.208399772644043,8.484999656677246,4.190899848937988,22.253999710083008,730.25,81.44000244140625,414.8999938964844,1729.25,1058.25
2022-06-03,119.72000122070312,118.87000274658203,1850.199951171875,4.477499961853027,4.280300140380859,8.52299976348877,4.252200126647949,21.889999389648438,727.0,81.8499984741211,407.8999938964844,1697.75,1040.0
2022-06-06,119.51000213623047,118.5,1843.699951171875,4.439499855041504,4.360099792480469,9.321999549865723,4.192999839782715,22.073999404907227,742.5,81.19000244140625,407.1000061035156,1699.25,1093.0
2022-06-07,120.56999969482422,119.41000366210938,1852.0999755859375,4.439499855041504,4.3206000328063965,9.293000221252441,4.157700061798096,22.159000396728516,757.0,81.44000244140625,417.3999938964844,1728.25,1071.75
2022-06-08,123.58000183105469,122.11000061035156,1856.5,4.458499908447266,4.314300060272217,8.699000358581543,4.22189998626709,22.073999404907227,764.5,82.94000244140625,415.6000061035156,1740.0,1074.75
2022-06-09,123.06999969482422,121.51000213623047,1852.800048828125,4.388999938964844,4.40369987487793,8.963000297546387,4.276199817657471,21.797000885009766,773.0,82.62999725341797,427.5,1769.0,1071.25
2022-06-10,122.01000213623047,120.66999816894531,1875.5,4.301000118255615,4.366700172424316,8.850000381469727,4.1722002029418945,21.913000106811523,773.25,80.80999755859375,429.1000061035156,1745.5,1070.75
2022-06-13,122.2699966430664,120.93000030517578,1831.800048828125,4.2164998054504395,4.283400058746338,8.609000205993652,4.035299777984619,21.236000061035156,769.25,79.51000213623047,415.1000061035156,1707.5,1071.0
2022-06-14,121.16999816894531,118.93000030517578,1813.5,4.161499977111816,4.394000053405762,7.189000129699707,3.993799924850464,20.93600082397461,768.25,78.27999877929688,411.0,1698.5,1050.25
2022-06-15,118.51000213623047,115.30999755859375,1819.5999755859375,4.167500019073486,4.546999931335449,7.420000076293945,3.894200086593628,21.402000427246094,774.0,77.66999816894531,417.5,1693.75,1050.0
2022-06-16,119.80999755859375,117.58999633789062,1849.9000244140625,4.111999988555908,4.571300029754639,7.464000225067139,3.9558000564575195,21.867000579833984,788.25,76.33999633789062,429.70001220703125,1709.5,1078.25
2022-06-17,113.12000274658203,109.55999755859375,1840.5999755859375,4.017499923706055,4.339799880981445,6.943999767303467,3.7929999828338623,21.572999954223633,784.5,73.79000091552734,438.1000061035156,1702.0,1034.25
2022-06-21,114.6500015258789,110.6500015258789,1838.800048828125,4.043000221252441,4.358399868011475,6.808000087738037,3.7945001125335693,21.753999710083008,760.75,73.37000274658203,431.29998779296875,1681.0,975.25
2022-06-22,111.73999786376953,106.19000244140625,1838.4000244140625,3.9514999389648438,4.404600143432617,6.857999801635742,3.8341000080108643,21.406999588012695,768.0,70.66000366210938,432.3999938964844,1652.75,976.5
2022-06-23,110.05000305175781,104.2699966430664,1829.800048828125,3.758500099182129,4.337900161743164,6.238999843597412,3.7655999660491943,21.031999588012695,746.75,67.70999908447266,426.70001220703125,1593.25,937.25
2022-06-24,113.12000274658203,107.62000274658203,1830.300048828125,3.759999990463257,4.3628997802734375,6.21999979019165,3.8847999572753906,21.115999221801758,750.25,69.75,432.6000061035156,1610.75,923.75
2022-06-27,115.08999633789062,109.56999969482422,1824.800048828125,3.7790000438690186,4.230199813842773,6.500999927520752,3.8371999263763428,21.159000396728516,744.25,70.81999969482422,442.70001220703125,1630.5,904.0
2022-06-28,117.9800033569336,111.76000213623047,1821.199951171875,3.7839999198913574,4.199399948120117,6.551000118255615,3.9351000785827637,20.797000885009766,759.5,72.08999633789062,455.1000061035156,1663.75,921.25
2022-06-29,116.26000213623047,109.77999877929688,1817.5,3.7790000438690186,4.0366997718811035,6.498000144958496,3.8269999027252197,20.667999267578125,770.25,72.5999984741211,463.20001220703125,1674.25,915.5
2022-06-30,114.80999755859375,105.76000213623047,1807.300048828125,3.7144999504089355,3.898200035095215,5.423999786376953,3.6498000621795654,20.281999588012695,743.75,69.93000030517578,469.8999938964844,1675.0,868.75
2022-07-01,111.62999725341797,108.43000030517578,1801.5,3.61899995803833,3.9388999938964844,5.730000019073486,3.6877999305725098,19.597000122070312,754.5,65.68000030517578,459.70001220703125,1626.0,831.25
2022-07-05,102.7699966430664,99.5,1763.9000244140625,3.424999952316284,3.601599931716919,5.5229997634887695,3.3289999961853027,19.052000045776367,736.0,60.52000045776367,452.79998779296875,1575.25,793.75
2022-07-06,100.69000244140625,98.52999877929688,1736.5,3.4179999828338623,3.410599946975708,5.510000228881836,3.236599922180176,19.084999084472656,744.25,60.220001220703125,462.6000061035156,1580.25,792.25
2022-07-07,104.6500015258789,102.7300033569336,1739.699951171875,3.5820000171661377,3.6738998889923096,6.296999931335449,3.4203999042510986,19.121999740600586,747.0,63.16999816894531,470.0,1591.25,824.5
2022-07-08,107.0199966430664,104.79000091552734,1742.300048828125,3.5320000648498535,3.6728999614715576,6.033999919891357,3.4470999240875244,19.16699981689453,778.25,64.06999969482422,478.3999938964844,1630.25,879.25
2022-07-11,107.0999984741211,104.08999633789062,1731.699951171875,3.4375,3.7681000232696533,6.426000118255615,3.4621999263763428,19.066999435424805,781.25,65.20999908447266,482.8999938964844,1641.0,843.75
2022-07-12,99.48999786376953,95.83999633789062,1724.800048828125,3.2964999675750732,3.662600040435791,6.163000106811523,3.2646000385284424,18.89900016784668,732.75,61.40999984741211,478.70001220703125,1592.75,801.5
2022-07-13,99.56999969482422,96.30000305175781,1735.5,3.325500011444092,3.6658999919891357,6.689000129699707,3.2337000370025635,19.13800048828125,740.0,60.209999084472656,491.5,1588.25,798.25
2022-07-14,99.0999984741211,95.77999877929688,1705.800048828125,3.2105000019073486,3.649399995803833,6.599999904632568,3.186800003051758,18.16900062561035,695.0,59.79999923706055,497.29998779296875,1610.0,794.25
2022-07-15,101.16000366210938,97.58999633789062,1703.5999755859375,3.234499931335449,3.6989998817443848,7.015999794006348,3.213200092315674,18.54800033569336,604.25,60.08000183105469,431.0,1466.0,776.75
2022-07-18,106.2699966430664,102.5999984741211,1710.199951171875,3.3480000495910645,3.6554999351501465,7.479000091552734,3.2643001079559326,18.791000366210938,612.25,63.20000076293945,434.5,1497.25,812.75
2022-07-19,107.3499984741211,104.22000122070312,1710.699951171875,3.2915000915527344,3.626800060272217,7.263999938964844,3.307499885559082,18.670000076293945,596.75,61.88999938964844,435.0,1477.25,812.25
2022-07-20,106.91999816894531,102.26000213623047,1700.199951171875,3.3294999599456787,3.604300022125244,8.006999969482422,3.275399923324585,18.638999938964844,592.25,60.029998779296875,436.5,1449.0,819.5
2022-07-21,103.86000061035156,96.3499984741211,1713.4000244140625,3.302000045776367,3.5903000831604004,7.932000160217285,3.1494998931884766,18.687000274658203,575.75,58.599998474121094,434.3999938964844,1418.5,806.25
2022-07-22,103.19999694824219,94.69999694824219,1727.4000244140625,3.3485000133514404,3.4556000232696533,8.298999786376953,3.2228000164031982,18.584999084472656,564.25,60.31999969482422,431.5,1434.5,759.0
2022-07-25,105.1500015258789,96.69999694824219,1719.0999755859375,3.3510000705718994,3.5165998935699463,8.72700023651123,3.381999969482422,18.29400062561035,580.0,60.0099983215332,447.5,1473.0,770.0
2022-07-26,104.4000015258789,94.9800033569336,1717.699951171875,3.382499933242798,3.583899974822998,8.993000030517578,3.3550000190734863,18.48699951171875,597.0,60.41999816894531,472.3999938964844,1532.75,803.75
2022-07-27,106.62000274658203,97.26000213623047,1719.0999755859375,3.429500102996826,3.7172999382019043,8.687000274658203,3.428800106048584,18.55299949645996,600.25,61.18000030517578,488.8999938964844,1578.75,790.25
2022-07-28,107.13999938964844,96.41999816894531,1750.300048828125,3.4749999046325684,3.686300039291382,8.133999824523926,3.464600086212158,19.82699966430664,615.0,65.83999633789062,489.70001220703125,1609.25,817.0
2022-07-29,110.01000213623047,98.62000274658203,1762.9000244140625,3.5840001106262207,3.6247000694274902,8.229000091552734,3.488100051879883,20.1560001373291,616.25,68.5999984741211,495.29998779296875,1637.0,807.75
2022-08-01,100.02999877929688,93.88999938964844,1787.699951171875,3.552000045776367,3.440000057220459,8.282999992370605,2.9981000423431396,20.32200050354004,607.0,66.2300033569336,487.0,1594.25,800.25
2022-08-02,100.54000091552734,94.41999816894531,1789.699951171875,3.5244998931884766,3.3803999423980713,7.705999851226807,3.0566999912261963,20.104999542236328,591.25,65.19999694824219,489.20001220703125,1569.25,774.75
2022-08-03,96.77999877929688,90.66000366210938,1776.4000244140625,3.4695000648498535,3.414799928665161,8.265999794006348,2.9121999740600586,19.864999771118164,591.5,65.08000183105469,481.70001220703125,1558.0,763.75
2022-08-04,94.12000274658203,88.54000091552734,1806.9000244140625,3.4830000400543213,3.3371999263763428,8.121999740600586,2.7934999465942383,20.099000930786133,602.25,66.04000091552734,513.7000122070312,1615.0,782.5
2022-08-05,94.91999816894531,89.01000213623047,1791.199951171875,3.552999973297119,3.21589994430542,8.064000129699707,2.855600118637085,19.819000244140625,610.25,68.58999633789062,499.1000061035156,1614.75,775.75
2022-08-08,96.6500015258789,90.76000213623047,1805.199951171875,3.5875000953674316,3.1791000366210938,7.589000225067139,2.886199951171875,20.591999053955078,608.5,69.19999694824219,498.70001220703125,1619.5,779.75
2022-08-09,96.30999755859375,90.5,1812.300048828125,3.5924999713897705,3.3338000774383545,7.833000183105469,2.960200071334839,20.45800018310547,615.5,69.69000244140625,513.5999755859375,1693.25,781.5
2022-08-10,97.4000015258789,91.93000030517578,1813.699951171875,3.6554999351501465,3.4103000164031982,8.20199966430664,3.0703001022338867,20.718000411987305,621.25,70.55999755859375,515.5999755859375,1688.75,799.75
2022-08-11,99.5999984741211,94.33999633789062,1807.199951171875,3.7105000019073486,3.4839999675750732,8.87399959564209,3.071500062942505,20.326000213623047,629.25,71.97000122070312,520.2000122070312,1709.5,810.75
2022-08-12,98.1500015258789,92.08999633789062,1815.5,3.6760001182556152,3.5178000926971436,8.767999649047852,3.0460000038146973,20.677000045776367,639.75,71.97000122070312,520.2000122070312,1669.25,806.0
2022-08-15,95.0999984741211,89.41000366210938,1798.0999755859375,3.628999948501587,3.4402999877929688,8.727999687194824,2.95169997215271,20.250999450683594,626.75,68.94000244140625,452.20001220703125,1494.0,800.75
2022-08-16,92.33999633789062,86.52999877929688,1789.699951171875,3.6364998817443848,3.4802000522613525,9.329000473022461,2.900700092315674,20.065000534057617,611.0,67.83999633789062,435.8999938964844,1454.25,786.0
2022-08-17,93.6500015258789,88.11000061035156,1776.699951171875,3.5980000495910645,3.6173999309539795,9.244000434875488,2.934499979019165,19.711000442504883,615.0,67.41000366210938,440.6000061035156,1475.25,763.25
2022-08-18,96.58999633789062,90.5,1771.199951171875,3.6465001106262207,3.6496999263763428,9.187999725341797,3.026099920272827,19.447999954223633,619.75,66.26000213623047,449.3999938964844,1495.5,731.5
2022-08-19,96.72000122070312,90.7699966430664,1762.9000244140625,3.683500051498413,3.700500011444092,9.336000442504883,3.0174999237060547,19.058000564575195,626.0,67.9000015258789,448.70001220703125,1488.75,753.25
2022-08-22,96.4800033569336,90.2300033569336,1748.4000244140625,3.6705000400543213,3.77620005607605,9.680000305175781,2.891200065612793,18.87299919128418,633.5,68.7699966430664,460.5,1527.0,770.5
2022-08-23,100.22000122070312,93.73999786376953,1761.199951171875,3.7044999599456787,3.841900110244751,9.192999839782715,2.933000087738037,19.011999130249023,660.0,69.58999633789062,468.5,1566.75,782.75
2022-08-24,101.22000122070312,94.88999938964844,1761.5,3.6605000495910645,4.013199806213379,9.329999923706055,2.8006999492645264,18.895000457763672,665.75,68.7699966430664,467.70001220703125,1560.75,795.0
2022-08-25,99.33999633789062,92.5199966430664,1771.4000244140625,3.7105000019073486,3.9491000175476074,9.375,2.8120999336242676,19.111000061035156,657.5,69.08999633789062,458.0,1552.5,769.75
2022-08-26,100.98999786376953,93.05999755859375,1749.800048828125,3.7114999294281006,4.007599830627441,9.295999526977539,2.851300001144409,18.739999771118164,668.75,70.81999969482422,478.1000061035156,1605.25,784.75
2022-08-29,105.08999633789062,97.01000213623047,1749.699951171875,3.626499891281128,3.909899950027466,9.352999687194824,2.8775999546051025,18.55500030517578,683.75,70.9800033569336,478.3999938964844,1534.75,820.0
2022-08-30,99.30999755859375,91.63999938964844,1736.300048828125,3.5450000762939453,3.8171000480651855,9.041999816894531,2.6944000720977783,18.159000396728516,679.75,70.79000091552734,462.3999938964844,1513.0,798.25
2022-08-31,96.48999786376953,89.55000305175781,1726.199951171875,3.5185000896453857,3.715399980545044,9.126999855041504,2.6059000492095947,17.761999130249023,673.75,72.73999786376953,458.8999938964844,1507.5,809.0
2022-09-01,92.36000061035156,86.61000061035156,1709.300048828125,3.4144999980926514,3.561199903488159,9.26200008392334,2.3852999210357666,17.551000595092773,658.25,68.5199966430664,452.0,1472.75,775.5
2022-09-02,93.0199966430664,86.87000274658203,1722.5999755859375,3.4214999675750732,3.578000068664551,8.78600025177002,2.463599920272827,17.775999069213867,669.0,71.5,444.1000061035156,1510.5,793.0
2022-09-06,92.83000183105469,86.87999725341797,1712.9000244140625,3.4690001010894775,3.5738000869750977,8.145000457763672,2.4158999919891357,17.795000076293945,680.75,68.95999908447266,433.5,1490.0,800.0
2022-09-07,88.0,81.94000244140625,1727.800048828125,3.437999963760376,3.5859999656677246,7.8420000076293945,2.3076999187469482,18.136999130249023,676.75,67.7300033569336,436.1000061035156,1466.75,826.5
2022-09-08,89.1500015258789,83.54000091552734,1720.199951171875,3.5360000133514404,3.54010009765625,7.914999961853027,2.346100091934204,18.329999923706055,674.5,68.86000061035156,427.79998779296875,1470.5,810.5
2022-09-09,92.83999633789062,86.79000091552734,1728.5999755859375,3.5810000896453857,3.578700065612793,7.995999813079834,2.4330999851226807,18.658000946044922,698.5,70.25,440.8999938964844,1489.25,853.25
2022-09-12,94.0,87.77999877929688,1740.5999755859375,3.625499963760376,3.603100061416626,8.24899959564209,2.4447999000549316,19.7549991607666,712.25,71.91999816894531,472.8999938964844,1549.75,841.25
2022-09-13,93.16999816894531,87.30999755859375,1717.4000244140625,3.5810000896453857,3.541300058364868,8.284000396728516,2.4804000854492188,19.389999389648438,709.0,71.95999908447266,462.1000061035156,1534.25,842.75
2022-09-14,94.0999984741211,88.4800033569336,1709.0999755859375,3.5455000400543213,3.3789000511169434,9.11400032043457,2.5244998931884766,19.47100067138672,709.0,68.51000213623047,461.29998779296875,1503.75,853.75
2022-09-15,90.83999633789062,85.0999984741211,1677.300048828125,3.5234999656677246,3.205199956893921,8.324000358581543,2.4286999702453613,19.174999237060547,677.5,66.79000091552734,434.5,1451.5,845.0
2022-09-16,91.3499984741211,85.11000061035156,1683.5,3.561000108718872,3.172499895095825,7.763999938964844,2.4156999588012695,19.29599952697754,677.25,68.66000366210938,429.6000061035156,1448.5,859.75
2022-09-19,92.0,85.7300033569336,1678.199951171875,3.557499885559082,3.310800075531006,7.751999855041504,2.464099884033203,19.273000717163086,678.25,68.0,438.20001220703125,1461.25,830.5
2022-09-20,90.62000274658203,84.44999694824219,1671.0999755859375,3.5480000972747803,3.3722000122070312,7.7170000076293945,2.4477999210357666,19.101999282836914,692.0,68.58999633789062,450.79998779296875,1478.75,893.75
2022-09-21,89.83000183105469,82.94000244140625,1675.699951171875,3.51200008392334,3.3338000774383545,7.7789998054504395,2.4865000247955322,19.410999298095703,685.5,67.83000183105469,454.70001220703125,1461.25,903.75
2022-09-22,90.45999908447266,83.48999786376953,1681.0999755859375,3.498500108718872,3.4114999771118164,7.089000225067139,2.515700101852417,19.54800033569336,688.25,69.43000030517578,445.8999938964844,1457.0,910.75
2022-09-23,86.1500015258789,78.73999786376953,1655.5999755859375,3.371500015258789,3.2370998859405518,6.828000068664551,2.382999897003174,18.840999603271484,676.75,67.0,439.8999938964844,1425.75,880.5
2022-09-26,84.05999755859375,76.70999908447266,1633.4000244140625,3.313499927520752,3.1291000843048096,6.9029998779296875,2.384200096130371,18.4060001373291,666.25,66.11000061035156,432.6000061035156,1411.25,858.0
2022-09-27,86.2699966430664,78.5,1636.199951171875,3.322999954223633,3.2599000930786133,6.651000022888184,2.4930999279022217,18.256999969482422,667.5,65.66000366210938,426.1000061035156,1408.0,871.5
2022-09-28,89.31999969482422,82.1500015258789,1670.0,3.381999969482422,3.449399948120117,6.868000030517578,2.577899932861328,18.79599952697754,670.5,65.5199966430664,421.79998779296875,1408.75,903.25
2022-09-29,88.48999786376953,81.2300033569336,1668.5999755859375,3.440000057220459,3.414599895477295,6.874000072479248,2.5076000690460205,18.611000061035156,669.5,67.4800033569336,409.1000061035156,1410.75,896.25
2022-09-30,87.95999908447266,79.48999786376953,1672.0,3.441999912261963,3.36899995803833,6.765999794006348,2.472599983215332,18.959999084472656,677.5,65.3499984741211,403.20001220703125,1364.75,921.5
2022-10-03,88.86000061035156,83.62999725341797,1702.0,3.4579999446868896,3.3691000938415527,6.46999979019165,2.5129001140594482,20.518999099731445,680.75,66.87999725341797,405.6000061035156,1374.0,912.0
2022-10-04,91.80000305175781,86.5199966430664,1730.5,3.5179998874664307,3.535799980163574,6.836999893188477,2.683000087738037,21.03700065612793,683.0,68.62999725341797,403.0,1383.5,903.0
2022-10-05,93.37000274658203,87.76000213623047,1720.800048828125,3.5325000286102295,3.6868999004364014,6.929999828338623,2.6684999465942383,20.479000091552734,684.0,69.0199966430664,402.5,1369.75,902.0
2022-10-06,94.41999816894531,88.44999694824219,1720.800048828125,3.4749999046325684,3.8649001121520996,6.9720001220703125,2.6814000606536865,20.594999313354492,675.5,69.66999816894531,397.3999938964844,1358.0,879.0
2022-10-07,97.91999816894531,92.63999938964844,1709.300048828125,3.4124999046325684,4.018700122833252,6.748000144958496,2.734600067138672,20.191999435424805,683.25,70.08000183105469,404.8999938964844,1367.0,880.25
2022-10-10,96.19000244140625,91.12999725341797,1675.199951171875,3.4535000324249268,3.9147000312805176,6.434999942779541,2.62280011177063,19.555999755859375,698.25,69.54000091552734,410.70001220703125,1374.0,938.0
2022-10-11,94.29000091552734,89.3499984741211,1686.0,3.4779999256134033,3.930799961090088,6.5960001945495605,2.6273000240325928,19.427000045776367,693.0,68.9800033569336,410.3999938964844,1376.25,901.0
2022-10-12,92.44999694824219,87.2699966430664,1677.5,3.444499969482422,3.932800054550171,6.434999942779541,2.6303000450134277,18.878000259399414,693.0,69.16999816894531,421.79998779296875,1396.0,882.25
2022-10-13,94.56999969482422,89.11000061035156,1677.0,3.4674999713897705,4.094799995422363,6.741000175476074,2.703399896621704,18.857999801635742,697.75,70.01000213623047,418.5,1395.75,892.25
2022-10-14,91.62999725341797,85.61000061035156,1648.9000244140625,3.450500011444092,3.9802000522613525,6.453000068664551,2.6308999061584473,18.014999389648438,689.75,69.56999969482422,418.5,1383.75,859.75
2022-10-17,91.62000274658203,85.45999908447266,1664.0,3.4554998874664307,4.08519983291626,5.999000072479248,2.593100070953369,18.673999786376953,683.5,66.83999633789062,411.0,1385.25,861.0
2022-10-18,90.02999877929688,82.81999969482422,1655.800048828125,3.4065001010894775,3.993499994277954,5.744999885559082,2.550600051879883,18.570999145507812,681.0,68.73999786376953,401.79998779296875,1372.0,849.5
2022-10-19,92.41000366210938,85.55000305175781,1634.199951171875,3.3605000972747803,3.9042999744415283,5.461999893188477,2.6521999835968018,18.336000442504883,678.25,70.63999938964844,401.70001220703125,1372.5,841.25
2022-10-20,92.37999725341797,85.9800033569336,1636.800048828125,3.4509999752044678,3.7567999362945557,5.357999801635742,2.6477999687194824,18.666000366210938,684.0,70.41999816894531,413.29998779296875,1391.5,849.25
2022-10-21,93.5,85.05000305175781,1656.300048828125,3.5230000019073486,3.8322999477386475,4.959000110626221,2.6619999408721924,19.042999267578125,684.25,71.5,417.8999938964844,1395.5,850.75
2022-10-24,93.26000213623047,84.58000183105469,1654.0999755859375,3.4795000553131104,3.920099973678589,5.198999881744385,2.7302000522613525,19.173999786376953,681.5,71.87000274658203,408.70001220703125,1372.0,838.75
2022-10-25,93.5199966430664,85.31999969482422,1658.0,3.450500011444092,3.9672000408172607,5.61299991607666,2.9159998893737793,19.339000701904297,686.25,72.27999877929688,415.6000061035156,1382.0,834.75
2022-10-26,95.69000244140625,87.91000366210938,1669.199951171875,3.629499912261963,4.120100021362305,5.605999946594238,2.899399995803833,19.479999542236328,685.0,73.41999816894531,408.70001220703125,1381.75,840.5
2022-10-27,96.95999908447266,89.08000183105469,1665.5999755859375,3.625499963760376,4.333899974822998,5.185999870300293,3.0116000175476074,19.47800064086914,682.25,72.30000305175781,415.3999938964844,1382.25,838.5
2022-10-28,95.7699966430664,87.9000015258789,1644.800048828125,3.4660000801086426,4.549799919128418,5.684000015258789,2.906599998474121,19.14699935913086,680.75,71.79000091552734,425.3999938964844,1387.75,829.25
2022-10-31,94.83000183105469,86.52999877929688,1640.699951171875,3.4135000705718994,4.190899848937988,6.355000019073486,2.810699939727783,19.125,691.5,73.20999908447266,428.1000061035156,1407.0,882.25
2022-11-01,94.6500015258789,88.37000274658203,1649.699951171875,3.509500026702881,3.6210999488830566,5.714000225067139,2.5945000648498535,19.67300033569336,697.75,73.37000274658203,424.79998779296875,1435.75,902.5
2022-11-02,96.16000366210938,90.0,1650.0,3.505500078201294,3.6774001121520996,6.26800012588501,2.697200059890747,19.600000381469727,687.5,75.61000061035156,424.5,1440.0,846.0
2022-11-03,94.66999816894531,88.16999816894531,1630.9000244140625,3.4565000534057617,3.865299940109253,5.974999904632568,2.6939001083374023,19.43600082397461,679.25,75.29000091552734,414.29998779296875,1426.75,840.5
2022-11-04,98.56999969482422,92.61000061035156,1676.5999755859375,3.7144999504089355,3.914799928665161,6.400000095367432,2.734800100326538,20.790000915527344,681.0,77.16999816894531,420.3999938964844,1451.5,847.75
2022-11-07,97.91999816894531,91.79000091552734,1680.5,3.629499912261963,3.781100034713745,6.943999767303467,2.65310001373291,20.898000717163086,675.75,76.33000183105469,419.0,1440.0,845.75
2022-11-08,95.36000061035156,88.91000366210938,1716.0,3.7054998874664307,3.770699977874756,6.138000011444092,2.636699914932251,21.476999282836914,667.5,75.02999877929688,419.29998779296875,1444.0,827.75
2022-11-09,92.6500015258789,85.83000183105469,1713.699951171875,3.741499900817871,3.6563000679016113,5.864999771118164,2.544600009918213,21.29800033569336,664.5,75.54000091552734,417.6000061035156,1459.75,806.5
2022-11-10,93.66999816894531,86.47000122070312,1753.699951171875,3.7960000038146973,3.5694000720977783,6.238999843597412,2.5662999153137207,21.677000045776367,653.25,76.08999633789062,404.1000061035156,1430.5,803.5
2022-11-11,95.98999786376953,88.95999908447266,1769.4000244140625,3.9509999752044678,3.555299997329712,5.879000186920166,2.609600067138672,21.645999908447266,658.0,76.97000122070312,407.3999938964844,1455.5,813.75
2022-11-14,93.13999938964844,85.87000274658203,1776.9000244140625,3.8550000190734863,3.5439999103546143,5.933000087738037,2.5285000801086426,22.091999053955078,657.25,76.27999877929688,406.0,1441.75,818.5
2022-11-15,93.86000061035156,86.91999816894531,1776.800048828125,3.8394999504089355,3.6412999629974365,6.033999919891357,2.5160999298095703,21.499000549316406,666.75,76.9800033569336,409.8999938964844,1457.25,828.25
2022-11-16,92.86000061035156,85.58999633789062,1775.800048828125,3.7880001068115234,3.613600015640259,6.199999809265137,2.507999897003174,21.503999710083008,665.25,74.08000183105469,406.6000061035156,1429.25,817.5
2022-11-17,89.77999877929688,81.63999938964844,1763.0,3.689500093460083,3.5248000621795654,6.36899995803833,2.454699993133545,20.954999923706055,667.5,72.12999725341797,405.70001220703125,1417.0,806.75
2022-11-18,87.62000274658203,80.08000183105469,1754.4000244140625,3.631999969482422,3.5181000232696533,6.302999973297119,2.420799970626831,20.97599983215332,667.75,72.73999786376953,410.3999938964844,1428.25,803.25
2022-11-21,87.44999694824219,79.7300033569336,1739.5999755859375,3.571500062942505,3.497299909591675,6.776000022888184,2.4370999336242676,20.849000930786133,659.5,73.0,411.3999938964844,1436.75,799.25
2022-11-22,88.36000061035156,80.94999694824219,1739.9000244140625,3.614500045776367,3.471299886703491,6.7789998054504395,2.5404999256134033,21.034000396728516,656.75,73.83999633789062,408.6000061035156,1429.75,791.5
2022-11-23,85.41000366210938,77.94000244140625,1745.5999755859375,3.617500066757202,3.359299898147583,7.308000087738037,2.474400043487549,21.35700035095215,663.25,74.91000366210938,409.70001220703125,1436.0,793.5
2022-11-25,83.62999725341797,76.27999877929688,1754.0,3.626499891281128,3.2390999794006348,7.02400016784668,2.328200101852417,21.424999237060547,668.0,74.5199966430664,408.79998779296875,1436.25,775.5
2022-11-28,83.19000244140625,77.23999786376953,1740.300048828125,3.6105000972747803,3.215399980545044,6.711999893188477,2.3306000232696533,20.90999984741211,668.75,76.06999969482422,413.6000061035156,1457.25,756.75
2022-11-29,83.02999877929688,78.19999694824219,1748.4000244140625,3.630000114440918,3.2959001064300537,7.235000133514404,2.3320999145507812,21.20400047302246,665.75,76.54000091552734,408.5,1459.5,757.75
2022-11-30,85.43000030517578,80.55000305175781,1746.0,3.7295000553131104,3.3629000186920166,6.929999828338623,2.4184999465942383,21.549999237060547,662.0,75.2300033569336,417.70001220703125,1469.5,771.5
2022-12-01,86.87999725341797,81.22000122070312,1815.199951171875,3.813999891281128,3.262399911880493,6.73799991607666,2.3420000076293945,22.636999130249023,650.0,68.4000015258789,420.8999938964844,1429.75,758.75
2022-12-02,85.56999969482422,79.9800033569336,1809.5999755859375,3.8480000495910645,3.1684999465942383,6.281000137329102,2.280400037765503,23.038000106811523,635.0,67.58999633789062,424.5,1438.5,737.25
2022-12-05,82.68000030517578,76.93000030517578,1781.300048828125,3.7894999980926514,2.999799966812134,5.577000141143799,2.201900005340576,22.198999404907227,628.75,64.9000015258789,432.0,1437.75,715.5
2022-12-06,79.3499984741211,74.25,1782.4000244140625,3.811500072479248,2.9154999256134033,5.468999862670898,2.1491000652313232,22.12299919128418,625.5,63.869998931884766,449.20001220703125,1455.0,705.5
2022-12-07,77.16999816894531,72.01000213623047,1798.0,3.8554999828338623,2.7804999351501465,5.7230000495910645,2.077199935913086,22.709999084472656,627.75,63.150001525878906,462.20001220703125,1472.0,727.0
2022-12-08,76.1500015258789,71.45999908447266,1801.5,3.880500078201294,2.8798000812530518,5.961999893188477,2.049099922180176,23.062999725341797,632.0,63.5,469.29998779296875,1486.25,724.25
2022-12-09,76.0999984741211,71.0199966430664,1810.699951171875,3.875999927520752,2.7936999797821045,6.244999885559082,2.0560998916625977,23.53499984741211,634.75,62.20000076293945,471.70001220703125,1483.75,712.75
2022-12-12,77.98999786376953,73.16999816894531,1792.300048828125,3.7985000610351562,2.9684998989105225,6.586999893188477,2.0810000896453857,23.219999313354492,641.25,64.38999938964844,448.29998779296875,1460.5,733.0
2022-12-13,80.68000030517578,75.38999938964844,1825.5,3.8394999504089355,3.0922000408172607,6.934999942779541,2.160900115966797,23.801000595092773,643.75,66.30999755859375,450.0,1479.75,728.75
2022-12-14,82.69999694824219,77.27999877929688,1818.699951171875,3.875,3.2767999172210693,6.429999828338623,2.2444000244140625,23.945999145507812,639.0,66.30999755859375,456.0,1482.25,728.25
2022-12-15,81.20999908447266,76.11000061035156,1787.800048828125,3.763000011444092,3.283400058746338,6.96999979019165,2.166800022125244,23.128000259399414,653.5,63.81999969482422,455.29998779296875,1473.5,757.25
2022-12-16,79.04000091552734,74.29000091552734,1800.199951171875,3.7614998817443848,3.1198999881744385,6.599999904632568,2.1322999000549316,23.150999069213867,653.0,63.36000061035156,463.0,1480.0,753.5
2022-12-19,79.80000305175781,75.19000244140625,1797.699951171875,3.7829999923706055,3.053499937057495,5.85099983215332,2.1775999069213867,23.02899932861328,647.25,64.41000366210938,449.1000061035156,1460.75,748.5
2022-12-20,79.98999786376953,76.08999633789062,1825.4000244140625,3.797499895095825,3.0589001178741455,5.326000213623047,2.2228000164031982,24.0939998626709,652.0,66.05000305175781,452.3999938964844,1478.5,750.5
2022-12-21,82.19999694824219,78.29000091552734,1825.4000244140625,3.805999994277954,3.1394999027252197,5.331999778747559,2.2558000087738037,24.03499984741211,662.25,66.30999755859375,456.0,1481.0,767.75
2022-12-22,80.9800033569336,77.48999786376953,1795.300048828125,3.751499891281128,3.1314001083374023,4.999000072479248,2.248800039291382,23.47599983215332,660.5,65.80000305175781,452.0,1467.75,762.25
2022-12-23,83.91999816894531,79.55999755859375,1804.199951171875,3.802999973297119,3.2660999298095703,5.078999996185303,2.3835999965667725,23.763999938964844,666.25,65.93000030517578,455.29998779296875,1479.0,776.0
2022-12-27,84.33000183105469,79.52999877929688,1823.0999755859375,3.8334999084472656,3.3536999225616455,5.2820000648498535,2.3601999282836914,24.040000915527344,674.75,67.6500015258789,451.79998779296875,1482.25,774.5
2022-12-28,83.26000213623047,78.95999908447266,1815.800048828125,3.8320000171661377,3.3777999877929688,4.709000110626221,2.3629000186920166,23.663000106811523,682.75,65.80000305175781,466.29998779296875,1506.5,785.5
2022-12-29,82.26000213623047,78.4000015258789,1826.0,3.821000099182129,3.312999963760376,4.559000015258789,2.370699882507324,24.077999114990234,679.5,66.4000015258789,464.1000061035156,1508.75,774.0
2022-12-30,85.91000366210938,80.26000213623047,1826.199951171875,3.805500030517578,3.3622000217437744,4.474999904632568,2.4595000743865967,23.86199951171875,678.5,63.810001373291016,478.5,1519.25,792.0
2023-01-03,82.0999984741211,76.93000030517578,1846.0999755859375,3.7660000324249268,3.0864999294281006,3.98799991607666,2.3612000942230225,24.05900001525879,670.5,63.15999984741211,476.79998779296875,1487.25,775.5
2023-01-04,77.83999633789062,72.83999633789062,1859.0,3.739500045776367,2.97189998626709,4.171999931335449,2.259200096130371,23.79199981689453,653.75,63.11000061035156,482.5,1478.25,745.5
2023-01-05,78.69000244140625,73.66999816894531,1840.5999755859375,3.818000078201294,2.9723000526428223,3.7200000286102295,2.2671000957489014,23.257999420166016,652.75,62.939998626708984,488.70001220703125,1466.75,746.75
2023-01-06,78.56999969482422,73.7699966430664,1869.699951171875,3.9084999561309814,3.004499912261963,3.7100000381469727,2.2446000576019287,23.82200050354004,654.0,63.72999954223633,503.1000061035156,1501.5,743.5
2023-01-09,79.6500015258789,74.62999725341797,1877.800048828125,4.018499851226807,3.0360000133514404,3.9100000858306885,2.2929000854492188,23.711999893188477,652.75,63.90999984741211,496.70001220703125,1503.5,741.5
2023-01-10,80.0999984741211,75.12000274658203,1876.5,4.066999912261963,3.135699987411499,3.6389999389648438,2.327699899673462,23.506999969482422,655.0,63.130001068115234,500.8999938964844,1510.0,731.0
2023-01-11,82.66999816894531,77.41000366210938,1878.9000244140625,4.1545000076293945,3.217900037765503,3.6710000038146973,2.434499979019165,23.32699966430664,656.0,62.38999938964844,505.0,1515.0,740.0
2023-01-12,84.02999877929688,78.38999938964844,1898.800048828125,4.185999870300293,3.2190001010894775,3.694999933242798,2.4753000736236572,23.863000869750977,671.0,63.25,513.0,1529.5,742.75
2023-01-13,85.27999877929688,79.86000061035156,1921.699951171875,4.207499980926514,3.2558999061584473,3.4189999103546143,2.5327999591827393,24.231000900268555,675.0,63.25,513.0,1538.25,743.75
2023-01-17,85.91999816894531,80.18000030517578,1909.9000244140625,4.215000152587891,3.250999927520752,3.5859999656677246,2.545099973678589,23.944000244140625,685.25,63.84000015258789,481.20001220703125,1539.75,751.75
2023-01-18,84.9800033569336,79.4800033569336,1907.0,4.228499889373779,3.263000011444092,3.311000108718872,2.5234999656677246,23.530000686645508,681.25,64.12000274658203,478.1000061035156,1524.5,742.5
2023-01-19,86.16000366210938,80.33000183105469,1923.9000244140625,4.226500034332275,3.3759000301361084,3.2750000953674316,2.5968000888824463,23.753999710083008,677.25,63.150001525878906,471.20001220703125,1514.75,734.5
2023-01-20,87.62999725341797,81.30999755859375,1928.199951171875,4.248499870300293,3.4667999744415283,3.1740000247955322,2.645400047302246,23.829999923706055,676.25,61.970001220703125,463.70001220703125,1506.5,741.5
2023-01-23,88.19000244140625,81.62000274658203,1928.5999755859375,4.254000186920166,3.5508999824523926,3.447000026702881,2.696500062942505,23.45199966430664,666.25,62.040000915527344,461.8999938964844,1490.25,720.0
2023-01-24,86.12999725341797,80.12999725341797,1935.4000244140625,4.245500087738037,3.4272000789642334,3.257999897003174,2.648699998855591,23.64900016784668,677.0,60.97999954223633,459.79998779296875,1488.5,734.5
2023-01-25,86.12000274658203,80.1500015258789,1942.5999755859375,4.239999771118164,3.361299991607666,3.066999912261963,2.593400001525879,23.839000701904297,674.75,60.540000915527344,465.5,1502.5,741.25
2023-01-26,87.47000122070312,81.01000213623047,1930.0,4.267000198364258,3.3965001106262207,2.944000005722046,2.6120998859405518,23.93000030517578,682.5,60.790000915527344,477.1000061035156,1523.5,752.5
2023-01-27,86.66000366210938,79.68000030517578,1929.4000244140625,4.223999977111816,3.265500068664551,3.1089999675750732,2.588599920272827,23.527000427246094,683.0,60.619998931884766,473.5,1509.5,750.0
2023-01-30,84.9000015258789,77.9000015258789,1922.9000244140625,4.203499794006348,3.11080002784729,2.677000045776367,2.4988999366760254,23.645000457763672,683.75,61.31999969482422,488.70001220703125,1535.25,752.5
2023-01-31,84.48999786376953,78.87000274658203,1929.5,4.228499889373779,3.182300090789795,2.684000015258789,2.5434999465942383,23.74799919128418,679.75,62.33000183105469,484.20001220703125,1538.0,761.25
2023-02-01,82.83999633789062,76.41000366210938,1942.800048828125,4.111000061035156,2.9511001110076904,2.4679999351501465,2.4537999629974365,23.520999908447266,681.0,60.790000915527344,484.70001220703125,1520.25,759.75
2023-02-02,82.16999816894531,75.87999725341797,1930.800048828125,4.093999862670898,2.896699905395508,2.4560000896453857,2.4523000717163086,23.534000396728516,675.25,60.939998626708984,491.79998779296875,1534.25,761.0
2023-02-03,79.94000244140625,73.38999938964844,1876.5999755859375,4.063000202178955,2.7753000259399414,2.4100000858306885,2.321000099182129,22.333999633789062,677.5,59.060001373291016,496.5,1532.0,756.75
2023-02-06,80.98999786376953,74.11000061035156,1879.5,4.043499946594238,2.768699884414673,2.4570000171661377,2.3733999729156494,22.177000045776367,679.0,59.310001373291016,489.0,1521.25,750.25
2023-02-07,83.69000244140625,77.13999938964844,1884.800048828125,4.088500022888184,2.904400110244751,2.5840001106262207,2.4567999839782715,22.117000579833984,674.0,60.88999938964844,481.3999938964844,1515.25,749.75
2023-02-08,85.08999633789062,78.47000122070312,1890.699951171875,4.043499946594238,2.8933000564575195,2.3959999084472656,2.4628000259399414,22.367000579833984,678.5,60.58000183105469,481.8999938964844,1519.75,764.75
2023-02-09,84.5,78.05999755859375,1878.5,4.105500221252441,2.8153998851776123,2.430000066757202,2.447499990463257,22.097000122070312,670.75,59.040000915527344,495.5,1519.25,757.25
2023-02-10,86.38999938964844,79.72000122070312,1874.5,4.027500152587891,2.8645999431610107,2.5139999389648438,2.503700017929077,22.034000396728516,680.5,60.540000915527344,499.3999938964844,1542.5,786.0
2023-02-13,86.61000061035156,80.13999938964844,1863.5,4.086999893188477,2.9056999683380127,2.4049999713897705,2.531100034713745,21.81800079345703,685.0,60.13999938964844,504.0,1542.75,792.0
2023-02-14,85.58000183105469,79.05999755859375,1865.4000244140625,4.110000133514404,2.9400999546051025,2.566999912261963,2.4885001182556152,21.841999053955078,682.25,60.400001525878906,501.0,1537.5,786.0
2023-02-15,85.37999725341797,78.58999633789062,1845.300048828125,4.052000045776367,2.844399929046631,2.4709999561309814,2.49780011177063,21.54599952697754,676.25,61.2400016784668,491.1000061035156,1525.75,769.25
2023-02-16,85.13999938964844,78.48999786376953,1851.800048828125,4.165500164031982,2.810800075531006,2.3889999389648438,2.435499906539917,21.68400001525879,676.0,61.900001525878906,491.3999938964844,1526.5,765.0
2023-02-17,83.0,76.33999633789062,1850.199951171875,4.113999843597412,2.712100028991699,2.2750000953674316,2.4082000255584717,21.694000244140625,677.75,61.5099983215332,491.1000061035156,1527.25,765.5
2023-02-21,83.05000305175781,76.16000366210938,1842.5,4.234499931335449,2.7918999195098877,2.072999954223633,2.415600061416626,21.868999481201172,680.5,62.77000045776367,497.70001220703125,1548.75,750.5
2023-02-22,80.5999984741211,73.94999694824219,1841.5,4.202499866485596,2.7147998809814453,2.1740000247955322,2.337599992752075,21.660999298095703,674.0,62.83000183105469,492.6000061035156,1539.5,736.5
2023-02-23,82.20999908447266,75.38999938964844,1826.800048828125,4.072999954223633,2.7081000804901123,2.313999891281128,2.379499912261963,21.298999786376953,660.25,62.040000915527344,493.1000061035156,1534.25,738.25
2023-02-24,83.16000366210938,76.31999969482422,1817.0999755859375,3.9549999237060547,2.7962000370025635,2.4509999752044678,2.3587000370025635,20.805999755859375,650.0,61.11000061035156,497.1000061035156,1529.0,708.25
2023-02-27,82.44999694824219,75.68000030517578,1824.9000244140625,4.008999824523926,2.8197999000549316,2.7309999465942383,2.368299961090088,20.670000076293945,642.75,60.040000915527344,498.70001220703125,1518.25,696.0
2023-02-28,83.88999938964844,77.05000305175781,1836.699951171875,4.097499847412109,2.8208999633789062,2.746999979019165,2.434299945831299,20.961000442504883,629.5,59.75,487.6000061035156,1490.5,691.5
2023-03-01,84.30999755859375,77.69000244140625,1845.4000244140625,4.168000221252441,2.873800039291382,2.811000108718872,2.674799919128418,20.958999633789062,640.5,60.540000915527344,490.3999938964844,1504.25,697.0
2023-03-02,84.75,78.16000366210938,1840.5,4.084000110626221,2.8661999702453613,2.765000104904175,2.7002999782562256,20.766000747680664,637.75,61.38999938964844,489.29998779296875,1519.75,701.25
2023-03-03,85.83000183105469,79.68000030517578,1854.5999755859375,4.078000068664551,2.913100004196167,3.009000062942505,2.7504000663757324,21.093000411987305,645.25,60.61000061035156,498.1000061035156,1530.5,695.75
2023-03-06,86.18000030517578,80.45999908447266,1854.5999755859375,4.100500106811523,2.8866000175476074,2.572000026702881,2.7964999675750732,20.983999252319336,644.5,59.880001068115234,507.8999938964844,1541.0,682.5
2023-03-07,83.29000091552734,77.58000183105469,1820.0,3.9865000247955322,2.797499895095825,2.687000036239624,2.700700044631958,20.054000854492188,642.0,58.15999984741211,501.5,1525.25,684.75
2023-03-08,82.66000366210938,76.66000366210938,1818.5999755859375,4.041500091552734,2.7418999671936035,2.5510001182556152,2.6888999938964844,20.0049991607666,634.5,58.4900016784668,498.3999938964844,1526.75,674.5
2023-03-09,81.58999633789062,75.72000122070312,1834.5999755859375,4.054500102996826,2.6689000129699707,2.5429999828338623,2.60509991645813,20.024999618530273,618.5,56.56999969482422,498.8999938964844,1520.0,653.5
2023-03-10,82.77999877929688,76.68000030517578,1867.199951171875,4.045499801635742,2.772900104522705,2.430000066757202,2.6458001136779785,20.375,624.25,56.099998474121094,498.79998779296875,1513.0,666.75
2023-03-13,80.7699966430664,74.80000305175781,1916.5,4.069499969482422,2.7614998817443848,2.6059999465942383,2.591399908065796,21.792999267578125,624.5,55.34000015258789,492.20001220703125,1500.0,672.25
2023-03-14,77.44999694824219,71.33000183105469,1910.9000244140625,4.010499954223633,2.714400053024292,2.572999954223633,2.552999973297119,21.929000854492188,627.5,55.84000015258789,492.20001220703125,1499.75,686.5
2023-03-15,73.69000244140625,67.61000061035156,1931.300048828125,3.8564999103546143,2.6048998832702637,2.438999891281128,2.4384000301361084,21.77400016784668,626.5,56.34000015258789,478.3999938964844,1489.25,702.75
2023-03-16,74.69999694824219,68.3499984741211,1923.0,3.885499954223633,2.6435000896453857,2.5139999389648438,2.503499984741211,21.58799934387207,632.75,57.72999954223633,474.0,1491.5,699.0
2023-03-17,72.97000122070312,66.73999786376953,1973.5,3.9135000705718994,2.6786999702453613,2.3380000591278076,2.501499891281128,22.35099983215332,634.25,57.459999084472656,466.0,1476.5,710.5
2023-03-20,73.79000091552734,67.63999938964844,1982.800048828125,3.9755001068115234,2.6870999336242676,2.2230000495910645,2.5360000133514404,22.533000946044922,633.0,57.9900016784668,462.70001220703125,1486.0,700.75
2023-03-21,75.31999969482422,69.33000183105469,1941.0999755859375,4.018499851226807,2.690200090408325,2.3480000495910645,2.5388998985290527,22.323999404907227,630.0,56.2400016784668,460.6000061035156,1467.0,683.25
2023-03-22,76.69000244140625,70.9000015258789,1949.5999755859375,4.06850004196167,2.740299940109253,2.1710000038146973,2.5931999683380127,22.674999237060547,633.5,54.63999938964844,451.6000061035156,1448.5,663.5
2023-03-23,75.91000366210938,69.95999908447266,1995.9000244140625,4.145999908447266,2.6847000122070312,2.1540000438690186,2.6059000492095947,23.143999099731445,631.75,52.16999816894531,438.29998779296875,1419.5,662.0
2023-03-24,74.98999786376953,69.26000213623047,1983.800048828125,4.101500034332275,2.695199966430664,2.2160000801086426,2.5885000228881836,23.246999740600586,643.0,53.27000045776367,445.1000061035156,1428.25,688.5
2023-03-27,78.12000274658203,72.80999755859375,1953.800048828125,4.104499816894531,2.770400047302246,2.0880000591278076,2.6842000484466553,23.054000854492188,648.25,54.54999923706055,446.0,1442.25,698.0
2023-03-28,78.6500015258789,73.19999694824219,1973.5,4.111999988555908,2.7695999145507812,2.0299999713897705,2.712100028991699,23.323999404907227,647.25,55.04999923706055,457.8999938964844,1467.75,699.75
2023-03-29,78.27999877929688,72.97000122070312,1966.9000244140625,4.114999771118164,2.658099889755249,1.9910000562667847,2.668100118637085,23.375999450683594,650.5,55.380001068115234,458.20001220703125,1477.25,704.75
2023-03-30,79.2699966430664,74.37000274658203,1980.300048828125,4.0904998779296875,2.623699903488159,2.1040000915527344,2.661400079727173,23.902000427246094,649.5,54.369998931884766,459.8999938964844,1474.5,692.25
2023-03-31,79.7699966430664,75.66999816894531,1969.0,4.104499816894531,2.676300048828125,2.2160000801086426,2.700500011444092,24.076000213623047,660.5,55.4900016784668,466.0,1505.5,692.25
2023-04-03,84.93000030517578,80.41999816894531,2000.4000244140625,4.059500217437744,2.662600040435791,2.0969998836517334,2.757499933242798,23.94099998474121,657.75,56.68000030517578,464.20001220703125,1522.0,693.5
2023-04-04,84.94000244140625,80.70999908447266,2038.199951171875,3.9835000038146973,2.6666998863220215,2.1059999465942383,2.7370998859405518,25.02199935913086,653.75,55.7400016784668,457.3999938964844,1517.5,691.5
2023-04-05,84.98999786376953,80.61000061035156,2035.5999755859375,3.997999906539917,2.7309999465942383,2.1549999713897705,2.8201000690460205,24.96299934387207,652.75,55.220001220703125,450.6000061035156,1511.0,682.0
2023-04-06,85.12000274658203,80.69999694824219,2026.4000244140625,4.026000022888184,2.6605000495910645,2.010999917984009,2.8132998943328857,25.024999618530273,643.5,54.529998779296875,454.29998779296875,1492.5,675.5
2023-04-10,84.18000030517578,79.73999786376953,2003.800048828125,3.9865000247955322,2.6814000606536865,2.171999931335449,2.8078999519348145,24.84600067138672,654.0,54.47999954223633,450.70001220703125,1487.25,678.5
2023-04-11,85.61000061035156,81.52999877929688,2019.0,4.024499893188477,2.6682000160217285,2.186000108718872,2.8652000427246094,25.131000518798828,651.0,54.88999938964844,457.79998779296875,1497.25,674.0
2023-04-12,87.33000183105469,83.26000213623047,2024.9000244140625,4.084499835968018,2.7030999660491943,2.0929999351501465,2.8726999759674072,25.40399932861328,656.0,54.0,460.20001220703125,1504.25,679.5
2023-04-13,86.08999633789062,82.16000366210938,2055.300048828125,4.124000072479248,2.672800064086914,2.006999969482422,2.831700086593628,25.874000549316406,652.25,53.720001220703125,463.6000061035156,1501.0,667.0
2023-04-14,86.30999755859375,82.5199966430664,2015.800048828125,4.107500076293945,2.63919997215271,2.114000082015991,2.835900068283081,25.423999786376953,666.25,53.65999984741211,459.70001220703125,1500.5,682.5
2023-04-17,84.76000213623047,80.83000183105469,2007.0,4.065999984741211,2.6147000789642334,2.2750000953674316,2.7739999294281006,25.05299949645996,676.5,54.56999969482422,465.70001220703125,1517.0,696.5
2023-04-18,84.7699966430664,80.86000061035156,2019.699951171875,4.0894999504089355,2.599900007247925,2.365999937057495,2.7509000301361084,25.24799919128418,677.5,55.36000061035156,461.1000061035156,1519.25,698.0
2023-04-19,83.12000274658203,79.16000366210938,2007.300048828125,4.072000026702881,2.5576999187469482,2.2219998836517334,2.6454999446868896,25.365999221801758,672.25,55.02000045776367,454.3999938964844,1506.5,681.75
2023-04-20,81.0999984741211,77.29000091552734,2019.0999755859375,4.021999835968018,2.4948999881744385,2.249000072479248,2.586400032043457,25.368000030517578,663.75,54.43000030517578,451.29998779296875,1497.5,667.75
2023-04-21,81.66000366210938,77.87000274658203,1990.5,3.9800000190734863,2.488600015640259,2.2330000400543213,2.601599931716919,25.05299949645996,663.25,53.400001525878906,445.70001220703125,1483.5,661.75
2023-04-24,82.7300033569336,78.76000213623047,1999.800048828125,3.953000068664551,2.5309998989105225,2.2730000019073486,2.6317999362945557,25.305999755859375,651.25,52.560001373291016,439.5,1465.25,643.5
2023-04-25,80.7699966430664,77.06999969482422,2004.5,3.8459999561309814,2.4511001110076904,2.306999921798706,2.588599920272827,24.87700080871582,646.5,51.709999084472656,434.79998779296875,1445.25,638.75
2023-04-26,77.69000244140625,74.30000305175781,1996.0,3.8499999046325684,2.372999906539917,2.117000102996826,2.5494000911712646,24.871000289916992,641.5,52.08000183105469,426.0,1436.0,627.25
2023-04-27,78.37000274658203,74.76000213623047,1999.0,3.864500045776367,2.3541998863220215,2.3550000190734863,2.5327999591827393,24.982999801635742,627.0,50.779998779296875,427.8999938964844,1426.75,614.75
2023-04-28,79.54000091552734,76.77999877929688,1999.0999755859375,3.869999885559082,2.378700017929077,2.4100000858306885,2.578000068664551,24.999000549316406,636.0,51.61000061035156,435.29998779296875,1444.25,619.75
2023-05-01,79.30999755859375,75.66000366210938,1992.199951171875,3.9170000553131104,2.3822999000549316,2.318000078201294,2.5504000186920166,25.009000778198242,639.5,51.54999923706055,435.29998779296875,1454.75,603.75
2023-05-02,75.31999969482422,71.66000366210938,2023.300048828125,3.8480000495910645,2.2892000675201416,2.2139999866485596,2.435699939727783,25.40399932861328,638.0,51.38999938964844,429.79998779296875,1439.5,595.5
2023-05-03,72.33000183105469,68.5999984741211,2037.0,3.8315000534057617,2.232300043106079,2.1700000762939453,2.3220999240875244,25.47599983215332,645.25,52.369998931884766,427.79998779296875,1448.0,626.25
2023-05-04,72.5,68.55999755859375,2055.699951171875,3.8499999046325684,2.2386999130249023,2.1010000705718994,2.325900077819824,26.03499984741211,646.5,52.27000045776367,427.29998779296875,1448.5,631.5
2023-05-05,75.30000305175781,71.33999633789062,2024.800048828125,3.871500015258789,2.31469988822937,2.13700008392334,2.378999948501587,25.743000030517578,653.25,54.09000015258789,428.8999938964844,1469.0,647.0
2023-05-08,77.01000213623047,73.16000366210938,2033.199951171875,3.9179999828338623,2.377700090408325,2.23799991607666,2.4616000652313232,25.63599967956543,656.5,53.34000015258789,425.5,1468.75,641.0
2023-05-09,77.44000244140625,73.70999908447266,2042.9000244140625,3.8889999389648438,2.390199899673462,2.2669999599456787,2.4798998832702637,25.697999954223633,642.25,52.720001220703125,416.3999938964844,1451.75,630.5
2023-05-10,76.41000366210938,72.55999755859375,2037.0999755859375,3.828000068664551,2.393399953842163,2.190999984741211,2.4948999881744385,25.461000442504883,645.5,51.849998474121094,417.8999938964844,1436.5,628.25
2023-05-11,74.9800033569336,70.87000274658203,2020.5,3.697499990463257,2.3494999408721924,2.190000057220459,2.45770001411438,24.2549991607666,632.5,50.90999984741211,426.6000061035156,1443.25,614.25
2023-05-12,74.16999816894531,70.04000091552734,2019.800048828125,3.7165000438690186,2.305500030517578,2.2660000324249268,2.4302000999450684,23.992000579833984,633.25,49.88999938964844,428.1000061035156,1435.0,624.5
2023-05-15,75.2300033569336,71.11000061035156,2022.699951171875,3.737499952316284,2.378000020980835,2.375,2.4719998836517334,24.12700080871582,592.5,49.689998626708984,430.8999938964844,1400.75,660.75
2023-05-16,74.91000366210938,70.86000061035156,1993.0,3.6545000076293945,2.3638999462127686,2.375999927520752,2.479099988937378,23.73699951171875,581.25,47.45000076293945,426.8999938964844,1364.0,647.5
2023-05-17,76.95999908447266,72.83000183105469,1984.9000244140625,3.743000030517578,2.422600030899048,2.365000009536743,2.569200038909912,23.75200080871582,561.5,46.40999984741211,425.29998779296875,1337.0,625.5
2023-05-18,75.86000061035156,71.86000061035156,1959.800048828125,3.68149995803833,2.402600049972534,2.5920000076293945,2.5683000087738037,23.4950008392334,555.25,47.290000915527344,414.1000061035156,1333.25,611.75
2023-05-19,75.58000183105469,71.55000305175781,1981.5999755859375,3.7225000858306885,2.3622000217437744,2.5850000381469727,2.5761001110076904,23.920000076293945,554.5,47.27000045776367,409.1000061035156,1307.25,605.0
2023-05-22,75.98999786376953,71.98999786376953,1977.199951171875,3.6740000247955322,2.3664000034332275,2.4000000953674316,2.648900032043457,23.71500015258789,571.0,48.77000045776367,412.20001220703125,1341.25,606.25
2023-05-23,76.83999633789062,72.91000366210938,1974.5,3.6414999961853027,2.3617000579833984,2.321000099182129,2.6621999740600586,23.474000930786133,577.5,47.7599983215332,406.3999938964844,1322.5,622.25
2023-05-24,78.36000061035156,74.33999633789062,1964.5999755859375,3.553499937057495,2.4137001037597656,2.3980000019073486,2.7211999893188477,23.114999771118164,587.25,48.0,402.20001220703125,1324.5,606.25
2023-05-25,76.26000213623047,71.83000183105469,1943.699951171875,3.5804998874664307,2.3461999893188477,2.306999921798706,2.6735000610351562,22.785999298095703,590.75,48.52000045776367,397.20001220703125,1324.0,604.25
2023-05-26,76.94999694824219,72.66999816894531,1944.300048828125,3.6735000610351562,2.36929988861084,2.180999994277954,2.703399896621704,23.239999771118164,604.0,48.81999969482422,402.20001220703125,1337.25,616.0
2023-05-30,73.54000091552734,69.45999908447266,1958.0,3.6579999923706055,2.2808001041412354,2.3269999027252197,2.595900058746338,23.125,594.0,46.20000076293945,392.6000061035156,1296.5,591.0
2023-05-31,72.66000366210938,68.08999633789062,1963.9000244140625,3.63100004196167,2.2595999240875244,2.2660000324249268,2.5599000453948975,23.474000930786133,594.0,46.20000076293945,393.3999938964844,1299.75,594.25
2023-06-01,74.27999877929688,70.0999984741211,1995.5,3.7065000534057617,2.31469988822937,2.1579999923706055,2.436199903488159,23.875,592.5,47.86000061035156,401.3999938964844,1329.5,610.75
2023-06-02,76.12999725341797,71.73999786376953,1969.5999755859375,3.7225000858306885,2.3568999767303467,2.171999931335449,2.500699996948242,23.64299964904785,609.0,49.5,397.79998779296875,1352.5,619.0
2023-06-05,76.70999908447266,72.1500015258789,1974.300048828125,3.762500047683716,2.377500057220459,2.244999885559082,2.524399995803833,23.534000396728516,597.5,49.2599983215332,401.20001220703125,1350.0,624.0
2023-06-06,76.29000091552734,71.73999786376953,1981.5,3.7669999599456787,2.367799997329712,2.26200008392334,2.564300060272217,23.573999404907227,608.0,50.91999816894531,396.70001220703125,1353.25,627.75
2023-06-07,76.94999694824219,72.52999877929688,1958.4000244140625,3.754499912261963,2.4017999172210693,2.3289999961853027,2.641200065612793,23.43899917602539,604.25,50.470001220703125,405.20001220703125,1360.75,616.75
2023-06-08,75.95999908447266,71.29000091552734,1978.5999755859375,3.7964999675750732,2.3898000717163086,2.3519999980926514,2.6126999855041504,24.263999938964844,610.25,52.5,404.0,1363.25,626.25
2023-06-09,74.79000091552734,70.16999816894531,1977.199951171875,3.7890000343322754,2.3610000610351562,2.253999948501587,2.5931999683380127,24.333999633789062,604.25,54.59000015258789,397.20001220703125,1386.5,630.25
2023-06-12,71.83999633789062,67.12000274658203,1969.699951171875,3.750499963760376,2.3090999126434326,2.2660000324249268,2.482599973678589,23.985000610351562,617.25,53.97999954223633,397.3999938964844,1372.75,633.75
2023-06-13,74.29000091552734,69.41999816894531,1958.5999755859375,3.8285000324249268,2.3954999446868896,2.3399999141693115,2.5578999519348145,23.756000518798828,612.5,55.43000030517578,397.5,1399.25,636.25
2023-06-14,73.19999694824219,68.2699966430664,1968.9000244140625,3.865999937057495,2.3577001094818115,2.3420000076293945,2.5546000003814697,24.04400062561035,607.75,55.959999084472656,389.70001220703125,1388.25,630.25
2023-06-15,75.66999816894531,70.62000274658203,1970.699951171875,3.8965001106262207,2.479599952697754,2.5329999923706055,2.641700029373169,23.891000747680664,623.25,58.43000030517578,394.20001220703125,1428.25,661.5
2023-06-16,76.61000061035156,71.77999877929688,1971.199951171875,3.884500026702881,2.5513999462127686,2.631999969482422,2.680500030517578,24.076000213623047,640.25,59.689998626708984,416.3999938964844,1466.5,688.0
2023-06-20,75.9000015258789,70.5,1947.699951171875,3.878499984741211,2.475399971008301,2.492000102996826,2.6092000007629395,23.19300079345703,643.75,59.630001068115234,412.79998779296875,1477.25,695.75
2023-06-21,77.12000274658203,72.52999877929688,1944.9000244140625,3.9110000133514404,2.564199924468994,2.5969998836517334,2.6240999698638916,22.77400016784668,671.0,55.630001068115234,439.20001220703125,1514.75,734.5
2023-06-22,74.13999938964844,69.51000213623047,1923.699951171875,3.8884999752044678,2.4655001163482666,2.6080000400543213,2.550100088119507,22.43600082397461,660.5,55.77000045776367,424.70001220703125,1500.5,739.0
2023-06-23,73.8499984741211,69.16000366210938,1929.5999755859375,3.805999994277954,2.407099962234497,2.7290000915527344,2.517199993133545,22.327999114990234,630.75,57.939998626708984,410.70001220703125,1494.5,733.25
2023-06-26,74.18000030517578,69.37000274658203,1933.800048828125,3.7864999771118164,2.438800096511841,2.7909998893737793,2.5374999046325684,22.80500030517578,637.25,59.5099983215332,414.6000061035156,1521.0,724.25
2023-06-27,72.26000213623047,67.69999694824219,1923.800048828125,3.7815001010894775,2.3989999294281006,2.763000011444092,2.5167999267578125,22.93899917602539,623.0,60.54999923706055,407.29998779296875,1495.0,685.0
2023-06-28,74.02999877929688,69.55999755859375,1922.199951171875,3.7204999923706055,2.4066998958587646,2.6029999256134033,2.6033999919891357,22.868000030517578,590.0,59.619998931884766,401.79998779296875,1451.0,655.75
2023-06-29,74.33999633789062,69.86000061035156,1917.9000244140625,3.677500009536743,2.415600061416626,2.7009999752044678,2.6177000999450684,22.590999603271484,581.0,60.83000183105469,403.0,1483.0,653.0
2023-06-30,74.9000015258789,70.63999938964844,1929.4000244140625,3.740999937057495,2.448199987411499,2.7980000972747803,2.634000062942505,22.809999465942383,554.5,65.01000213623047,419.20001220703125,1557.25,636.25
2023-07-03,74.6500015258789,69.79000091552734,1929.5,3.7790000438690186,2.3773000240325928,2.7090001106262207,2.462399959564209,22.895999908447266,557.25,67.0199966430664,418.6000061035156,1562.0,628.5
2023-07-05,76.6500015258789,71.79000091552734,1927.0999755859375,3.753499984741211,2.493299961090088,2.6570000648498535,2.5183000564575195,23.19700050354004,548.25,68.58000183105469,417.8999938964844,1547.25,662.0
2023-07-06,76.5199966430664,71.80000305175781,1915.4000244140625,3.7200000286102295,2.4793999195098877,2.6089999675750732,2.543800115585327,22.68600082397461,566.75,65.94999694824219,415.6000061035156,1525.75,647.0
2023-07-07,78.47000122070312,73.86000061035156,1932.5,3.7669999599456787,2.5590999126434326,2.5820000171661377,2.5892999172210693,23.091999053955078,560.5,66.55000305175781,409.6000061035156,1485.5,639.5
2023-07-10,77.69000244140625,72.98999786376953,1931.0,3.7715001106262207,2.5532000064849854,2.6689999103546143,2.5696001052856445,23.150999069213867,570.75,69.22000122070312,412.29998779296875,1508.0,636.25
2023-07-11,79.4000015258789,74.83000183105469,1937.0999755859375,3.753499984741211,2.583699941635132,2.7309999465942383,2.6226999759674072,23.086000442504883,571.75,68.52999877929688,422.29998779296875,1520.5,649.5
2023-07-12,80.11000061035156,75.75,1961.699951171875,3.8420000076293945,2.599600076675415,2.631999969482422,2.6670000553131104,24.118999481201172,549.75,68.68000030517578,421.3999938964844,1488.5,621.25
2023-07-13,81.36000061035156,76.88999938964844,1963.800048828125,3.929500102996826,2.6103999614715576,2.5450000762939453,2.6786000728607178,24.76799964904785,593.5,69.66999816894531,430.8999938964844,1518.0,627.5
2023-07-14,79.87000274658203,75.41999816894531,1964.4000244140625,3.921999931335449,2.597899913787842,2.5390000343322754,2.643699884414673,25.013999938964844,599.75,67.88999938964844,430.0,1495.75,641.5
2023-07-17,78.5,74.1500015258789,1956.4000244140625,3.8320000171661377,2.564199924468994,2.51200008392334,2.631700038909912,24.8439998626709,499.25,64.76000213623047,434.3999938964844,1484.0,653.75
2023-07-18,79.62999725341797,75.75,1980.800048828125,3.815999984741211,2.599400043487549,2.628999948501587,2.6944000720977783,25.083999633789062,528.75,64.05000305175781,442.70001220703125,1492.0,670.75
2023-07-19,79.45999908447266,75.3499984741211,1980.800048828125,3.799499988555908,2.6417999267578125,2.6029999256134033,2.7204999923706055,25.2189998626709,545.5,66.05000305175781,443.79998779296875,1491.5,727.75
2023-07-20,79.63999938964844,75.62999725341797,1970.9000244140625,3.817500114440918,2.664400100708008,2.756999969482422,2.7432000637054443,24.80500030517578,537.25,67.63999938964844,440.5,1495.0,727.0
2023-07-21,81.06999969482422,77.06999969482422,1966.5999755859375,3.802999973297119,2.745699882507324,2.7130000591278076,2.801800012588501,24.697999954223633,527.0,69.4000015258789,442.79998779296875,1501.0,697.5
2023-07-24,82.73999786376953,78.73999786376953,1962.199951171875,3.8405001163482666,2.7704999446868896,2.684999942779541,2.8951001167297363,24.43600082397461,560.5,71.98999786376953,447.29998779296875,1523.25,757.5
2023-07-25,83.63999938964844,79.62999725341797,1963.699951171875,3.9019999504089355,2.777600049972534,2.7300000190734863,2.853300094604492,24.68000030517578,557.5,72.55999755859375,453.79998779296875,1515.5,760.25
2023-07-26,82.91999816894531,78.77999877929688,1970.0999755859375,3.890500068664551,2.842900037765503,2.6649999618530273,2.9072000980377197,24.825000762939453,540.25,70.2699966430664,464.70001220703125,1546.25,720.0
2023-07-27,84.23999786376953,80.08999633789062,1945.699951171875,3.8635001182556152,2.9168999195098877,2.492000102996826,2.950500011444092,24.236000061035156,533.25,68.61000061035156,464.5,1532.0,712.75
2023-07-28,84.98999786376953,80.58000183105469,1960.4000244140625,3.9170000553131104,2.9586000442504883,2.638000011444092,2.9558000564575195,24.3700008392334,521.0,67.5999984741211,455.20001220703125,1486.75,704.25
2023-07-31,85.55999755859375,81.80000305175781,1970.5,3.994499921798706,2.9909000396728516,2.634000062942505,2.928999900817871,24.854000091552734,504.0,65.58000183105469,451.20001220703125,1445.75,665.75
2023-08-01,84.91000366210938,81.37000274658203,1978.800048828125,3.8935000896453857,3.023400068283081,2.559999942779541,2.872999906539917,24.20800018310547,497.0,67.08999633789062,456.1000061035156,1446.75,652.25
2023-08-02,83.19999694824219,79.48999786376953,1975.0,3.827500104904175,3.004300117492676,2.4769999980926514,2.7757999897003174,23.753999710083008,488.25,67.30999755859375,451.79998779296875,1429.75,640.0
2023-08-03,85.13999938964844,81.55000305175781,1968.800048828125,3.875999927520752,3.074899911880493,2.565000057220459,2.764699935913086,23.586000442504883,480.75,66.98999786376953,451.20001220703125,1428.75,627.0
2023-08-04,86.23999786376953,82.81999969482422,1976.0999755859375,3.8450000286102295,3.0622000694274902,2.5769999027252197,2.783099889755249,23.617000579833984,484.25,68.0,444.1000061035156,1444.0,633.0
2023-08-07,85.33999633789062,81.94000244140625,1970.0,3.812999963760376,3.015500068664551,2.7249999046325684,2.8043999671936035,23.142000198364258,482.25,66.66000366210938,446.20001220703125,1414.5,657.5
2023-08-08,86.16999816894531,82.91999816894531,1959.9000244140625,3.747999906539917,3.085599899291992,2.7769999504089355,2.845099925994873,22.716999053955078,485.75,66.58000183105469,433.20001220703125,1430.0,656.25
2023-08-09,87.55000305175781,84.4000015258789,1950.5999755859375,3.7674999237060547,3.2070000171661377,2.9590001106262207,2.9284000396728516,22.649999618530273,481.0,66.79000091552734,426.29998779296875,1431.5,635.0
2023-08-10,86.4000015258789,82.81999969482422,1948.9000244140625,3.750999927520752,3.1533000469207764,2.763000011444092,2.9047000408172607,22.746000289916992,483.25,66.5999984741211,429.6000061035156,1412.0,637.75
2023-08-11,86.80999755859375,83.19000244140625,1946.5999755859375,3.7144999504089355,3.121500015258789,2.7699999809265137,2.964900016784668,22.673999786376953,474.5,66.33999633789062,436.8999938964844,1401.25,626.75
2023-08-14,86.20999908447266,82.51000213623047,1944.0,3.7244999408721924,3.0882999897003174,2.7950000762939453,2.9061999320983887,22.643999099731445,475.75,66.31999969482422,462.29998779296875,1391.0,616.0
2023-08-15,84.88999938964844,80.98999786376953,1935.199951171875,3.6614999771118164,3.0280001163482666,2.6589999198913574,2.847599983215332,22.594999313354492,464.0,65.9000015258789,403.79998779296875,1323.25,598.5
2023-08-16,83.44999694824219,79.37999725341797,1928.300048828125,3.6514999866485596,3.020900011062622,2.5920000076293945,2.8671000003814697,22.479999542236328,469.5,66.7699966430664,404.5,1334.75,597.75
2023-08-17,84.12000274658203,80.38999938964844,1915.199951171875,3.685499906539917,3.0938000679016113,2.621000051498413,2.821700096130371,22.670000076293945,473.0,67.76000213623047,399.6000061035156,1336.75,589.5
2023-08-18,84.80000305175781,81.25,1916.5,3.6989998817443848,3.1596999168395996,2.5510001182556152,2.823199987411499,22.69499969482422,479.5,68.29000091552734,403.8999938964844,1362.75,613.25
2023-08-21,84.45999908447266,80.72000122070312,1923.0,3.7119998931884766,3.1161999702453613,2.631999969482422,2.772599935531616,23.304000854492188,469.25,67.98999786376953,409.79998779296875,1370.0,599.25
2023-08-22,84.02999877929688,80.3499984741211,1926.0,3.750499963760376,3.1387999057769775,2.559999942779541,2.789099931716919,23.420000076293945,466.5,65.20999908447266,406.29998779296875,1351.5,601.75
2023-08-23,83.20999908447266,78.88999938964844,1948.0999755859375,3.803499937057495,3.1291000843048096,2.496999979019165,2.7688000202178955,24.363000869750977,476.25,66.1500015258789,413.0,1359.5,612.5
2023-08-24,83.36000061035156,79.05000305175781,1947.0999755859375,3.7674999237060547,3.156399965286255,2.5190000534057617,2.7799999713897705,24.211000442504883,472.25,65.54000091552734,422.70001220703125,1365.75,604.0
2023-08-25,84.4800033569336,79.83000183105469,1939.9000244140625,3.759999990463257,3.307499885559082,2.5399999618530273,2.8763999938964844,24.219999313354492,470.75,66.7300033569336,422.79998779296875,1381.0,593.25
2023-08-28,84.41999816894531,80.0999984741211,1946.800048828125,3.753999948501587,3.203700065612793,2.5789999961853027,2.7957000732421875,24.238000869750977,478.5,66.9000015258789,425.70001220703125,1395.25,588.0
2023-08-29,85.48999786376953,81.16000366210938,1965.0999755859375,3.7929999828338623,3.2095000743865967,2.555999994277954,2.7904999256134033,24.777000427246094,469.5,66.55999755859375,419.29998779296875,1382.0,569.75
2023-08-30,85.86000061035156,81.62999725341797,1973.0,3.7850000858306885,3.0961999893188477,2.7960000038146973,2.8092000484466553,24.733999252319336,461.75,65.54000091552734,423.0,1381.25,576.75
2023-08-31,86.86000061035156,83.62999725341797,1965.9000244140625,3.7725000381469727,3.1426000595092773,2.7679998874664307,2.766400098800659,24.472000122070312,461.0,65.5199966430664,418.70001220703125,1360.0,573.0
2023-09-01,88.55000305175781,85.55000305175781,1967.0999755859375,3.8125,3.1050000190734863,2.765000104904175,2.591200113296509,24.23200035095215,464.75,66.55000305175781,412.70001220703125,1356.25,567.5
2023-09-05,90.04000091552734,86.69000244140625,1952.5999755859375,3.811000108718872,3.219599962234497,2.5820000171661377,2.5810000896453857,23.558000564575195,471.0,66.0,406.29998779296875,1349.0,572.5
2023-09-06,90.5999984741211,87.54000091552734,1944.199951171875,3.748500108718872,3.192699909210205,2.509999990463257,2.6013998985290527,23.20599937438965,471.5,65.3499984741211,408.1000061035156,1360.25,581.0
2023-09-07,89.91999816894531,86.87000274658203,1942.5,3.7260000705718994,3.2123000621795654,2.5789999961853027,2.622999906539917,22.950000762939453,470.75,63.86000061035156,403.3999938964844,1345.0,571.5
2023-09-08,90.6500015258789,87.51000213623047,1942.699951171875,3.680500030517578,3.299099922180176,2.6050000190734863,2.653700113296509,22.892000198364258,468.5,63.150001525878906,411.8999938964844,1349.5,567.25
2023-09-11,90.63999938964844,87.29000091552734,1947.199951171875,3.7699999809265137,3.3622000217437744,2.6080000400543213,2.7186999320983887,23.10300064086914,471.25,63.150001525878906,412.0,1352.5,556.0
2023-09-12,92.05999755859375,88.83999633789062,1935.0999755859375,3.752000093460083,3.3282999992370605,2.743000030517578,2.7279000282287598,23.12700080871582,463.25,62.720001220703125,405.20001220703125,1331.75,560.25
2023-09-13,91.87999725341797,88.5199966430664,1932.5,3.75600004196167,3.4354000091552734,2.680000066757202,2.7383999824523926,22.91200065612793,464.0,64.43000030517578,401.8999938964844,1336.0,569.0
2023-09-14,93.69999694824219,90.16000366210938,1932.800048828125,3.7825000286102295,3.4814999103546143,2.7079999446868896,2.7427000999450684,22.74799919128418,462.5,64.43000030517578,401.8999938964844,1343.75,567.5
2023-09-15,93.93000030517578,90.7699966430664,1946.199951171875,3.7634999752044678,3.3833999633789062,2.6440000534057617,2.7081000804901123,23.125999450683594,476.25,63.380001068115234,393.6000061035156,1340.25,604.25
2023-09-18,94.43000030517578,91.4800033569336,1953.4000244140625,3.741499900817871,3.288300037384033,2.7279999256134033,2.6979000568389893,23.23200035095215,471.5,62.38999938964844,390.3999938964844,1316.75,591.25
2023-09-19,94.33999633789062,91.19999694824219,1953.699951171875,3.7139999866485596,3.3738999366760254,2.8480000495910645,2.658099889755249,23.194000244140625,476.25,61.7599983215332,391.5,1315.5,584.0
2023-09-20,93.52999877929688,90.27999877929688,1967.0999755859375,3.746500015258789,3.3268001079559326,2.7330000400543213,2.6191999912261963,23.57900047302246,482.25,60.68000030517578,397.20001220703125,1320.0,588.75
2023-09-21,93.30000305175781,89.62999725341797,1939.5999755859375,3.6665000915527344,3.368000030517578,2.609999895095825,2.6198999881744385,23.444000244140625,475.25,59.650001525878906,390.29998779296875,1293.75,575.75
2023-09-22,93.2699966430664,90.02999877929688,1945.5999755859375,3.6654999256134033,3.3062000274658203,2.63700008392334,2.561800003051758,23.59600067138672,477.25,60.849998474121094,388.20001220703125,1296.25,579.5
2023-09-25,93.29000091552734,89.68000030517578,1936.5999755859375,3.6494998931884766,3.262200117111206,2.6389999389648438,2.5439000129699707,23.145000457763672,481.25,58.75,392.0,1297.75,589.0
2023-09-26,93.95999908447266,90.38999938964844,1919.800048828125,3.625,3.22379994392395,2.6559998989105225,2.5622000694274902,22.950000762939453,479.75,58.86000061035156,394.0,1302.75,589.0
2023-09-27,96.55000305175781,93.68000030517578,1890.9000244140625,3.627000093460083,3.31469988822937,2.7639999389648438,2.598599910736084,22.476999282836914,483.25,59.61000061035156,390.1000061035156,1303.25,579.5
2023-09-28,95.37999725341797,91.70999908447266,1878.5999755859375,3.694499969482422,3.318000078201294,2.944999933242798,2.5053000450134277,22.514999389648438,488.5,58.529998779296875,392.3999938964844,1300.5,578.75
2023-09-29,95.30999755859375,90.79000091552734,1866.0999755859375,3.7260000705718994,3.3622000217437744,2.928999900817871,2.4398999214172363,22.236000061035156,476.75,57.439998626708984,375.8999938964844,1275.0,541.5
2023-10-02,90.70999908447266,88.81999969482422,1847.199951171875,3.631999969482422,3.2225000858306885,2.8399999141693115,2.4121999740600586,21.218000411987305,488.75,59.849998474121094,367.6000061035156,1277.0,564.75
2023-10-03,90.91999816894531,89.2300033569336,1841.5,3.615499973297119,3.1953999996185303,2.9489998817443848,2.360100030899048,21.17799949645996,487.5,59.45000076293945,363.20001220703125,1272.75,568.5
2023-10-04,85.80999755859375,84.22000122070312,1834.800048828125,3.5840001106262207,3.0178000926971436,2.9619998931884766,2.197999954223633,20.95599937438965,486.0,58.43000030517578,368.70001220703125,1273.0,560.0
2023-10-05,84.06999969482422,82.30999755859375,1831.800048828125,3.546999931335449,2.8687000274658203,3.1659998893737793,2.188999891281128,20.847999572753906,497.5,57.86000061035156,373.6000061035156,1280.75,578.25
2023-10-06,84.58000183105469,82.79000091552734,1845.199951171875,3.624500036239624,2.9007999897003174,3.3380000591278076,2.192199945449829,21.540000915527344,492.0,57.290000915527344,367.6000061035156,1266.0,568.25
2023-10-09,88.1500015258789,86.37999725341797,1864.300048828125,3.6424999237060547,2.966599941253662,3.375999927520752,2.238100051879883,21.740999221801758,488.25,56.130001068115234,370.8999938964844,1264.25,572.75
2023-10-10,87.6500015258789,85.97000122070312,1875.300048828125,3.631999969482422,3.0201001167297363,3.381999969482422,2.2583999633789062,21.775999069213867,485.5,53.9900016784668,372.0,1271.5,558.5
2023-10-11,85.81999969482422,83.48999786376953,1887.300048828125,3.614000082015991,2.998500108718872,3.377000093460083,2.210099935531616,21.957000732421875,488.0,53.52000045776367,374.29998779296875,1252.5,556.0
2023-10-12,86.0,82.91000366210938,1883.0,3.5940001010894775,3.0448999404907227,3.3440001010894775,2.1649999618530273,21.79199981689453,496.0,54.470001220703125,387.6000061035156,1290.0,571.5
2023-10-13,90.88999938964844,87.69000244140625,1941.5,3.5799999237060547,3.211699962615967,3.2360000610351562,2.2653000354766846,22.726999282836914,493.25,55.349998474121094,387.6000061035156,1280.25,579.75
2023-10-16,89.6500015258789,86.66000366210938,1934.300048828125,3.5869998931884766,3.149199962615967,3.1089999675750732,2.2730000019073486,22.610000610351562,490.0,55.900001525878906,390.20001220703125,1286.25,577.25
2023-10-17,89.9000015258789,86.66000366210938,1935.699951171875,3.575500011444092,3.1767001152038574,3.0789999961853027,2.2844998836517334,22.863000869750977,489.0,55.349998474121094,399.79998779296875,1296.75,570.5
2023-10-18,91.5,88.31999969482422,1968.300048828125,3.5820000171661377,3.1393001079559326,3.055999994277954,2.3534998893737793,22.944000244140625,492.0,54.86000061035156,413.79998779296875,1311.0,580.25
2023-10-19,92.37999725341797,89.37000274658203,1980.5,3.5915000438690186,3.1730000972747803,2.9570000171661377,2.3617000579833984,22.886999130249023,505.0,53.11000061035156,423.0,1315.5,594.0
2023-10-20,92.16000366210938,88.75,1994.4000244140625,3.5420000553131104,3.156599998474121,2.8989999294281006,2.3736000061035156,23.35099983215332,495.5,53.38999938964844,423.8999938964844,1302.25,586.0
2023-10-23,89.83000183105469,85.48999786376953,1987.800048828125,3.572999954223633,3.0954999923706055,2.9260001182556152,2.3285000324249268,23.07200050354004,490.25,51.939998626708984,420.5,1286.75,587.25
2023-10-24,88.06999969482422,83.73999786376953,1986.0999755859375,3.609999895095825,3.0448999404907227,2.9709999561309814,2.2676000595092773,22.979999542236328,484.0,51.31999969482422,434.20001220703125,1295.25,580.5
2023-10-25,90.12999725341797,85.38999938964844,1994.9000244140625,3.572000026702881,3.0304999351501465,3.009999990463257,2.2841999530792236,22.87700080871582,480.0,52.599998474121094,429.20001220703125,1288.25,568.5
2023-10-26,87.93000030517578,83.20999908447266,1997.4000244140625,3.56850004196167,3.0439000129699707,3.2139999866485596,2.2560999393463135,22.78700065612793,479.25,51.7400016784668,429.5,1279.5,579.5
2023-10-27,90.4800033569336,85.54000091552734,1998.5,3.634000062942505,3.0518999099731445,3.1640000343322754,2.3125,22.770000457763672,480.75,52.27000045776367,442.3999938964844,1297.25,575.5
2023-10-30,87.44999694824219,82.30999755859375,2005.5999755859375,3.6494998931884766,2.9663000106811523,3.3519999980926514,2.2200000286102295,23.281999588012695,478.25,52.38999938964844,426.5,1282.75,566.0
2023-10-31,87.41000366210938,81.0199966430664,1994.300048828125,3.6414999961853027,2.990999937057495,3.575000047683716,2.2227001190185547,22.840999603271484,478.75,51.41999816894531,431.0,1287.0,556.25
2023-11-01,84.62999725341797,80.44000244140625,1987.5,3.6449999809265137,2.9614999294281006,3.49399995803833,2.185499906539917,22.684999465942383,475.0,49.900001525878906,430.3999938964844,1291.25,561.75
2023-11-02,86.8499984741211,82.45999908447266,1993.5,3.6670000553131104,3.0255000591278076,3.4719998836517334,2.246000051498413,22.750999450683594,470.0,50.31999969482422,426.29998779296875,1304.0,565.5
2023-11-03,84.88999938964844,80.51000213623047,1999.199951171875,3.674499988555908,2.923799991607666,3.515000104904175,2.2009999752044678,23.201000213623047,477.25,49.36000061035156,442.1000061035156,1327.5,572.5
2023-11-06,85.18000030517578,80.81999969482422,1988.5999755859375,3.7095000743865967,2.952399969100952,3.2639999389648438,2.2358999252319336,23.14900016784668,477.25,50.79999923706055,437.5,1340.5,575.75
2023-11-07,81.61000061035156,77.37000274658203,1973.5,3.6700000762939453,2.838399887084961,3.140000104904175,2.1677000522613525,22.507999420166016,468.5,49.4900016784668,447.3999938964844,1348.75,570.25
2023-11-08,79.54000091552734,75.33000183105469,1957.800048828125,3.628000020980835,2.7492001056671143,3.1059999465942383,2.128499984741211,22.64699935913086,476.0,49.95000076293945,449.79998779296875,1349.0,592.25
2023-11-09,80.01000213623047,75.73999786376953,1969.800048828125,3.634999990463257,2.719099998474121,3.0409998893737793,2.160799980163574,22.83099937438965,468.0,50.45000076293945,449.8999938964844,1327.75,580.75
2023-11-10,81.43000030517578,77.16999816894531,1937.699951171875,3.5834999084472656,2.7430999279022217,3.0329999923706055,2.189500093460083,22.21500015258789,464.0,51.20000076293945,449.3999938964844,1333.5,575.25
2023-11-13,82.5199966430664,78.26000213623047,1950.199951171875,3.6624999046325684,2.8392999172210693,3.197000026702881,2.2358999252319336,22.298999786376953,477.25,51.540000915527344,469.1000061035156,1368.0,579.0
2023-11-14,82.47000122070312,78.26000213623047,1966.5,3.682499885559082,2.837100028991699,3.1059999465942383,2.2228000164031982,23.07900047302246,478.25,52.75,473.6000061035156,1368.75,572.0
2023-11-15,81.18000030517578,76.66000366210938,1964.300048828125,3.7174999713897705,2.8687000274658203,3.190000057220459,2.2018001079559326,23.485000610351562,470.75,53.04999923706055,469.20001220703125,1385.0,560.5
2023-11-16,77.41999816894531,72.9000015258789,1987.300048828125,3.7044999599456787,2.750200033187866,3.062000036239624,2.101099967956543,23.892000198364258,474.75,51.630001068115234,466.79998779296875,1360.25,553.5
2023-11-17,80.61000061035156,75.88999938964844,1984.699951171875,3.737499952316284,2.7725000381469727,2.9600000381469727,2.184499979019165,23.80900001525879,467.0,52.0099983215332,453.29998779296875,1340.25,550.75
2023-11-20,82.31999969482422,77.5999984741211,1980.300048828125,3.8125,2.8494999408721924,2.881999969482422,2.2260000705718994,23.57900047302246,469.5,53.11000061035156,460.20001220703125,1367.25,543.5
2023-11-21,82.44999694824219,77.7699966430664,2001.5999755859375,3.814500093460083,2.9249000549316406,2.8459999561309814,2.233799934387207,23.843000411987305,470.0,54.189998626708984,459.20001220703125,1377.25,555.0
2023-11-22,81.95999908447266,77.0999984741211,1992.800048828125,3.7664999961853027,2.8891000747680664,2.8970000743865967,2.2323999404907227,23.672000885009766,468.75,53.599998474121094,458.1000061035156,1356.5,555.75
2023-11-23,81.37000274658203,77.0999984741211,1993.300048828125,3.7790000438690186,2.8712000846862793,2.934000015258789,2.214400053024292,23.672000885009766,468.75,53.599998474121094,458.1000061035156,1356.5,555.75
2023-11-24,80.58000183105469,75.54000091552734,2003.0,3.7964999675750732,2.835700035095215,2.8550000190734863,2.16510009765625,24.32900047302246,463.25,51.529998779296875,457.3999938964844,1330.75,548.75
2023-11-27,79.9800033569336,74.86000061035156,2012.4000244140625,3.762500047683716,2.837899923324585,2.7939999103546143,2.1798999309539795,24.672000885009766,455.5,51.90999984741211,458.70001220703125,1329.75,534.25
2023-11-28,81.68000030517578,76.41000366210938,2040.0,3.8010001182556152,2.9070000648498535,2.7060000896453857,2.2300000190734863,24.93000030517578,451.5,53.34000015258789,450.29998779296875,1346.5,543.75
2023-11-29,83.0999984741211,77.86000061035156,2047.0999755859375,3.7860000133514404,2.8884999752044678,2.803999900817871,2.283600091934204,25.07200050354004,449.75,52.68000030517578,444.29998779296875,1347.0,556.0
2023-11-30,82.83000183105469,75.95999908447266,2038.0999755859375,3.8289999961853027,2.8304998874664307,2.802000045776367,2.1998000144958496,25.292999267578125,461.75,52.290000915527344,442.20001220703125,1342.75,570.25
2023-12-01,78.87999725341797,74.06999969482422,2089.699951171875,3.9089999198913574,2.6614999771118164,2.813999891281128,2.1210999488830566,25.499000549316406,464.5,51.380001068115234,425.29998779296875,1325.0,577.0
2023-12-04,78.02999877929688,73.04000091552734,2042.199951171875,3.820499897003174,2.6596999168395996,2.694000005722046,2.134200096130371,24.55500030517578,460.25,51.189998626708984,422.29998779296875,1306.25,595.75
2023-12-05,77.19999694824219,72.31999969482422,2036.300048828125,3.7725000381469727,2.6410999298095703,2.7100000381469727,2.110300064086914,24.201000213623047,468.5,50.220001220703125,433.70001220703125,1305.5,620.75
2023-12-06,74.30000305175781,69.37999725341797,2047.9000244140625,3.7165000438690186,2.576200008392334,2.569000005722046,2.0302000045776367,23.888999938964844,464.75,49.290000915527344,424.3999938964844,1295.5,615.75
2023-12-07,74.05000305175781,69.33999633789062,2046.4000244140625,3.7844998836517334,2.5492000579833984,2.5850000381469727,2.001199960708618,23.73200035095215,468.25,51.11000061035156,424.5,1311.75,626.0
2023-12-08,75.83999633789062,71.2300033569336,2014.5,3.819999933242798,2.5810000896453857,2.5810000896453857,2.049799919128418,22.97100067138672,465.75,50.150001525878906,424.20001220703125,1304.0,615.0
2023-12-11,76.02999877929688,71.31999969482422,1993.699951171875,3.7799999713897705,2.6087000370025635,2.430999994277954,2.043100118637085,22.773000717163086,460.5,51.060001373291016,430.70001220703125,1336.0,591.25
2023-12-12,73.23999786376953,68.61000061035156,1993.199951171875,3.7860000133514404,2.5074000358581543,2.311000108718872,1.979699969291687,22.72800064086914,462.5,50.38999938964844,429.20001220703125,1323.75,607.0
2023-12-13,74.26000213623047,69.47000122070312,1997.300048828125,3.7860000133514404,2.548099994659424,2.3350000381469727,2.024899959564209,22.638999938964844,456.75,49.81999969482422,421.1000061035156,1307.5,585.25
2023-12-14,76.61000061035156,71.58000183105469,2044.9000244140625,3.8884999752044678,2.5913000106811523,2.3919999599456787,2.118799924850464,24.09600067138672,456.75,49.279998779296875,421.1000061035156,1314.0,594.0
2023-12-15,76.55000305175781,71.43000030517578,2035.699951171875,3.884999990463257,2.620800018310547,2.490999937057495,2.13700008392334,23.8700008392334,483.0,49.9900016784668,405.6000061035156,1315.75,629.25
2023-12-18,77.94999694824219,72.47000122070312,2040.5,3.8480000495910645,2.672800064086914,2.503000020980835,2.1589999198913574,23.83099937438965,477.0,50.63999938964844,412.79998779296875,1327.0,617.0
2023-12-19,79.2300033569336,73.44000244140625,2052.10009765625,3.8959999084472656,2.7167999744415283,2.492000102996826,2.2007999420166016,24.040000915527344,472.75,50.72999954223633,403.20001220703125,1312.5,622.75
2023-12-20,79.69999694824219,74.22000122070312,2047.699951171875,3.9014999866485596,2.7084999084472656,2.447000026702881,2.200700044631958,24.347000122070312,469.75,50.560001373291016,399.8999938964844,1308.25,610.0
2023-12-21,79.38999938964844,73.88999938964844,2051.300048828125,3.9084999561309814,2.6967999935150146,2.572000026702881,2.1584999561309814,24.30699920654297,472.5,49.040000915527344,395.3999938964844,1297.25,612.5
2023-12-22,79.06999969482422,73.55999755859375,2069.10009765625,3.8954999446868896,2.6612000465393066,2.609999895095825,2.1301000118255615,24.290000915527344,473.0,48.529998779296875,399.6000061035156,1299.75,616.25
2023-12-26,81.06999969482422,75.56999969482422,2069.800048828125,3.8954999446868896,2.668800115585327,2.549999952316284,2.1582999229431152,24.143999099731445,480.25,47.90999984741211,403.20001220703125,1313.25,636.25
2023-12-27,79.6500015258789,74.11000061035156,2093.10009765625,3.94350004196167,2.6238999366760254,2.61899995803833,2.1549999713897705,24.375,476.5,48.2400016784668,398.8999938964844,1316.75,623.0
2023-12-28,78.38999938964844,71.7699966430664,2083.5,3.9130001068115234,2.556299924850464,2.556999921798706,2.085200071334839,24.134000778198242,474.25,47.4900016784668,393.0,1305.25,631.5
2023-12-29,77.04000091552734,71.6500015258789,2071.800048828125,3.880500078201294,2.553100109100342,2.5139999389648438,2.10260009765625,23.85300064086914,471.25,47.84000015258789,386.0,1293.5,628.0
2024-01-02,75.88999938964844,70.37999725341797,2073.39990234375,3.86899995803833,2.5257999897003174,2.568000078201294,2.094899892807007,23.732999801635742,463.75,47.790000915527344,378.8999938964844,1274.0,606.75
2024-01-03,78.25,72.69999694824219,2042.800048828125,3.8475000858306885,2.6043999195098877,2.6679999828338623,2.158099889755249,22.945999145507812,465.25,48.099998474121094,381.0,1269.5,600.25
2024-01-04,77.58999633789062,72.19000244140625,2050.0,3.8310000896453857,2.588399887084961,2.821000099182129,2.110100030899048,22.98900032043457,466.5,47.880001068115234,381.20001220703125,1262.0,613.5
2024-01-05,78.76000213623047,73.80999755859375,2049.800048828125,3.7945001125335693,2.6085000038146973,2.8929998874664307,2.1054999828338623,23.121999740600586,460.75,47.16999816894531,368.6000061035156,1249.75,616.0
2024-01-08,76.12000274658203,70.7699966430664,2033.5,3.799499988555908,2.576900005340576,2.9800000190734863,2.0278000831604004,23.1200008392334,455.0,47.439998626708984,368.1000061035156,1239.5,596.25
2024-01-09,77.58999633789062,72.23999786376953,2033.0,3.748500108718872,2.650399923324585,3.190000057220459,2.0768001079559326,22.90399932861328,459.25,48.119998931884766,366.0,1241.5,610.0
2024-01-10,76.80000305175781,71.37000274658203,2027.800048828125,3.7809998989105225,2.600600004196167,3.0390000343322754,2.0673000812530518,22.884000778198242,459.5,47.86000061035156,361.29998779296875,1228.75,610.75
2024-01-11,77.41000366210938,72.0199966430664,2019.199951171875,3.7764999866485596,2.673799991607666,3.0969998836517334,2.114300012588501,22.53700065612793,457.75,48.369998931884766,361.3999938964844,1231.25,603.75
2024-01-12,78.29000091552734,72.68000030517578,2051.60009765625,3.740000009536743,2.669300079345703,3.312999963760376,2.120300054550171,23.16200065612793,447.0,47.75,351.29998779296875,1205.75,596.0
2024-01-16,78.29000091552734,72.4000015258789,2030.199951171875,3.7664999961853027,2.660599946975708,2.9000000953674316,2.1219000816345215,22.933000564575195,443.5,47.25,371.1000061035156,1227.25,582.0
2024-01-17,77.87999725341797,72.55999755859375,2006.5,3.7325000762939453,2.653599977493286,2.869999885559082,2.1354000568389893,22.516000747680664,442.25,47.70000076293945,358.70001220703125,1205.75,582.5
2024-01-18,79.0999984741211,74.08000183105469,2021.5999755859375,3.744999885559082,2.6935999393463135,2.697000026702881,2.183500051498413,22.66699981689453,444.0,47.619998931884766,361.29998779296875,1213.5,585.5
2024-01-19,78.55999755859375,73.41000366210938,2029.300048828125,3.7869999408721924,2.662100076675415,2.5190000534057617,2.1628000736236572,22.570999145507812,445.5,46.900001525878906,356.5,1213.25,593.25
2024-01-22,80.05999755859375,75.19000244140625,2022.199951171875,3.7639999389648438,2.69350004196167,2.4189999103546143,2.237799882888794,22.163000106811523,445.75,48.15999984741211,355.79998779296875,1224.25,596.5
2024-01-23,79.55000305175781,74.37000274658203,2025.800048828125,3.7904999256134033,2.6912999153137207,2.450000047683716,2.210099935531616,22.333999633789062,446.5,48.209999084472656,361.1000061035156,1239.5,596.5
2024-01-24,80.04000091552734,75.08999633789062,2016.0,3.882499933242798,2.68179988861084,2.6410000324249268,2.2095000743865967,22.7549991607666,452.25,47.31999969482422,363.29998779296875,1240.25,610.75
2024-01-25,82.43000030517578,77.36000061035156,2017.800048828125,3.865499973297119,2.7953999042510986,2.571000099182129,2.264400005340576,22.808000564575195,451.75,46.529998779296875,358.20001220703125,1223.0,612.25
2024-01-26,83.55000305175781,78.01000213623047,2017.300048828125,3.8505001068115234,2.843400001525879,2.7119998931884766,2.294100046157837,22.7549991607666,446.25,46.93000030517578,349.0,1209.25,600.25
2024-01-29,82.4000015258789,76.77999877929688,2025.4000244140625,3.872999906539917,2.833899974822998,2.490000009536743,2.2284998893737793,23.13800048828125,440.25,45.54999923706055,354.29998779296875,1194.25,593.5
2024-01-30,82.87000274658203,77.81999969482422,2031.5,3.9065001010894775,2.80679988861084,2.0769999027252197,2.260699987411499,23.10700035095215,447.75,46.0,363.0,1218.75,605.5
2024-01-31,81.70999908447266,75.8499984741211,2048.39990234375,3.9024999141693115,2.808199882507324,2.0999999046325684,2.183300018310547,23.051000595092773,448.25,46.02000045776367,368.29998779296875,1222.25,595.25
2024-02-01,78.69999694824219,73.81999969482422,2071.10009765625,3.8524999618530273,2.712899923324585,2.049999952316284,2.1947999000549316,23.1299991607666,447.25,45.599998474121094,361.70001220703125,1203.25,601.5
2024-02-02,77.33000183105469,72.27999877929688,2053.699951171875,3.821500062942505,2.6600000858306885,2.0789999961853027,2.1475000381469727,22.701000213623047,442.75,44.72999954223633,356.79998779296875,1188.5,599.75
2024-02-05,77.98999786376953,72.77999877929688,2042.9000244140625,3.7720000743865967,2.7248001098632812,2.0820000171661377,2.209199905395508,22.334999084472656,442.75,45.33000183105469,361.1000061035156,1196.25,590.25
2024-02-06,78.58999633789062,73.30999755859375,2051.39990234375,3.7825000286102295,2.7427000999450684,2.009000062942505,2.2172999382019043,22.39299964904785,438.75,45.939998626708984,358.79998779296875,1199.5,595.0
2024-02-07,79.20999908447266,73.86000061035156,2051.699951171875,3.737499952316284,2.815200090408325,1.9670000076293945,2.263000011444092,22.277999877929688,434.25,46.7599983215332,351.20001220703125,1189.0,602.0
2024-02-08,81.62999725341797,76.22000122070312,2047.9000244140625,3.7054998874664307,2.8907999992370605,1.9170000553131104,2.3420000076293945,22.565000534057617,433.25,47.939998626708984,347.1000061035156,1193.5,588.5
2024-02-09,82.19000244140625,76.83999633789062,2038.699951171875,3.686000108718872,2.964200019836426,1.847000002861023,2.3394999504089355,22.527999877929688,429.0,47.2599983215332,346.79998779296875,1183.5,596.75
2024-02-12,82.0,76.91999816894531,2033.0,3.7284998893737793,2.919600009918213,1.7680000066757202,2.367300033569336,22.708999633789062,430.5,46.900001525878906,348.8999938964844,1193.0,597.5
2024-02-13,82.7699966430664,77.87000274658203,2007.199951171875,3.7139999866485596,2.895900011062622,1.6890000104904175,2.3945999145507812,22.09600067138672,430.75,47.29999923706055,344.79998779296875,1186.25,597.5
2024-02-14,81.5999984741211,76.63999938964844,2004.300048828125,3.700500011444092,2.8101000785827637,1.6089999675750732,2.3169000148773193,22.33099937438965,424.25,46.349998474121094,343.29998779296875,1170.5,585.5
2024-02-15,82.86000061035156,78.02999877929688,2014.9000244140625,3.756500005722046,2.823699951171875,1.5809999704360962,2.3183000087738037,22.91200065612793,417.75,46.0,339.5,1162.25,567.0
2024-02-16,83.47000122070312,79.19000244140625,2024.0999755859375,3.8380000591278076,2.8066000938415527,1.6089999675750732,2.3359999656677246,23.43899917602539,416.5,45.59000015258789,345.6000061035156,1172.25,560.5
2024-02-20,82.33999633789062,78.18000030517578,2039.800048828125,3.866499900817871,2.7314999103546143,1.5759999752044678,2.277400016784668,23.106000900268555,418.75,45.40999984741211,347.6000061035156,1179.0,582.75
2024-02-21,83.02999877929688,77.91000366210938,2034.300048828125,3.874500036239624,2.705199956893921,1.7730000019073486,2.2860000133514404,22.85099983215332,411.0,44.83000183105469,342.0,1160.75,583.25
2024-02-22,83.66999816894531,78.61000061035156,2030.699951171875,3.8975000381469727,2.752000093460083,1.7319999933242798,2.334700107574463,22.764999389648438,406.0,44.209999084472656,334.8999938964844,1147.75,583.25
2024-02-23,81.62000274658203,76.48999786376953,2049.39990234375,3.881999969482422,2.68969988822937,1.6030000448226929,2.276700019836426,22.9689998626709,399.75,44.02000045776367,331.5,1133.0,573.5
2024-02-26,82.52999877929688,77.58000183105469,2038.9000244140625,3.8239998817443848,2.762700080871582,1.659000039100647,2.3055999279022217,22.517000198364258,407.0,44.400001525878906,334.3999938964844,1136.0,577.25
2024-02-27,83.6500015258789,78.87000274658203,2044.0999755859375,3.8310000896453857,2.746000051498413,1.6150000095367432,2.344399929046631,22.523000717163086,408.25,44.90999984741211,327.79998779296875,1131.25,586.0
2024-02-28,83.68000030517578,78.54000091552734,2042.699951171875,3.827500104904175,2.6582999229431152,1.8849999904632568,2.2709999084472656,22.40999984741211,413.25,44.65999984741211,331.29998779296875,1134.0,571.0
2024-02-29,83.62000274658203,78.26000213623047,2054.699951171875,3.8345000743865967,2.683799982070923,1.8600000143051147,2.30430006980896,22.666000366210938,415.75,44.65999984741211,333.29998779296875,1128.25,577.5
2024-03-01,83.55000305175781,79.97000122070312,2095.699951171875,3.8550000190734863,2.704200029373169,1.8350000381469727,2.6143999099731445,23.149999618530273,412.25,44.619998931884766,334.0,1143.0,560.0
2024-03-04,82.80000305175781,78.73999786376953,2126.300048828125,3.8519999980926514,2.647200107574463,1.9160000085830688,2.585700035095215,23.77899932861328,417.5,44.650001525878906,335.20001220703125,1147.0,563.5
2024-03-05,82.04000091552734,78.1500015258789,2141.89990234375,3.8440001010894775,2.6064999103546143,1.9570000171661377,2.5327999591827393,23.76300048828125,413.5,44.5099983215332,331.20001220703125,1140.75,545.75
2024-03-06,82.95999908447266,79.12999725341797,2158.199951171875,3.870500087738037,2.663300037384033,1.9290000200271606,2.5539000034332275,24.27199935913086,418.0,44.779998779296875,334.8999938964844,1140.25,521.25
2024-03-07,82.95999908447266,78.93000030517578,2165.199951171875,3.9195001125335693,2.694700002670288,1.8179999589920044,2.554800033569336,24.3700008392334,426.0,45.83000183105469,339.8999938964844,1157.0,520.75
2024-03-08,82.08000183105469,78.01000213623047,2185.5,3.884999990463257,2.640899896621704,1.8049999475479126,2.5271999835968018,24.339000701904297,426.25,45.599998474121094,341.29998779296875,1170.5,526.75
2024-03-11,82.20999908447266,77.93000030517578,2188.60009765625,3.922499895095825,2.6517999172210693,1.7589999437332153,2.5804998874664307,24.511999130249023,428.25,46.04999923706055,337.1000061035156,1165.0,537.5
2024-03-12,81.91999816894531,77.55999755859375,2166.10009765625,3.924999952316284,2.616499900817871,1.7139999866485596,2.586400032043457,24.194000244140625,429.0,47.22999954223633,333.79998779296875,1182.0,535.5
2024-03-13,84.02999877929688,79.72000122070312,2180.800048828125,4.052499771118164,2.6851000785827637,1.6579999923706055,2.6614999771118164,24.958999633789062,426.5,47.9900016784668,331.0,1181.75,532.25
2024-03-14,85.41999816894531,81.26000213623047,2167.5,4.0370001792907715,2.7088000774383545,1.7410000562667847,2.7032999992370605,24.874000549316406,422.5,47.939998626708984,333.20001220703125,1180.75,519.5
2024-03-15,85.33999633789062,81.04000091552734,2161.5,4.112500190734863,2.7269999980926514,1.6549999713897705,2.7207999229431152,25.200000762939453,436.75,49.41999816894531,334.70001220703125,1198.25,528.5
2024-03-18,86.88999938964844,82.72000122070312,2164.300048828125,4.114500045776367,2.7881999015808105,1.7029999494552612,2.7572999000549316,25.090999603271484,436.0,48.70000076293945,331.8999938964844,1187.75,542.75
2024-03-19,87.37999725341797,83.47000122070312,2159.699951171875,4.058499813079834,2.760699987411499,1.74399995803833,2.762200117111206,24.964000701904297,439.5,48.13999938964844,333.8999938964844,1185.5,552.5
2024-03-20,85.94999694824219,81.68000030517578,2161.0,4.03849983215332,2.69569993019104,1.6990000009536743,2.7332000732421875,24.933000564575195,439.0,49.0,342.5,1209.5,545.0
2024-03-21,85.77999877929688,81.06999969482422,2184.699951171875,4.046500205993652,2.668800115585327,1.6829999685287476,2.727099895477295,24.849000930786133,440.75,48.790000915527344,344.29998779296875,1212.0,546.75
2024-03-22,85.43000030517578,80.62999725341797,2160.0,3.996000051498413,2.65339994430542,1.659000039100647,2.739799976348877,24.691999435424805,439.25,47.63999938964844,339.1000061035156,1192.5,554.75
2024-03-25,86.75,81.94999694824219,2176.39990234375,4.006999969482422,2.6786000728607178,1.6150000095367432,2.7483999729156494,24.7450008392334,437.75,49.02000045776367,341.70001220703125,1209.25,555.0
2024-03-26,86.25,81.62000274658203,2177.199951171875,3.996000051498413,2.621799945831299,1.5750000476837158,2.7005999088287354,24.482999801635742,432.5,48.41999816894531,339.79998779296875,1199.0,543.5
2024-03-27,86.08999633789062,81.3499984741211,2190.60009765625,3.992500066757202,2.598599910736084,1.718000054359436,2.6847000122070312,24.625,426.75,47.66999816894531,339.0,1192.5,547.5
2024-03-28,87.4800033569336,83.16999816894531,2217.39990234375,4.003499984741211,2.615600109100342,1.7630000114440918,2.7611000537872314,24.797000885009766,442.0,47.95000076293945,337.70001220703125,1191.5,560.25
2024-04-01,87.41999816894531,83.70999908447266,2257.10009765625,4.046000003814697,2.6270999908447266,1.8370000123977661,2.7100000381469727,24.95400047302246,435.5,48.2400016784668,333.3999938964844,1185.75,557.0
2024-04-02,88.91999816894531,85.1500015258789,2281.800048828125,4.070000171661377,2.711899995803833,1.8619999885559082,2.7588999271392822,25.804000854492188,426.5,48.599998474121094,328.29998779296875,1174.0,545.25
2024-04-03,89.3499984741211,85.43000030517578,2315.0,4.192999839782715,2.7323999404907227,1.840999960899353,2.7609000205993652,26.94499969482422,431.75,48.849998474121094,330.0,1182.25,556.0
2024-04-04,90.6500015258789,86.58999633789062,2308.5,4.246500015258789,2.741300106048584,1.7740000486373901,2.7941999435424805,27.139999389648438,435.25,48.150001525878906,333.5,1180.0,556.25
2024-04-05,91.16999816894531,86.91000366210938,2345.39990234375,4.239500045776367,2.7730000019073486,1.784999966621399,2.788599967956543,27.399999618530273,434.25,48.88999938964844,333.1000061035156,1185.0,567.25
2024-04-08,90.37999725341797,86.43000030517578,2351.0,4.2769999504089355,2.7286999225616455,1.843999981880188,2.7486000061035156,27.711999893188477,435.5,47.900001525878906,336.0,1181.5,565.75
2024-04-09,89.41999816894531,85.2300033569336,2362.39990234375,4.285999774932861,2.677000045776367,1.871999979019165,2.7555999755859375,27.891000747680664,431.25,47.52000045776367,335.6000061035156,1174.5,557.75
2024-04-10,90.4800033569336,86.20999908447266,2348.39990234375,4.2820000648498535,2.7076001167297363,1.8849999904632568,2.781599998474121,27.961000442504883,434.25,47.599998474121094,330.8999938964844,1164.75,558.5
2024-04-11,89.73999786376953,85.0199966430664,2372.699951171875,4.251999855041504,2.6598000526428223,1.7640000581741333,2.7741000652313232,28.176000595092773,428.75,46.02000045776367,335.6000061035156,1159.25,551.75
2024-04-12,90.44999694824219,85.66000366210938,2374.10009765625,4.257500171661377,2.6851000785827637,1.7699999809265137,2.8029000759124756,28.2549991607666,435.5,45.88999938964844,344.3999938964844,1174.0,556.0
2024-04-15,90.0999984741211,85.41000366210938,2383.0,4.379000186920166,2.6542000770568848,1.690999984741211,2.783900022506714,28.650999069213867,431.5,45.470001220703125,338.5,1158.25,551.75
2024-04-16,90.0199966430664,85.36000061035156,2407.800048828125,4.305500030517578,2.6512999534606934,1.7319999933242798,2.8222999572753906,28.31800079345703,431.0,44.90999984741211,335.29998779296875,1145.0,549.75
2024-04-17,87.29000091552734,82.69000244140625,2388.39990234375,4.34250020980835,2.574700117111206,1.7120000123977661,2.7286999225616455,28.34600067138672,430.25,45.0,338.70001220703125,1149.5,537.0
2024-04-18,87.11000061035156,82.7300033569336,2398.0,4.440499782562256,2.533900022506714,1.7569999694824219,2.71370005607605,28.32900047302246,426.75,44.119998931884766,338.0,1134.25,536.75
2024-04-19,87.29000091552734,83.13999938964844,2413.800048828125,4.501999855041504,2.541300058364868,1.7519999742507935,2.7102999687194824,28.808000564575195,433.5,44.380001068115234,343.70001220703125,1150.5,550.25
2024-04-22,87.0,82.8499984741211,2346.39990234375,4.500500202178955,2.5604000091552734,1.7910000085830688,2.6854000091552734,27.21299934387207,439.75,45.040000915527344,344.29998779296875,1161.0,570.25
2024-04-23,88.41999816894531,83.36000061035156,2342.10009765625,4.490499973297119,2.579200029373169,1.812000036239624,2.7253000736236572,27.33099937438965,443.0,45.310001373291016,345.20001220703125,1167.5,585.0
2024-04-24,88.0199966430664,82.80999755859375,2338.39990234375,4.4670000076293945,2.5499000549316406,1.652999997138977,2.734299898147583,27.323999404907227,437.75,44.65999984741211,346.0,1166.0,594.5
2024-04-25,89.01000213623047,83.56999969482422,2342.5,4.570499897003174,2.5504000186920166,1.6380000114440918,2.75819993019104,27.341999053955078,441.0,44.81999969482422,343.8999938964844,1162.75,602.25
2024-04-26,89.5,83.8499984741211,2347.199951171875,4.568999767303467,2.5481998920440674,1.6139999628067017,2.7646000385284424,27.240999221801758,440.0,44.93000030517578,340.0,1159.5,603.25
2024-04-29,88.4000015258789,82.62999725341797,2357.699951171875,4.658999919891357,2.5313000679016113,2.0299999713897705,2.748699903488159,27.37299919128418,439.25,43.689998626708984,348.29998779296875,1160.75,590.25
2024-04-30,87.86000061035156,81.93000030517578,2302.89990234375,4.564499855041504,2.513400077819824,1.9910000562667847,2.7107999324798584,26.391000747680664,439.5,42.290000915527344,346.29998779296875,1145.5,585.0
2024-05-01,83.44000244140625,79.0,2311.0,4.552499771118164,2.451900005340576,1.9320000410079956,2.577399969100952,26.48900032043457,443.25,42.56999969482422,342.6000061035156,1155.75,581.5
2024-05-02,83.66999816894531,78.94999694824219,2309.60009765625,4.49399995803833,2.4430999755859375,2.0350000858306885,2.5964999198913574,26.58300018310547,452.0,42.56999969482422,357.1000061035156,1190.0,586.5
2024-05-03,82.95999908447266,78.11000061035156,2308.60009765625,4.573500156402588,2.4433999061584473,2.1419999599456787,2.5550999641418457,26.44499969482422,447.0,42.41999816894531,366.5,1201.75,606.0
2024-05-06,83.33000183105469,78.4800033569336,2331.199951171875,4.634500026702881,2.461400032043457,2.194999933242798,2.588200092315674,27.368999481201172,457.0,43.16999816894531,381.20001220703125,1234.75,632.25
2024-05-07,83.16000366210938,78.37999725341797,2324.199951171875,4.625500202178955,2.46560001373291,2.2070000171661377,2.5434000492095947,27.30299949645996,453.75,43.849998474121094,377.3999938964844,1232.25,624.75
2024-05-08,83.58000183105469,78.98999786376953,2322.300048828125,4.561999797821045,2.476099967956543,2.187000036239624,2.5318000316619873,27.361000061035156,445.5,43.150001525878906,374.79998779296875,1212.75,616.0
2024-05-09,83.87999725341797,79.26000213623047,2340.300048828125,4.607500076293945,2.47760009765625,2.3010001182556152,2.541800022125244,28.131999969482422,442.75,42.0099983215332,368.0,1192.75,619.75
2024-05-10,82.79000091552734,78.26000213623047,2375.0,4.69350004196167,2.4344000816345215,2.252000093460083,2.4997000694274902,28.274999618530273,455.75,43.810001373291016,367.0,1205.0,645.75
2024-05-13,83.36000061035156,79.12000274658203,2343.0,4.804500102996826,2.436800003051758,2.38100004196167,2.510499954223633,28.22100067138672,458.5,44.52000045776367,361.6000061035156,1205.5,670.25
2024-05-14,82.37999725341797,78.0199966430664,2359.89990234375,4.953499794006348,2.4200000762939453,2.3440001010894775,2.4595999717712402,28.485000610351562,453.75,42.68000030517578,363.6000061035156,1199.0,657.0
2024-05-15,82.75,78.62999725341797,2394.89990234375,4.9695000648498535,2.423099994659424,2.4159998893737793,2.496799945831299,29.513999938964844,462.5,43.54999923706055,371.70001220703125,1213.5,665.75
2024-05-16,83.2699966430664,79.2300033569336,2385.5,4.892000198364258,2.443700075149536,2.494999885559082,2.5378000736236572,29.665000915527344,457.0,44.52000045776367,367.70001220703125,1216.25,663.25
2024-05-17,83.9800033569336,80.05999755859375,2417.39990234375,5.057000160217285,2.486299991607666,2.625999927520752,2.574199914932251,31.047000885009766,452.5,45.27000045776367,368.79998779296875,1228.0,651.25
2024-05-20,83.70999908447266,79.80000305175781,2438.5,5.087500095367432,2.4870998859405518,2.750999927520752,2.539900064468384,32.20500183105469,460.5,46.31999969482422,374.1000061035156,1248.0,688.75
2024-05-21,82.87999725341797,79.26000213623047,2425.89990234375,5.11899995803833,2.4623000621795654,2.6710000038146973,2.509999990463257,31.868000030517578,458.0,45.810001373291016,372.29998779296875,1236.25,697.5
2024-05-22,81.9000015258789,77.56999969482422,2392.89990234375,4.867499828338623,2.43179988861084,2.8420000076293945,2.4677999019622803,31.295000076293945,461.25,45.880001068115234,378.20001220703125,1246.25,693.0
2024-05-23,81.36000061035156,76.87000274658203,2337.199951171875,4.816500186920166,2.411799907684326,2.6570000648498535,2.469399929046631,30.284000396728516,464.0,45.189998626708984,376.70001220703125,1239.25,698.0
2024-05-24,82.12000274658203,77.72000122070312,2334.5,4.778500080108643,2.413599967956543,2.5199999809265137,2.4842000007629395,30.329999923706055,464.75,44.95000076293945,386.5,1248.0,697.25
2024-05-28,84.22000122070312,79.83000183105469,2356.5,4.875500202178955,2.4649999141693115,2.5899999141693115,2.509000062942505,31.97100067138672,462.5,45.52000045776367,376.6000061035156,1229.5,700.25
2024-05-29,83.5999984741211,79.2300033569336,2341.199951171875,4.805500030517578,2.437000036239624,2.493000030517578,2.464400053024292,32.202999114990234,455.25,45.880001068115234,369.1000061035156,1214.0,692.75
2024-05-30,81.86000061035156,77.91000366210938,2342.89990234375,4.671999931335449,2.3694000244140625,2.572000026702881,2.404599905014038,31.38800048828125,448.75,45.720001220703125,363.6000061035156,1209.75,681.0
2024-05-31,81.62000274658203,76.98999786376953,2322.89990234375,4.610000133514404,2.363600015640259,2.5869998931884766,2.4260001182556152,30.297000885009766,446.25,45.52000045776367,364.70001220703125,1205.0,678.5
2024-06-03,78.36000061035156,74.22000122070312,2369.300048828125,4.677000045776367,2.2962000370025635,2.75600004196167,2.335599899291992,30.641000747680664,443.5,44.13999938964844,359.5,1184.5,672.75
2024-06-04,77.5199966430664,73.25,2347.39990234375,4.547999858856201,2.285900115966797,2.5859999656677246,2.3494999408721924,29.488000869750977,442.5,43.619998931884766,355.1000061035156,1179.0,658.25
2024-06-05,78.41000366210938,74.06999969482422,2375.5,4.619500160217285,2.301100015640259,2.756999969482422,2.353600025177002,29.947999954223633,439.25,43.130001068115234,359.5,1177.25,646.75
2024-06-06,79.87000274658203,75.55000305175781,2390.89990234375,4.690999984741211,2.357599973678589,2.821000099182129,2.3975000381469727,31.246999740600586,452.0,44.349998474121094,362.79998779296875,1200.0,639.5
2024-06-07,79.62000274658203,75.52999877929688,2325.0,4.494500160217285,2.3517000675201416,2.9179999828338623,2.3826000690460205,29.334999084472656,448.75,43.630001068115234,360.70001220703125,1179.25,627.5
2024-06-10,81.62999725341797,77.73999786376953,2327.0,4.55649995803833,2.4147000312805176,2.9059998989105225,2.410900115966797,29.768999099731445,451.75,43.65999984741211,368.0,1188.25,607.5
2024-06-11,81.91999816894531,77.9000015258789,2326.60009765625,4.5229997634887695,2.421299934387207,3.128999948501587,2.408900022506714,29.132999420166016,449.5,43.66999816894531,359.29998779296875,1178.0,626.5
2024-06-12,82.5999984741211,78.5,2354.800048828125,4.581500053405762,2.4407999515533447,3.0450000762939453,2.394399881362915,30.176000595092773,454.25,43.790000915527344,360.20001220703125,1177.25,617.0
2024-06-13,82.75,78.62000274658203,2318.0,4.507500171661377,2.486799955368042,2.9590001106262207,2.415600061416626,28.989999771118164,458.5,43.86000061035156,368.29998779296875,1189.5,620.0
2024-06-14,82.62000274658203,78.44999694824219,2349.10009765625,4.551000118255615,2.470599889755249,2.88100004196167,2.399600028991699,29.402000427246094,450.0,43.68000030517578,368.3999938964844,1179.75,612.75
2024-06-17,84.25,80.33000183105469,2329.0,4.521500110626221,2.4825000762939453,2.7880001068115234,2.446899890899658,29.325000762939453,443.75,43.72999954223633,360.29998779296875,1157.75,591.5
2024-06-18,85.33000183105469,81.56999969482422,2346.89990234375,4.561999797821045,2.5208001136779785,2.9089999198913574,2.4832000732421875,29.5049991607666,450.0,44.29999923706055,364.6000061035156,1174.0,582.0
2024-06-20,85.70999908447266,82.16999816894531,2369.0,4.618000030517578,2.5244998931884766,2.740999937057495,2.5007998943328857,30.775999069213867,439.75,43.970001220703125,357.6000061035156,1155.25,572.75
2024-06-21,85.23999786376953,80.7300033569336,2331.199951171875,4.49399995803833,2.491499900817871,2.7049999237060547,2.513700008392334,29.572999954223633,435.0,43.939998626708984,361.79998779296875,1160.5,561.5
2024-06-24,86.01000213623047,81.62999725341797,2344.39990234375,4.5269999504089355,2.521399974822998,2.811000108718872,2.5114998817443848,29.48900032043457,433.5,43.4900016784668,372.79998779296875,1175.25,552.5
2024-06-25,85.01000213623047,80.83000183105469,2330.800048828125,4.38100004196167,2.509399890899658,2.75600004196167,2.514699935913086,28.836999893188477,425.5,42.7599983215332,365.29998779296875,1163.25,541.75
2024-06-26,85.25,80.9000015258789,2313.199951171875,4.367499828338623,2.5374999046325684,2.628000020980835,2.544600009918213,28.909000396728516,420.0,43.45000076293945,360.8999938964844,1162.75,541.25
2024-06-27,86.38999938964844,81.73999786376953,2336.60009765625,4.328499794006348,2.547600030899048,2.684999942779541,2.545599937438965,28.917999267578125,413.75,43.4900016784668,361.1000061035156,1152.25,559.75
2024-06-28,86.41000366210938,81.54000091552734,2339.60009765625,4.390500068664551,2.516900062561035,2.6010000705718994,2.529099941253662,29.23699951171875,397.25,43.77000045776367,360.5,1150.5,553.5
2024-07-01,86.5999984741211,83.37999725341797,2338.89990234375,4.426499843597412,2.6147000789642334,2.4779999256134033,2.5782999992370605,29.299999237060547,398.25,45.83000183105469,365.70001220703125,1159.5,569.25
2024-07-02,86.23999786376953,82.80999755859375,2333.39990234375,4.429500102996826,2.629699945449829,2.434999942779541,2.5734000205993652,29.35300064086914,402.0,46.93000030517578,368.8999938964844,1165.0,561.5
2024-07-03,87.33999633789062,83.87999725341797,2369.39990234375,4.540999889373779,2.6342999935150146,2.4179999828338623,2.601300001144409,30.54800033569336,403.5,48.599998474121094,370.5,1176.5,554.5
2024-07-05,86.54000091552734,83.16000366210938,2397.699951171875,4.6585001945495605,2.602400064468384,2.319000005722046,2.5590999126434326,31.38800048828125,411.25,49.619998931884766,387.0,1188.5,572.25
2024-07-08,85.75,82.33000183105469,2363.5,4.622000217437744,2.5790998935699463,2.365999937057495,2.537899971008301,30.618000030517578,395.75,49.0,379.5,1174.25,553.0
2024-07-09,84.66000366210938,81.41000366210938,2367.89990234375,4.578000068664551,2.5236001014709473,2.3440001010894775,2.527400016784668,30.77199935913086,400.25,46.86000061035156,376.20001220703125,1161.5,554.25
2024-07-10,85.08000183105469,82.0999984741211,2379.699951171875,4.607500076293945,2.518399953842163,2.3289999961853027,2.5034000873565674,30.726999282836914,403.25,46.2599983215332,376.29998779296875,1141.25,543.5
2024-07-11,85.4000015258789,82.62000274658203,2421.89990234375,4.508500099182129,2.518199920654297,2.2679998874664307,2.5178000926971436,31.393999099731445,406.75,47.11000061035156,378.3999938964844,1142.75,554.25
2024-07-12,85.02999877929688,82.20999908447266,2420.699951171875,4.598499774932861,2.5095999240875244,2.3289999961853027,2.5153000354766846,30.88599967956543,400.0,47.54999923706055,368.5,1134.5,538.0
2024-07-15,84.8499984741211,81.91000366210938,2428.89990234375,4.5289998054504395,2.5136001110076904,2.1579999923706055,2.4916000366210938,30.672000885009766,390.5,46.41999816894531,333.79998779296875,1078.0,532.5
2024-07-16,83.7300033569336,80.76000213623047,2467.800048828125,4.443999767303467,2.4688000679016113,2.187999963760376,2.4774999618530273,31.19499969482422,395.75,46.70000076293945,335.3999938964844,1090.5,530.75
2024-07-17,85.08000183105469,82.8499984741211,2459.89990234375,4.39900016784668,2.49399995803833,2.0350000858306885,2.501300096511841,30.136999130249023,398.0,46.209999084472656,339.1000061035156,1097.25,539.25
2024-07-18,85.11000061035156,82.81999969482422,2456.39990234375,4.265999794006348,2.486799955368042,2.125,2.516400098800659,29.9950008392334,391.25,46.45000076293945,337.20001220703125,1098.5,535.25
2024-07-19,82.62999725341797,80.12999725341797,2399.10009765625,4.218999862670898,2.419100046157837,2.128000020980835,2.4504001140594482,29.08799934387207,390.5,46.560001373291016,336.79998779296875,1097.25,542.75
2024-07-22,82.4000015258789,79.77999877929688,2394.699951171875,4.180500030517578,2.434799909591675,2.250999927520752,2.470599889755249,29.124000549316406,400.25,47.0,343.6000061035156,1117.75,548.0
2024-07-23,81.01000213623047,76.95999908447266,2407.300048828125,4.145999908447266,2.409899950027466,2.187000036239624,2.414099931716919,29.131999969482422,402.5,46.65999984741211,342.70001220703125,1117.5,542.75
2024-07-24,81.70999908447266,77.58999633789062,2415.699951171875,4.098999977111816,2.452399969100952,2.117000102996826,2.4514999389648438,29.115999221801758,403.75,46.02000045776367,343.3999938964844,1111.0,547.0
2024-07-25,82.37000274658203,78.27999877929688,2353.5,4.112500190734863,2.4711999893188477,2.0409998893737793,2.467600107192993,27.80699920654297,406.0,45.810001373291016,352.3999938964844,1116.0,537.75
2024-07-26,81.12999725341797,77.16000366210938,2381.0,4.104499816894531,2.4196999073028564,2.00600004196167,2.4605000019073486,27.860000610351562,394.5,43.65999984741211,353.29998779296875,1077.5,523.5
2024-07-29,79.77999877929688,75.80999755859375,2377.800048828125,4.061999797821045,2.375,1.906999945640564,2.415299892425537,27.702999114990234,396.25,42.84000015258789,355.5,1054.75,531.0
2024-07-30,78.62999725341797,74.7300033569336,2405.0,4.063000202178955,2.3368000984191895,2.125999927520752,2.3870999813079834,28.364999771118164,388.75,42.75,352.0,1027.25,524.0
2024-07-31,80.72000122070312,77.91000366210938,2426.5,4.159999847412109,2.4154999256134033,2.0360000133514404,2.4820001125335693,28.777999877929688,382.75,43.29999923706055,354.1000061035156,1028.5,527.25
2024-08-01,79.5199966430664,76.30999755859375,2480.800048828125,4.066500186920166,2.406399965286255,1.968000054359436,2.3980000019073486,28.33099937438965,382.0,42.869998931884766,355.8999938964844,1022.0,532.0
2024-08-02,76.80999755859375,73.5199966430664,2469.800048828125,4.084000110626221,2.31850004196167,1.9670000076293945,2.3176000118255615,28.246000289916992,386.5,41.709999084472656,361.5,1029.25,539.0
2024-08-05,76.30000305175781,72.94000244140625,2444.39990234375,3.9839999675750732,2.2985999584198,1.9420000314712524,2.3336000442504883,27.076000213623047,390.75,41.040000915527344,360.70001220703125,1044.25,539.5
2024-08-06,76.4800033569336,73.19999694824219,2431.60009765625,4.011499881744385,2.295799970626831,2.009999990463257,2.326200008392334,27.09600067138672,388.75,40.869998931884766,347.70001220703125,1028.5,543.25
2024-08-07,78.33000183105469,75.2300033569336,2432.39990234375,3.9375,2.355600118637085,2.111999988555908,2.357300043106079,26.829999923706055,383.25,42.25,340.79998779296875,1020.25,538.25
2024-08-08,79.16000366210938,76.19000244140625,2463.300048828125,3.944999933242798,2.357800006866455,2.127000093460083,2.399199962615967,27.5,379.25,42.36000061035156,335.29998779296875,1009.75,537.5
2024-08-09,79.66000366210938,76.83999633789062,2473.39990234375,3.9800000190734863,2.3396999835968018,2.1429998874664307,2.3903000354766846,27.48699951171875,376.75,42.7400016784668,326.29998779296875,1028.0,542.5
2024-08-12,82.30000305175781,80.05999755859375,2504.0,4.054999828338623,2.4065001010894775,2.188999891281128,2.4428999423980713,27.91699981689453,383.25,41.61000061035156,318.29998779296875,1012.0,536.75
2024-08-13,80.69000244140625,78.3499984741211,2507.800048828125,4.035999774932861,2.38919997215271,2.1480000019073486,2.3747000694274902,27.69499969482422,377.75,40.68000030517578,306.6000061035156,989.0,528.75
2024-08-14,79.76000213623047,76.9800033569336,2479.699951171875,4.025000095367432,2.3682000637054443,2.2190001010894775,2.3210999965667725,27.253999710083008,381.0,40.04999923706055,320.6000061035156,979.75,534.75
2024-08-15,81.04000091552734,78.16000366210938,2492.39990234375,4.138999938964844,2.3778998851776123,2.197000026702881,2.3580000400543213,28.341999053955078,375.0,39.470001220703125,307.8999938964844,951.5,528.25
2024-08-16,79.68000030517578,76.6500015258789,2537.800048828125,4.127500057220459,2.328700065612793,2.122999906539917,2.3101999759674072,28.777999877929688,370.5,39.95000076293945,303.3999938964844,938.75,530.0
2024-08-19,77.66000366210938,74.37000274658203,2541.300048828125,4.166500091552734,2.2634999752044678,2.234999895095825,2.2637999057769775,29.239999771118164,378.0,40.470001220703125,311.70001220703125,956.25,528.25
2024-08-20,77.19999694824219,74.04000091552734,2550.60009765625,4.149499893188477,2.263200044631958,2.197999954223633,2.2562999725341797,29.454999923706055,375.0,40.709999084472656,312.29998779296875,957.25,533.0
2024-08-21,76.05000305175781,71.93000030517578,2547.5,4.18149995803833,2.2497000694274902,2.177000045776367,2.2049999237060547,29.47599983215332,375.5,41.0,312.5,963.0,519.75
2024-08-22,77.22000122070312,73.01000213623047,2516.699951171875,4.140999794006348,2.2634999752044678,2.052999973297119,2.2437000274658203,29.006000518798828,371.5,40.439998626708984,306.3999938964844,941.25,511.0
2024-08-23,79.0199966430664,74.83000183105469,2546.300048828125,4.194499969482422,2.2997000217437744,2.0220000743865967,2.285099983215332,29.785999298095703,367.75,41.470001220703125,306.29998779296875,952.0,502.25
2024-08-26,81.43000030517578,77.41999816894531,2555.199951171875,4.21150016784668,2.3480000495910645,1.9559999704360962,2.279900074005127,29.976999282836914,362.0,41.70000076293945,312.1000061035156,959.75,498.0
2024-08-27,79.55000305175781,75.52999877929688,2552.89990234375,4.230500221252441,2.2862000465393066,1.9040000438690186,2.2469000816345215,29.951000213623047,367.25,41.150001525878906,317.29998779296875,967.5,508.25
2024-08-28,78.6500015258789,74.5199966430664,2537.800048828125,4.144999980926514,2.229099988937378,1.9299999475479126,2.2147998809814453,29.176000595092773,365.25,41.79999923706055,310.79998779296875,958.5,514.25
2024-08-29,79.94000244140625,75.91000366210938,2560.300048828125,4.147500038146973,2.2839999198913574,2.13700008392334,2.2476999759674072,29.55699920654297,371.75,43.16999816894531,308.6000061035156,973.75,525.0
2024-08-30,78.80000305175781,73.55000305175781,2527.60009765625,4.144999980926514,2.251499891281128,2.127000093460083,2.211699962615967,28.731000900268555,378.0,43.13999938964844,311.6000061035156,982.0,532.75
2024-09-03,73.75,70.33999633789062,2523.0,4.0320000648498535,2.2060000896453857,2.203000068664551,1.9776999950408936,27.951000213623047,386.5,42.06999969482422,319.70001220703125,997.0,552.0
2024-09-04,72.69999694824219,69.19999694824219,2526.0,4.019499778747559,2.1575000286102295,2.1449999809265137,1.9617999792099,28.16699981689453,390.5,41.349998474121094,323.79998779296875,1006.0,565.25
2024-09-05,72.69000244140625,69.1500015258789,2543.10009765625,4.077499866485596,2.1689000129699707,2.253999948501587,1.9257999658584595,28.719999313354492,390.0,42.31999969482422,320.70001220703125,1008.25,561.0
2024-09-06,71.05999755859375,67.66999816894531,2524.60009765625,4.014500141143799,2.115000009536743,2.2750000953674316,1.8960000276565552,27.808000564575195,383.75,40.77000045776367,318.3999938964844,989.25,553.25
2024-09-09,71.83999633789062,68.70999908447266,2532.699951171875,4.084499835968018,2.139400005340576,2.1700000762939453,1.9204000234603882,28.291000366210938,384.25,41.61000061035156,317.79998779296875,1000.0,555.5
2024-09-10,69.19000244140625,65.75,2543.10009765625,4.040500164031982,2.058000087738037,2.2320001125335693,1.8700000047683716,28.256999969482422,379.5,40.849998474121094,310.6000061035156,977.5,558.75
2024-09-11,70.61000061035156,67.30999755859375,2542.39990234375,4.083000183105469,2.0917000770568848,2.2699999809265137,1.8971999883651733,28.562999725341797,380.5,40.31999969482422,313.29998779296875,979.75,563.75
2024-09-12,71.97000122070312,68.97000122070312,2580.60009765625,4.132999897003174,2.118799924850464,2.3570001125335693,1.9270000457763672,29.743000030517578,386.25,40.810001373291016,316.5,991.5,563.0
2024-09-13,71.61000061035156,68.6500015258789,2610.699951171875,4.175000190734863,2.0843000411987305,2.305000066757202,1.9301999807357788,30.698999404907227,390.75,40.689998626708984,315.3999938964844,986.75,571.25
2024-09-16,72.75,70.08999633789062,2608.89990234375,4.2129998207092285,2.0968000888824463,2.372999906539917,1.9681999683380127,30.770999908447266,410.75,39.75,320.1000061035156,1004.5,578.5
2024-09-17,73.69999694824219,71.19000244140625,2592.39990234375,4.213500022888184,2.136699914932251,2.3239998817443848,2.0018999576568604,30.618999481201172,412.5,40.54999923706055,318.0,1006.0,575.75
2024-09-18,73.6500015258789,70.91000366210938,2598.60009765625,4.23799991607666,2.1475000381469727,2.2839999198913574,2.010699987411499,30.340999603271484,412.75,40.9900016784668,317.8999938964844,1014.0,575.75
2024-09-19,74.87999725341797,71.94999694824219,2614.60009765625,4.285999774932861,2.171999931335449,2.3480000495910645,2.059999942779541,31.0939998626709,405.75,41.75,319.8999938964844,1013.25,565.5
2024-09-20,74.48999786376953,71.91999816894531,2646.199951171875,4.281499862670898,2.1614999771118164,2.434000015258789,2.036400079727173,31.176000595092773,401.75,42.15999984741211,317.3999938964844,1012.0,568.5
2024-09-23,73.9000015258789,70.37000274658203,2652.5,4.289000034332275,2.1451001167297363,2.61299991607666,1.9902000427246094,30.767000198364258,413.5,42.619998931884766,326.5,1039.25,582.5
2024-09-24,75.16999816894531,71.55999755859375,2677.0,4.429500102996826,2.180500030517578,2.5510001182556152,2.0297000408172607,32.111000061035156,411.75,43.95000076293945,323.6000061035156,1042.25,578.0
2024-09-25,73.45999908447266,69.69000244140625,2684.699951171875,4.427999973297119,2.1602001190185547,2.63700008392334,1.999899983406067,31.697999954223633,415.25,44.380001068115234,326.1000061035156,1053.25,589.25
2024-09-26,71.5999984741211,67.66999816894531,2694.89990234375,4.580999851226807,2.1361000537872314,2.5850000381469727,1.961300015449524,32.025001525878906,413.25,42.91999816894531,324.20001220703125,1041.0,584.25
2024-09-27,71.9800033569336,68.18000030517578,2668.10009765625,4.540999889373779,2.132699966430664,2.9019999504089355,1.9529999494552612,31.518999099731445,418.0,42.18000030517578,343.70001220703125,1065.75,580.0
2024-09-30,71.7699966430664,68.16999816894531,2659.39990234375,4.495999813079834,2.1317999362945557,2.9230000972747803,1.9621000289916992,31.163999557495117,424.75,43.5099983215332,344.29998779296875,1057.0,584.0
2024-10-01,73.55999755859375,69.83000183105469,2690.300048828125,4.5355000495910645,2.1742000579833984,2.8959999084472656,1.966599941253662,31.44499969482422,429.0,42.90999984741211,350.0,1057.25,599.0
2024-10-02,73.9000015258789,70.0999984741211,2669.699951171875,4.5960001945495605,2.1821000576019287,2.885999917984009,1.9859000444412231,31.628000259399414,432.5,43.720001220703125,341.3999938964844,1056.0,615.25
2024-10-03,77.62000274658203,73.70999908447266,2679.199951171875,4.501999855041504,2.2946999073028564,2.9700000286102295,2.092600107192993,32.18899917602539,428.25,44.689998626708984,332.79998779296875,1046.0,603.5
2024-10-04,78.05000305175781,74.37999725341797,2667.800048828125,4.522500038146973,2.312700033187866,2.8540000915527344,2.0957999229431152,32.12799835205078,424.75,44.040000915527344,330.5,1037.75,589.75
2024-10-07,80.93000030517578,77.13999938964844,2666.0,4.519000053405762,2.396199941635132,2.746000051498413,2.1538000106811523,31.7450008392334,426.0,44.560001373291016,324.79998779296875,1034.0,592.5
2024-10-08,77.18000030517578,73.56999969482422,2635.39990234375,4.4120001792907715,2.2971999645233154,2.7330000400543213,2.0680999755859375,30.354999542236328,420.75,43.369998931884766,323.6000061035156,1016.25,594.75
2024-10-09,76.58000183105469,73.23999786376953,2626.0,4.355000019073486,2.276900053024292,2.6600000858306885,2.0664000511169434,30.424999237060547,421.0,43.2599983215332,322.5,1020.25,599.0
2024-10-10,79.4000015258789,75.8499984741211,2639.300048828125,4.385000228881836,2.3508999347686768,2.674999952316284,2.150899887084961,31.0049991607666,418.5,43.869998931884766,317.5,1014.75,603.75
2024-10-11,79.04000091552734,75.55999755859375,2676.300048828125,4.451499938964844,2.343899965286255,2.631999969482422,2.151599884033203,31.520000457763672,415.75,43.439998626708984,316.5,1005.5,599.0
2024-10-14,77.45999908447266,73.83000183105469,2665.60009765625,4.363500118255615,2.274199962615967,2.49399995803833,2.108599901199341,31.08300018310547,408.25,42.15999984741211,316.5,996.0,585.25
2024-10-15,74.25,70.58000183105469,2678.89990234375,4.30049991607666,2.187700033187866,2.497999906539917,2.0376999378204346,31.527000427246094,401.25,42.45000076293945,311.79998779296875,991.0,579.5
2024-10-16,74.22000122070312,70.38999938964844,2691.300048828125,4.331500053405762,2.1747000217437744,2.367000102996826,2.040299892425537,31.760000228881836,404.75,41.68000030517578,313.70001220703125,980.0,585.0
2024-10-17,74.44999694824219,70.66999816894531,2707.5,4.286499977111816,2.194499969482422,2.3469998836517334,2.046799898147583,31.572999954223633,406.75,42.59000015258789,318.1000061035156,988.75,589.5
2024-10-18,73.05999755859375,69.22000122070312,2730.0,4.3460001945495605,2.1521999835968018,2.257999897003174,2.002000093460083,33.03200149536133,404.75,41.81999969482422,315.6000061035156,970.0,572.75
2024-10-21,74.29000091552734,70.55999755859375,2738.89990234375,4.322999954223633,2.183300018310547,2.312000036239624,2.014699935913086,33.86899948120117,409.5,42.38999938964844,318.29998779296875,981.0,572.25
2024-10-22,76.04000091552734,72.08999633789062,2759.800048828125,4.3480000495910645,2.236999988555908,2.311000108718872,2.071500062942505,34.83100128173828,416.5,43.689998626708984,317.70001220703125,991.75,576.0
2024-10-23,74.95999908447266,70.7699966430664,2729.39990234375,4.304500102996826,2.22160005569458,2.3420000076293945,2.0413999557495117,33.63999938964844,419.0,43.38999938964844,315.0,997.5,578.5
2024-10-24,74.37999725341797,70.19000244140625,2748.89990234375,4.319499969482422,2.2023000717163086,2.5220000743865967,2.0276999473571777,33.611000061035156,421.5,44.33000183105469,310.3999938964844,996.25,581.5
2024-10-25,76.05000305175781,71.77999877929688,2754.60009765625,4.3394999504089355,2.238100051879883,2.559999942779541,2.0785000324249268,33.60300064086914,415.25,44.150001525878906,305.79998779296875,987.75,569.0
2024-10-28,71.41999816894531,67.37999725341797,2755.89990234375,4.331999778747559,2.1285998821258545,2.309000015258789,1.9664000272750854,33.83000183105469,410.75,42.689998626708984,304.79998779296875,974.0,558.75
2024-10-29,71.12000274658203,67.20999908447266,2781.10009765625,4.332499980926514,2.133699893951416,2.3459999561309814,1.951799988746643,34.26900100708008,413.75,42.79999923706055,301.79998779296875,965.25,570.5
2024-10-30,72.55000305175781,68.61000061035156,2800.800048828125,4.327499866485596,2.1875998973846436,2.8450000286102295,1.9957000017166138,33.91400146484375,411.5,43.810001373291016,301.6000061035156,976.5,573.25
2024-10-31,73.16000366210938,69.26000213623047,2749.300048828125,4.313499927520752,2.2195000648498535,2.7070000171661377,2.003499984741211,32.65299987792969,410.75,45.13999938964844,299.5,982.5,570.5
2024-11-01,73.0999984741211,69.48999786376953,2749.199951171875,4.347499847412109,2.2342000007629395,2.6630001068115234,1.9665000438690186,32.54199981689453,414.5,46.29999923706055,295.29998779296875,982.5,568.0
2024-11-04,75.08000183105469,71.47000122070312,2746.199951171875,4.4070000648498535,2.28410005569458,2.7809998989105225,2.019200086593628,32.47999954223633,416.5,45.560001373291016,299.6000061035156,987.25,568.75
2024-11-05,75.52999877929688,71.98999786376953,2749.699951171875,4.450500011444092,2.3041999340057373,2.6700000762939453,2.044600009918213,32.654998779296875,418.5,44.9900016784668,299.5,993.75,572.5
2024-11-06,74.91999816894531,71.69000244140625,2676.300048828125,4.222499847412109,2.2699999809265137,2.746999979019165,2.035399913787842,31.22100067138672,426.25,46.34000015258789,298.3999938964844,994.5,573.25
2024-11-07,75.62999725341797,72.36000061035156,2705.800048828125,4.409999847412109,2.286400079727173,2.693000078201294,2.0536000728607178,31.764999389648438,427.5,48.31999969482422,298.5,1015.5,571.5
2024-11-08,73.87000274658203,70.37999725341797,2694.800048828125,4.286499977111816,2.2388999462127686,2.6689999103546143,2.012500047683716,31.358999252319336,431.0,48.77000045776367,296.20001220703125,1016.75,572.5
2024-11-11,71.83000183105469,68.04000091552734,2617.699951171875,4.210999965667725,2.1975998878479004,2.9200000762939453,1.9570000171661377,30.540000915527344,430.0,48.13999938964844,295.1000061035156,1011.75,565.5
2024-11-12,71.88999938964844,68.12000274658203,2606.300048828125,4.119500160217285,2.2107999324798584,2.9070000648498535,1.9643000364303589,30.68600082397461,428.5,46.22999954223633,292.8999938964844,1003.5,552.25
2024-11-13,72.27999877929688,68.43000030517578,2586.5,4.065999984741211,2.2193000316619873,2.9830000400543213,1.9651000499725342,30.59000015258789,426.5,45.18000030517578,291.6000061035156,1004.25,541.0
2024-11-14,72.55999755859375,68.69999694824219,2572.89990234375,4.072999954223633,2.2123000621795654,2.7850000858306885,1.9816999435424805,30.507999420166016,419.0,44.439998626708984,287.0,985.75,530.25
2024-11-15,71.04000091552734,67.0199966430664,2570.10009765625,4.051000118255615,2.1709001064300537,2.822999954223633,1.9493000507354736,30.371000289916992,424.0,45.349998474121094,289.6000061035156,998.5,536.5
2024-11-18,73.30000305175781,69.16000366210938,2614.60009765625,4.107999801635742,2.2513999938964844,2.9730000495910645,2.0183000564575195,31.163000106811523,429.25,45.52000045776367,290.29998779296875,1009.75,547.25
2024-11-19,73.30999755859375,69.38999938964844,2631.0,4.130000114440918,2.2402000427246094,2.997999906539917,2.0376999378204346,31.20800018310547,427.25,44.84000015258789,288.6000061035156,998.5,549.75
2024-11-20,72.80999755859375,68.87000274658203,2651.699951171875,4.143499851226807,2.226300001144409,3.193000078201294,2.045799970626831,30.95599937438965,430.25,43.279998779296875,289.3999938964844,990.5,552.5
2024-11-21,74.2300033569336,70.0999984741211,2674.89990234375,4.11299991607666,2.274399995803833,3.3389999866485596,2.0594000816345215,30.91200065612793,426.75,42.18000030517578,287.70001220703125,977.75,548.75
2024-11-22,75.16999816894531,71.23999786376953,2712.199951171875,4.073999881744385,2.274899959564209,3.128999948501587,2.0613999366760254,31.30900001525879,425.5,41.77000045776367,289.20001220703125,983.5,544.25
2024-11-25,73.01000213623047,68.94000244140625,2618.5,4.0914998054504395,2.235300064086914,3.36899995803833,2.000499963760376,30.209999084472656,424.75,41.209999084472656,293.70001220703125,985.75,535.75
2024-11-26,72.80999755859375,68.7699966430664,2621.300048828125,4.039000034332275,2.2404000759124756,3.430999994277954,1.9917999505996704,30.38800048828125,420.0,42.59000015258789,288.1000061035156,983.5,539.5
2024-11-27,72.83000183105469,68.72000122070312,2639.89990234375,4.066999912261963,2.2035999298095703,3.2039999961853027,1.9733999967575073,30.111000061035156,415.75,40.75,290.5,988.75,537.75
2024-11-29,72.94000244140625,68.0,2657.0,4.08050012588501,2.193000078201294,3.36299991607666,1.9436999559402466,30.684999465942383,423.0,41.61000061035156,287.1000061035156,989.5,532.25
2024-12-02,71.83000183105469,68.0999984741211,2658.5,4.075500011444092,2.1777000427246094,3.2130000591278076,1.917199969291687,30.448999404907227,424.5,41.27000045776367,283.3999938964844,985.25,537.5
2024-12-03,73.62000274658203,69.94000244140625,2667.89990234375,4.145999908447266,2.2177000045776367,3.0420000553131104,1.962399959564209,31.07699966430664,423.25,41.95000076293945,286.0,991.75,536.75
2024-12-04,72.30999755859375,68.54000091552734,2676.199951171875,4.142000198364258,2.1673998832702637,3.0429999828338623,1.9391000270843506,31.5049991607666,422.0,41.22999954223633,288.0,983.75,538.0
2024-12-05,72.08999633789062,68.30000305175781,2648.39990234375,4.135000228881836,2.1556999683380127,3.0789999961853027,1.9325000047683716,31.134000778198242,426.5,42.119998931884766,287.3999938964844,993.75,546.75
2024-12-06,71.12000274658203,67.19999694824219,2659.60009765625,4.138500213623047,2.1326000690460205,3.0759999752044678,1.9062000513076782,31.18600082397461,430.75,42.779998779296875,283.79998779296875,993.75,542.5
2024-12-09,72.13999938964844,68.37000274658203,2685.800048828125,4.223499774932861,2.183500051498413,3.181999921798706,1.9524999856948853,32.215999603271484,434.0,42.630001068115234,286.1000061035156,990.0,541.25
2024-12-10,72.19000244140625,68.58999633789062,2718.39990234375,4.223499774932861,2.1861000061035156,3.1630001068115234,1.9567999839782715,32.362998962402344,440.5,42.560001373291016,288.79998779296875,994.75,542.0
2024-12-11,73.5199966430664,70.29000091552734,2756.699951171875,4.214000225067139,2.223299980163574,3.378000020980835,1.98580002784729,32.5620002746582,438.0,42.2599983215332,288.0,995.5,543.5
2024-12-12,73.41000366210938,70.0199966430664,2709.39990234375,4.195000171661377,2.236599922180176,3.4549999237060547,1.9884999990463257,31.22800064086914,431.75,42.470001220703125,286.5,995.75,538.75
2024-12-13,74.48999786376953,71.29000091552734,2675.800048828125,4.14900016784668,2.2699999809265137,3.2799999713897705,2.001800060272217,30.655000686645508,430.0,42.279998779296875,284.1000061035156,988.25,526.5
2024-12-16,73.91000366210938,70.70999908447266,2670.0,4.143499851226807,2.2639999389648438,3.2139999866485596,1.9757000207901,30.69700050354004,445.0,41.720001220703125,286.8999938964844,982.0,550.0
2024-12-17,73.19000244140625,70.08000183105469,2662.0,4.0914998054504395,2.2279000282287598,3.308000087738037,1.9438999891281128,30.572999954223633,443.5,40.619998931884766,287.20001220703125,976.75,545.0
2024-12-18,73.38999938964844,70.58000183105469,2653.300048828125,4.099999904632568,2.255000114440918,3.374000072479248,1.9428000450134277,30.40999984741211,437.25,39.54999923706055,279.5,951.75,541.25
2024-12-19,72.87999725341797,69.91000366210938,2608.10009765625,4.020500183105469,2.2376999855041504,3.5840001106262207,1.9227999448776245,29.0939998626709,440.75,40.0099983215332,284.1000061035156,963.0,533.0
2024-12-20,72.94000244140625,69.45999908447266,2645.10009765625,4.040999889373779,2.2316999435424805,3.747999906539917,1.94159996509552,29.65999984741211,446.25,39.47999954223633,294.5,974.5,533.0
2024-12-23,72.62999725341797,69.23999786376953,2628.199951171875,4.0229997634887695,2.226300001144409,3.6559998989105225,1.9383000135421753,29.88800048828125,447.75,40.22999954223633,289.5,969.5,540.5
2024-12-24,73.58000183105469,70.0999984741211,2635.5,4.049499988555908,2.2214999198913574,3.946000099182129,1.958899974822998,29.974000930786133,448.5,39.84000015258789,292.8999938964844,975.25,534.75
2024-12-26,73.26000213623047,69.62000274658203,2653.89990234375,4.072000026702881,2.2053000926971436,3.7149999141693115,1.9457999467849731,30.047000885009766,453.75,39.470001220703125,305.70001220703125,988.0,541.0
2024-12-27,74.16999816894531,70.5999984741211,2631.89990234375,4.0625,2.244800090789795,3.5139999389648438,1.9581999778747559,29.655000686645508,454.0,39.52000045776367,300.8999938964844,980.0,546.5
2024-12-30,74.38999938964844,70.98999786376953,2618.10009765625,4.045499801635742,2.299499988555908,3.936000108718872,1.9763000011444092,29.106000900268555,452.25,39.720001220703125,302.6000061035156,982.0,548.25
2024-12-31,74.63999938964844,71.72000122070312,2641.0,3.9860000610351562,2.3206000328063965,3.632999897003174,2.001499891281128,28.940000534057617,458.5,39.779998779296875,307.6000061035156,998.25,551.5
2025-01-02,75.93000030517578,73.12999725341797,2669.0,3.9885001182556152,2.3540000915527344,3.6600000858306885,2.0518999099731445,29.621999740600586,459.5,39.720001220703125,310.8999938964844,999.5,545.75
2025-01-03,76.51000213623047,73.95999908447266,2654.699951171875,4.0395002365112305,2.3478000164031982,3.3540000915527344,2.0536999702453613,29.805999755859375,450.75,39.400001525878906,299.8999938964844,981.0,529.25
2025-01-06,76.30000305175781,73.55999755859375,2647.39990234375,4.126999855041504,2.3552000522613525,3.671999931335449,2.0355000495910645,30.341999053955078,457.75,39.7599983215332,298.6000061035156,992.5,540.5
2025-01-07,77.05000305175781,74.25,2665.39990234375,4.1605000495910645,2.366300106048584,3.4489998817443848,2.026599884033203,30.44700050354004,458.0,40.720001220703125,295.29998779296875,992.25,542.5
2025-01-08,76.16000366210938,73.31999969482422,2672.39990234375,4.227499961853027,2.3506999015808105,3.6510000228881836,2.010200023651123,30.45199966430664,454.0,41.11000061035156,292.6000061035156,987.5,536.25
2025-01-09,76.91999816894531,73.91999816894531,2690.800048828125,4.2795000076293945,2.378200054168701,3.7009999752044678,2.0283000469207764,30.791000366210938,456.0,42.279998779296875,291.79998779296875,992.25,534.0
2025-01-10,79.76000213623047,76.56999969482422,2715.0,4.274499893188477,2.501699924468994,3.989000082015991,2.074899911880493,31.090999603271484,470.5,45.04999923706055,290.6000061035156,1013.5,530.75
2025-01-13,81.01000213623047,78.81999969482422,2678.60009765625,4.295499801635742,2.5332999229431152,3.934000015258789,2.1003000736236572,30.090999603271484,476.5,45.470001220703125,300.20001220703125,1041.5,545.0
2025-01-14,79.91999816894531,77.5,2682.300048828125,4.310500144958496,2.5253000259399414,3.9679999351501465,2.104599952697754,30.131999969482422,474.5,45.72999954223633,298.3999938964844,1043.0,546.25
2025-01-15,82.02999877929688,80.04000091552734,2717.800048828125,4.359499931335449,2.6135001182556152,4.083000183105469,2.158900022506714,31.319000244140625,478.75,46.27000045776367,302.0,1042.75,547.0
2025-01-16,81.29000091552734,78.68000030517578,2750.89990234375,4.4105000495910645,2.6171998977661133,4.257999897003174,2.123199939727783,31.523000717163086,474.5,45.029998779296875,294.3999938964844,1019.0,537.5
2025-01-17,80.79000091552734,77.87999725341797,2748.699951171875,4.337500095367432,2.621000051498413,3.947999954223633,2.1122000217437744,30.951000213623047,484.25,45.689998626708984,297.20001220703125,1034.0,538.75
2025-01-21,79.29000091552734,75.88999938964844,2759.199951171875,4.310999870300293,2.5580999851226807,3.75600004196167,2.0843000411987305,31.31100082397461,490.0,45.77000045776367,311.0,1067.25,558.75
2025-01-22,79.0,75.44000244140625,2770.89990234375,4.271500110626221,2.4842000007629395,3.9600000381469727,2.057800054550171,31.23900032043457,484.25,44.41999816894531,315.79998779296875,1056.0,554.0
2025-01-23,78.29000091552734,74.62000274658203,2765.0,4.299499988555908,2.4714999198913574,3.944999933242798,2.0655999183654785,30.67300033569336,489.75,45.040000915527344,315.29998779296875,1065.5,554.0
2025-01-24,78.5,74.66000366210938,2778.89990234375,4.289999961853027,2.516200065612793,4.0269999504089355,2.0490000247955322,31.023000717163086,486.5,45.220001220703125,304.8999938964844,1055.75,544.0
2025-01-27,77.08000183105469,73.16999816894531,2738.39990234375,4.203499794006348,2.4600000381469727,3.697000026702881,2.0281999111175537,30.253999710083008,482.0,45.0,300.79998779296875,1045.0,535.5
2025-01-28,77.48999786376953,73.7699966430664,2767.5,4.2204999923706055,2.4500999450683594,3.4709999561309814,2.0525999069213867,30.726999282836914,485.25,45.130001068115234,301.6000061035156,1045.0,545.25
2025-01-29,76.58000183105469,72.62000274658203,2769.800048828125,4.257500171661377,2.4539999961853027,3.5350000858306885,2.0357000827789307,31.238000869750977,497.0,44.970001220703125,309.79998779296875,1060.5,562.5
2025-01-30,76.87000274658203,72.7300033569336,2823.0,4.288000106811523,2.475399971008301,3.046999931335449,2.037400007247925,32.36399841308594,490.25,44.97999954223633,304.70001220703125,1044.0,566.5
2025-01-31,76.76000213623047,72.52999877929688,2812.5,4.26200008392334,2.484499931335449,3.0439999103546143,2.0364999771118164,32.12799835205078,482.0,46.11000061035156,301.1000061035156,1042.0,559.5
2025-02-03,75.95999908447266,73.16000366210938,2857.10009765625,4.294000148773193,2.463099956512451,3.3519999980926514,2.1177000999450684,32.391998291015625,488.75,46.5099983215332,303.70001220703125,1058.25,566.75
2025-02-04,76.19999694824219,72.69999694824219,2875.800048828125,4.34250020980835,2.429800033569336,3.253000020980835,2.0989999771118164,32.88800048828125,494.5,45.7599983215332,314.0,1075.0,577.0
2025-02-05,74.61000061035156,71.02999877929688,2893.0,4.434500217437744,2.384200096130371,3.359999895095825,2.0506999492645264,32.856998443603516,493.25,45.09000015258789,308.29998779296875,1057.0,572.25
2025-02-06,74.29000091552734,70.61000061035156,2876.699951171875,4.453499794006348,2.3980000019073486,3.4079999923706055,2.074700117111206,32.518001556396484,495.25,45.400001525878906,306.3999938964844,1060.5,587.75
2025-02-07,74.66000366210938,71.0,2887.60009765625,4.581500053405762,2.430799961090088,3.309000015258789,2.1050000190734863,32.334999084472656,487.5,45.97999954223633,301.3999938964844,1049.5,582.75
2025-02-10,75.87000274658203,72.31999969482422,2934.39990234375,4.700500011444092,2.450900077819824,3.444000005722046,2.1041998863220215,32.391998291015625,491.5,45.72999954223633,300.5,1049.5,579.5
2025-02-11,77.0,73.31999969482422,2932.60009765625,4.5945000648498535,2.5146000385284424,3.5190000534057617,2.1473000049591064,32.23099899291992,484.0,46.130001068115234,296.6000061035156,1043.5,577.0
2025-02-12,75.18000030517578,71.37000274658203,2928.699951171875,4.697999954223633,2.4519999027252197,3.565000057220459,2.089600086212158,32.69499969482422,490.25,45.65999984741211,294.1000061035156,1027.75,574.25
2025-02-13,75.0199966430664,71.29000091552734,2945.39990234375,4.769000053405762,2.448699951171875,3.628000020980835,2.1106998920440674,32.650001525878906,493.5,46.25,292.70001220703125,1030.0,577.75
2025-02-14,74.73999786376953,70.73999786376953,2900.699951171875,4.656499862670898,2.4618000984191895,3.7249999046325684,2.089900016784668,32.80099868774414,496.25,46.06999969482422,295.8999938964844,1036.0,600.0
2025-02-18,75.83999633789062,71.8499984741211,2949.0,4.585000038146973,2.4405999183654785,4.006999969482422,2.086699962615967,33.31700134277344,502.0,47.29999923706055,293.79998779296875,1038.5,604.75
2025-02-19,76.04000091552734,72.25,2936.10009765625,4.557000160217285,2.4565000534057617,4.28000020980835,2.0864999294281006,32.99300003051758,497.5,46.29999923706055,294.70001220703125,1031.75,592.0
2025-02-20,76.4800033569336,72.56999969482422,2956.10009765625,4.607999801635742,2.5034000873565674,4.1519999504089355,2.0864999294281006,33.444000244140625,498.0,47.2599983215332,296.0,1045.5,585.5
2025-02-21,74.43000030517578,70.4000015258789,2953.199951171875,4.559999942779541,2.432300090789795,4.234000205993652,2.026700019836426,32.97600173950195,491.25,46.810001373291016,294.79998779296875,1039.5,590.0
2025-02-24,74.77999877929688,70.69999694824219,2963.199951171875,4.517000198364258,2.435800075531006,3.99399995803833,2.010999917984009,32.57500076293945,482.5,45.70000076293945,291.79998779296875,1029.0,579.0
2025-02-25,73.0199966430664,68.93000030517578,2918.800048828125,4.486000061035156,2.3903000354766846,4.173999786376953,1.9673000574111938,31.801000595092773,479.75,45.439998626708984,293.79998779296875,1031.25,572.75
2025-02-26,72.52999877929688,68.62000274658203,2930.60009765625,4.541999816894531,2.3443000316619873,3.9059998989105225,1.9488999843597412,32.25299835205078,478.25,44.970001220703125,293.3999938964844,1024.5,566.0
2025-02-27,74.04000091552734,70.3499984741211,2895.89990234375,4.579999923706055,2.395900011062622,3.934000015258789,1.9966000318527222,31.801000595092773,464.75,44.75,290.8999938964844,1022.75,546.75
2025-02-28,73.18000030517578,69.76000213623047,2848.5,4.514500141143799,2.3548998832702637,3.8340001106262207,1.9702999591827393,31.2189998626709,453.5,43.529998779296875,291.70001220703125,1011.5,537.0
2025-03-03,71.62000274658203,68.37000274658203,2901.10009765625,4.576499938964844,2.2604000568389893,4.122000217437744,2.1877999305725098,32.03200149536133,440.25,42.900001525878906,290.1000061035156,998.25,532.0
2025-03-04,71.04000091552734,68.26000213623047,2920.60009765625,4.527500152587891,2.2871999740600586,4.349999904632568,2.194200038909912,32.108001708984375,436.0,42.27000045776367,285.8999938964844,984.0,518.5
2025-03-05,69.30000305175781,66.30999755859375,2926.0,4.766499996185303,2.240799903869629,4.449999809265137,2.13700008392334,32.858001708984375,440.25,42.439998626708984,293.0,997.75,530.75
2025-03-06,69.45999908447266,66.36000061035156,2926.60009765625,4.7789998054504395,2.22379994392395,4.302000045776367,2.1012001037597656,33.0629997253418,449.5,42.599998474121094,297.1000061035156,1014.0,537.0
2025-03-07,70.36000061035156,67.04000091552734,2914.10009765625,4.683000087738037,2.2160000801086426,4.39900016784668,2.1087000370025635,32.54800033569336,455.25,42.869998931884766,296.5,1010.25,533.75
2025-03-10,69.27999877929688,66.02999877929688,2899.39990234375,4.639500141143799,2.1798999309539795,4.491000175476074,2.0924999713897705,32.275001525878906,458.75,41.709999084472656,294.3999938964844,999.75,545.25
2025-03-11,69.55999755859375,66.25,2920.89990234375,4.739999771118164,2.1967999935150146,4.453000068664551,2.1050000190734863,32.88800048828125,456.5,41.43000030517578,294.1000061035156,997.75,541.0
2025-03-12,70.94999694824219,67.68000030517578,2946.800048828125,4.821000099182129,2.2063000202178955,4.084000110626221,2.150099992752075,33.48400115966797,448.75,41.18000030517578,292.3999938964844,987.5,538.75
2025-03-13,69.87999725341797,66.55000305175781,2991.300048828125,4.898499965667725,2.1621999740600586,4.111000061035156,2.1331000328063965,34.05099868774414,453.5,40.779998779296875,300.29998779296875,996.75,547.25
2025-03-14,70.58000183105469,67.18000030517578,3001.10009765625,4.869500160217285,2.166599988937378,4.104000091552734,2.148699998855591,34.1870002746582,445.5,41.0,298.8999938964844,999.25,545.75
2025-03-17,71.06999969482422,67.58000183105469,3006.10009765625,4.933499813079834,2.2037999629974365,4.01800012588501,2.1812000274658203,34.07400131225586,461.0,42.099998474121094,304.29998779296875,1015.5,568.5
2025-03-18,70.55999755859375,66.9000015258789,3040.800048828125,4.993000030517578,2.194499969482422,4.052000045776367,2.1684000492095947,34.57899856567383,458.75,42.540000915527344,299.8999938964844,1012.75,565.0
2025-03-19,70.77999877929688,67.16000366210938,3041.199951171875,5.076000213623047,2.2318999767303467,4.247000217437744,2.169600009918213,33.974998474121094,462.0,42.36000061035156,297.70001220703125,1008.25,563.5
2025-03-20,72.0,68.26000213623047,3043.800048828125,5.085000038146973,2.254300117492676,3.9749999046325684,2.1910998821258545,33.7859992980957,469.0,42.709999084472656,297.1000061035156,1013.0,557.25
2025-03-21,72.16000366210938,68.27999877929688,3021.39990234375,5.087500095367432,2.2495999336242676,3.9800000190734863,2.1953999996185303,33.290000915527344,464.25,42.0099983215332,300.29998779296875,1009.75,558.25
2025-03-24,73.0,69.11000061035156,3015.60009765625,5.064000129699707,2.2571001052856445,3.9140000343322754,2.2065999507904053,33.26499938964844,464.5,42.150001525878906,297.6000061035156,1007.25,548.25
2025-03-25,73.0199966430664,69.0,3025.89990234375,5.183000087738037,2.285900115966797,3.8399999141693115,2.208699941635132,34.00199890136719,457.75,42.29999923706055,295.1000061035156,1001.75,543.25
2025-03-26,73.79000091552734,69.6500015258789,3022.5,5.216000080108643,2.2887001037597656,3.8610000610351562,2.232800006866455,34.03300094604492,451.25,42.63999938964844,293.6000061035156,1001.0,535.25
2025-03-27,74.02999877929688,69.91999816894531,3061.0,5.097499847412109,2.2846999168395996,3.950000047683716,2.2464001178741455,34.89699935913086,450.0,44.27000045776367,294.5,1016.75,532.0
2025-03-28,73.62999725341797,69.36000061035156,3086.5,5.112500190734863,2.2609000205993652,4.065000057220459,2.2346999645233154,34.64400100708008,453.25,45.15999984741211,293.5,1023.0,528.25
2025-03-31,74.73999786376953,71.4800033569336,3122.800048828125,5.019999980926514,2.313999891281128,4.11899995803833,2.283099889755249,34.457000732421875,457.25,44.88999938964844,292.70001220703125,1014.75,537.0
2025-04-01,74.48999786376953,71.19999694824219,3146.0,5.019000053405762,2.2888998985290527,3.9509999752044678,2.302500009536743,34.15800094604492,461.75,47.439998626708984,292.29998779296875,1034.25,540.5
2025-04-02,74.94999694824219,71.70999908447266,3166.199951171875,5.023499965667725,2.322000026702881,4.054999828338623,2.3310000896453857,34.499000549316406,457.75,48.5,287.20001220703125,1029.5,539.25
2025-04-03,70.13999938964844,66.94999694824219,3121.699951171875,4.810999870300293,2.1888999938964844,4.138000011444092,2.164299964904785,31.8439998626709,457.5,47.060001373291016,288.0,1011.5,536.0
2025-04-04,65.58000183105469,61.9900016784668,3035.39990234375,4.384500026702881,2.081899881362915,3.8369998931884766,2.054500102996826,29.115999221801758,460.25,45.84000015258789,283.1000061035156,977.0,529.0
2025-04-07,64.20999908447266,60.70000076293945,2973.60009765625,4.169000148773193,2.0699000358581543,3.6549999713897705,2.0201001167297363,29.510000228881836,464.5,45.150001525878906,288.3999938964844,983.0,536.5
2025-04-08,62.81999969482422,59.58000183105469,2990.199951171875,4.127500057220459,2.056999921798706,3.4649999141693115,1.9914000034332275,29.591999053955078,469.0,44.939998626708984,291.0,992.75,540.0
2025-04-09,65.4800033569336,62.349998474121094,3079.39990234375,4.17549991607666,2.113600015640259,3.815999984741211,2.0383999347686768,30.322999954223633,474.0,46.189998626708984,294.5,1012.75,542.25
2025-04-10,63.33000183105469,60.06999969482422,3177.5,4.321000099182129,2.0464000701904297,3.556999921798706,1.961300015449524,30.67099952697754,483.0,46.31999969482422,297.8999938964844,1029.0,538.0
2025-04-11,64.76000213623047,61.5,3244.60009765625,4.507500171661377,2.0652999877929688,3.5269999504089355,1.9990999698638916,31.823999404907227,490.25,47.349998474121094,299.6000061035156,1042.75,555.75
2025-04-14,64.87999725341797,61.529998779296875,3226.300048828125,4.610499858856201,2.0917000770568848,3.325000047683716,2.022200107574463,32.09199905395508,485.0,46.31999969482422,297.1000061035156,1041.75,547.5
2025-04-15,64.66999816894531,61.33000183105469,3240.39990234375,4.611000061035156,2.078399896621704,3.3289999961853027,2.024399995803833,32.22700119018555,481.25,47.33000183105469,294.20001220703125,1036.0,542.0
2025-04-16,65.8499984741211,62.470001220703125,3346.39990234375,4.673999786376953,2.1154000759124756,3.246999979019165,2.0434000492095947,32.92599868774414,484.25,47.47999954223633,296.70001220703125,1038.75,547.75
2025-04-17,67.95999908447266,64.68000030517578,3328.39990234375,4.731500148773193,2.1522998809814453,3.244999885559082,2.09879994392395,32.41999816894531,482.25,47.869998931884766,295.6000061035156,1036.5,548.75
2025-04-21,66.26000213623047,63.08000183105469,3425.300048828125,4.7210001945495605,2.1089000701904297,3.0160000324249268,2.0652999877929688,32.49599838256836,481.75,47.81999969482422,292.8999938964844,1029.5,538.5
2025-04-22,67.44000244140625,64.30999755859375,3419.39990234375,4.870500087738037,2.1486001014709473,3.006999969482422,2.099600076675415,32.880001068115234,475.75,47.58000183105469,291.8999938964844,1035.0,535.5
2025-04-23,66.12000274658203,62.27000045776367,3294.10009765625,4.8354997634887695,2.1268999576568604,3.0220000743865967,2.083899974822998,33.518001556396484,472.0,47.90999984741211,290.79998779296875,1040.25,528.25
2025-04-24,66.55000305175781,62.790000915527344,3348.60009765625,4.849999904632568,2.143699884414673,2.930000066757202,2.1057000160217285,33.481998443603516,477.25,49.650001525878906,288.70001220703125,1053.0,529.25
2025-04-25,66.87000274658203,63.02000045776367,3298.39990234375,4.8354997634887695,2.16729998588562,2.937000036239624,2.1189000606536865,32.98899841308594,478.75,49.279998779296875,290.0,1049.75,530.0
2025-04-28,65.86000061035156,62.04999923706055,3347.699951171875,4.8379998207092285,2.17549991607666,3.1700000762939453,2.105799913406372,32.9900016784668,475.5,49.90999984741211,287.0,1052.0,515.5
2025-04-29,64.25,60.41999816894531,3333.60009765625,4.822999954223633,2.1203999519348145,3.385999917984009,2.071199893951416,33.275001525878906,460.5,48.849998474121094,290.5,1041.0,505.75
2025-04-30,63.119998931884766,58.209999084472656,3319.10009765625,4.559999942779541,2.0367000102996826,3.3259999752044678,2.0369999408721924,32.53099822998047,467.25,48.58000183105469,290.0,1034.75,513.0
2025-05-01,62.130001068115234,59.2400016784668,3222.199951171875,4.580999851226807,2.01200008392334,3.4790000915527344,2.0492000579833984,32.18899917602539,464.25,49.36000061035156,286.5,1040.25,515.25
2025-05-02,61.290000915527344,58.290000915527344,3243.300048828125,4.627500057220459,1.9931999444961548,3.630000114440918,2.01990008354187,31.98900032043457,461.25,49.08000183105469,290.20001220703125,1048.75,526.5
2025-05-05,60.22999954223633,57.130001068115234,3322.300048828125,4.65500020980835,1.9744999408721924,3.549999952316284,2.0227999687194824,32.20500183105469,446.5,48.369998931884766,288.70001220703125,1038.0,514.25
2025-05-06,62.150001525878906,59.09000015258789,3422.800048828125,4.735000133514404,2.0088000297546387,3.4630000591278076,2.064500093460083,33.112998962402344,447.5,47.97999954223633,286.1000061035156,1034.75,519.0
2025-05-07,61.119998931884766,58.06999969482422,3391.89990234375,4.616499900817871,1.9766000509262085,3.621000051498413,2.0278000831604004,32.53099822998047,441.0,46.95000076293945,288.0,1030.5,518.0
2025-05-08,62.84000015258789,59.90999984741211,3306.0,4.560999870300293,2.0399999618530273,3.5920000076293945,2.085400104522705,32.37799835205078,439.0,48.029998779296875,287.79998779296875,1036.75,513.0
2025-05-09,63.90999984741211,61.02000045776367,3344.0,4.611000061035156,2.0664000511169434,3.7950000762939453,2.1084001064300537,32.67599868774414,441.5,48.150001525878906,287.20001220703125,1044.0,505.5
2025-05-12,64.95999908447266,61.95000076293945,3228.0,4.578499794006348,2.1110999584198,3.6459999084472656,2.1331000328063965,32.38800048828125,440.25,49.4900016784668,291.1000061035156,1066.0,499.0
2025-05-13,66.62999725341797,63.66999816894531,3247.800048828125,4.68149995803833,2.171299934387207,3.6470000743865967,2.1659998893737793,32.86800003051758,436.0,51.099998474121094,285.8999938964844,1067.25,501.5
2025-05-14,66.08999633789062,63.150001525878906,3188.300048828125,4.611000061035156,2.2060999870300293,3.492000102996826,2.1700000762939453,32.22600173950195,438.5,51.619998931884766,285.3999938964844,1067.0,508.75
2025-05-15,64.52999877929688,61.619998931884766,3226.60009765625,4.644499778747559,2.1659998893737793,3.361999988555908,2.134399890899658,32.48099899291992,448.5,49.31999969482422,296.3999938964844,1051.25,532.75
2025-05-16,65.41000366210938,62.4900016784668,3187.199951171875,4.555500030517578,2.1405999660491943,3.3340001106262207,2.1417999267578125,32.15800094604492,443.5,48.93000030517578,291.8999938964844,1050.0,525.0
2025-05-19,65.54000091552734,62.689998626708984,3233.5,4.633500099182129,2.127700090408325,3.11299991607666,2.1387999057769775,32.3129997253418,447.5,49.439998626708984,291.1000061035156,1050.75,529.0
2025-05-20,65.37999725341797,62.560001373291016,3284.60009765625,4.619500160217285,2.1289000511169434,3.427000045776367,2.152100086212158,32.97999954223633,454.5,49.5,292.6000061035156,1053.0,546.0
2025-05-21,64.91000366210938,61.56999969482422,3313.5,4.638000011444092,2.1391000747680664,3.368000030517578,2.1498000621795654,33.4630012512207,461.0,49.83000183105469,294.1000061035156,1062.75,549.25
2025-05-22,64.44000244140625,61.20000076293945,3295.0,4.648499965667725,2.117500066757202,3.253000020980835,2.131200075149536,33.047000885009766,463.0,49.11000061035156,298.5,1067.5,544.5
2025-05-23,64.77999877929688,61.529998779296875,3365.800048828125,4.80649995803833,2.10479998588562,3.3340001106262207,2.1092000007629395,33.44200134277344,459.5,49.349998474121094,296.20001220703125,1060.25,542.5
2025-05-27,64.08999633789062,60.88999938964844,3300.39990234375,4.710000038146973,2.079400062561035,3.3980000019073486,2.071500062942505,33.145999908447266,459.5,49.56999969482422,296.29998779296875,1062.5,528.5
2025-05-28,64.9000015258789,61.84000015258789,3294.89990234375,4.644000053405762,2.088099956512451,3.2039999961853027,2.089200019836426,33.0,451.0,48.93000030517578,293.70001220703125,1048.5,530.25
2025-05-29,64.1500015258789,60.939998626708984,3317.10009765625,4.653500080108643,2.0481998920440674,3.5220000743865967,2.0594000816345215,33.28300094604492,447.0,48.38999938964844,296.3999938964844,1051.75,534.0
2025-05-30,63.900001525878906,60.790000915527344,3288.89990234375,4.652500152587891,2.017199993133545,3.447000026702881,2.0383999347686768,32.891998291015625,444.0,46.88999938964844,296.29998779296875,1041.75,534.0
2025-06-02,64.62999725341797,62.52000045776367,3397.199951171875,4.834499835968018,2.0445001125335693,3.694000005722046,2.052500009536743,34.5629997253418,438.25,46.279998779296875,293.8999938964844,1033.5,539.0
2025-06-03,65.62999725341797,63.40999984741211,3377.10009765625,4.809500217437744,2.099900007247925,3.7219998836517334,2.0787999629974365,34.50299835205078,438.5,46.810001373291016,294.5,1040.75,536.0
2025-06-04,64.86000061035156,62.849998474121094,3399.199951171875,4.864500045776367,2.0701000690460205,3.7160000801086426,2.0339999198913574,34.51900100708008,438.75,46.810001373291016,297.1000061035156,1045.0,543.25
2025-06-05,65.33999633789062,63.369998931884766,3375.10009765625,4.91349983215332,2.0945000648498535,3.677000045776367,2.0629000663757324,35.68899917602539,439.5,46.650001525878906,297.1000061035156,1051.75,545.5
2025-06-06,66.47000122070312,64.58000183105469,3346.60009765625,4.829999923706055,2.1252999305725098,3.7839999198913574,2.0768001079559326,36.025001525878906,442.5,47.5,295.70001220703125,1057.25,554.75
2025-06-09,67.04000091552734,65.29000091552734,3354.89990234375,4.9095001220703125,2.146399974822998,3.634999990463257,2.0952000617980957,36.6879997253418,433.5,47.380001068115234,295.5,1056.0,542.0
2025-06-10,66.87000274658203,64.9800033569336,3343.39990234375,4.883999824523926,2.1415998935699463,3.5329999923706055,2.0880000591278076,36.54199981689453,438.75,47.790000915527344,295.8999938964844,1057.75,534.5
2025-06-11,69.7699966430664,68.1500015258789,3343.699951171875,4.801000118255615,2.2053000926971436,3.506999969482422,2.166800022125244,36.16600036621094,437.0,48.02000045776367,294.20001220703125,1050.5,534.25
2025-06-12,69.36000061035156,68.04000091552734,3402.39990234375,4.821499824523926,2.188699960708618,3.492000102996826,2.142899990081787,36.2130012512207,438.5,47.61000061035156,294.5,1042.25,526.5
2025-06-13,74.2300033569336,72.9800033569336,3452.800048828125,4.802999973297119,2.3587000370025635,3.5810000896453857,2.22760009765625,36.28099822998047,444.5,50.61000061035156,291.8999938964844,1069.75,543.75
2025-06-16,73.2300033569336,71.7699966430664,3417.300048828125,4.826499938964844,2.3933000564575195,3.747999906539917,2.219899892807007,36.37900161743164,434.75,55.11000061035156,283.70001220703125,1069.75,536.5
2025-06-17,76.44999694824219,74.83999633789062,3406.89990234375,4.80049991607666,2.5051000118255615,3.8510000705718994,2.271899938583374,37.09000015258789,431.5,54.790000915527344,285.1000061035156,1074.0,549.0
2025-06-18,76.69999694824219,75.13999938964844,3408.10009765625,4.84499979019165,2.533400058746338,3.989000082015991,2.3085999488830566,36.86600112915039,433.5,54.77000045776367,284.8999938964844,1074.75,574.25
2025-06-20,77.01000213623047,74.93000030517578,3385.699951171875,4.826000213623047,2.541800022125244,3.8469998836517334,2.3294999599456787,35.97600173950195,428.75,54.470001220703125,284.1000061035156,1068.0,567.75
2025-06-23,71.4800033569336,68.51000213623047,3395.0,4.8429999351501465,2.363100051879883,3.697999954223633,2.2181999683380127,36.15299987792969,419.25,53.2400016784668,282.3999938964844,1058.75,552.75
2025-06-24,67.13999938964844,64.37000274658203,3333.89990234375,4.867000102996826,2.285099983215332,3.5369999408721924,2.085700035095215,35.70100021362305,416.25,52.16999816894531,280.5,1046.75,535.75
2025-06-25,67.68000030517578,64.91999816894531,3343.10009765625,4.913000106811523,2.2964000701904297,3.4059998989105225,2.08240008354187,36.084999084472656,410.25,51.81999969482422,276.0,1025.25,528.25
2025-06-26,67.7300033569336,65.23999786376953,3348.0,5.065499782562256,2.360100030899048,3.260999917984009,2.0989999771118164,36.58599853515625,409.5,52.52000045776367,270.8999938964844,1022.75,521.0
2025-06-27,67.7699966430664,65.5199966430664,3287.60009765625,5.06850004196167,2.3071999549865723,3.739000082015991,2.0897998809814453,36.0369987487793,417.5,52.45000076293945,271.1000061035156,1027.75,524.75
2025-06-30,67.61000061035156,65.11000061035156,3307.699951171875,5.03000020980835,2.3457999229431152,3.4560000896453857,2.0797998905181885,35.85200119018555,420.5,52.5099983215332,271.29998779296875,1024.25,528.75
2025-07-01,67.11000061035156,65.44999694824219,3349.800048828125,5.047999858856201,2.326900005340576,3.4149999618530273,2.1003000736236572,36.082000732421875,420.0,53.7599983215332,269.20001220703125,1024.75,537.25
2025-07-02,69.11000061035156,67.44999694824219,3359.699951171875,5.14900016784668,2.4117000102996826,3.48799991607666,2.1229000091552734,36.42599868774414,429.25,55.060001373291016,272.3999938964844,1050.5,556.0
2025-07-03,68.80000305175781,67.0,3342.89990234375,5.0970001220703125,2.369800090789795,3.4089999198913574,2.1185998916625977,36.784000396728516,431.5,54.70000076293945,273.79998779296875,1056.25,547.75
2025-07-04,68.29000091552734,66.5,3346.5,5.018499851226807,2.4089999198913574,3.38700008392334,2.1171000003814697,36.775001525878906,431.5,54.70000076293945,273.79998779296875,1056.25,547.75
2025-07-07,69.58000183105469,67.93000030517578,3342.800048828125,4.984499931335449,2.421099901199341,3.4119999408721924,2.1521999835968018,36.6150016784668,418.0,54.06999969482422,268.5,1031.75,539.75
2025-07-08,70.1500015258789,68.33000183105469,3316.89990234375,5.644999980926514,2.4412999153137207,3.3399999141693115,2.184999942779541,36.47200012207031,411.0,54.11000061035156,267.20001220703125,1024.25,543.0
2025-07-09,70.19000244140625,68.37999725341797,3321.0,5.44350004196167,2.4091999530792236,3.2139999866485596,2.1879000663757324,36.35100173950195,412.5,53.349998474121094,266.1000061035156,1012.25,542.75
2025-07-10,68.63999938964844,66.56999969482422,3325.699951171875,5.547999858856201,2.383500099182129,3.3369998931884766,2.152400016784668,37.03799819946289,407.25,53.66999816894531,268.5,1012.5,550.25
2025-07-11,70.36000061035156,68.44999694824219,3364.0,5.561999797821045,2.4474000930786133,3.313999891281128,2.187000036239624,38.67599868774414,403.0,54.40999984741211,267.6000061035156,1004.0,540.75
2025-07-14,69.20999908447266,66.9800033569336,3359.10009765625,5.514999866485596,2.3898000717163086,3.4660000801086426,2.1654000282287598,38.46200180053711,412.75,54.40999984741211,265.20001220703125,997.0,534.0
2025-07-15,68.70999908447266,66.5199966430664,3336.699951171875,5.546000003814697,2.4052000045776367,3.5230000019073486,2.169600009918213,37.83399963378906,401.25,54.560001373291016,265.29998779296875,995.0,538.0
2025-07-16,68.5199966430664,66.37999725341797,3359.10009765625,5.496500015258789,2.3914999961853027,3.5510001182556152,2.1440000534057617,37.85300064086914,405.25,54.81999969482422,268.3999938964844,1013.5,541.25
2025-07-17,69.5199966430664,67.54000091552734,3345.300048828125,5.486000061035156,2.464600086212158,3.5420000553131104,2.1703999042510986,38.055999755859375,402.0,56.220001220703125,268.70001220703125,1021.5,533.5
2025-07-18,69.27999877929688,67.33999633789062,3358.300048828125,5.578000068664551,2.453000068664551,3.565000057220459,2.15339994430542,38.222999572753906,408.5,55.81999969482422,274.0,1027.75,546.25
2025-07-21,69.20999908447266,67.19999694824219,3406.39990234375,5.610499858856201,2.509200096130371,3.325000047683716,2.1319000720977783,39.10100173950195,403.75,56.06999969482422,270.5,1015.0,542.25
2025-07-22,68.58999633789062,66.20999908447266,3443.699951171875,5.697000026702881,2.4518001079559326,3.252000093460083,2.101900100708008,39.31999969482422,399.25,55.630001068115234,273.79998779296875,1010.25,549.5
2025-07-23,68.51000213623047,65.25,3397.60009765625,5.795000076293945,2.4489998817443848,3.0769999027252197,2.121299982070923,39.27799987792969,398.5,56.13999938964844,272.0,1005.75,540.5
2025-07-24,69.18000030517578,66.02999877929688,3373.5,5.7769999504089355,2.412899971008301,3.0940001010894775,2.1041998863220215,39.020999908447266,401.75,56.66999816894531,269.70001220703125,1004.25,541.5
2025-07-25,68.44000244140625,65.16000366210938,3335.60009765625,5.763500213623047,2.4061999320983887,3.109999895095825,2.0969998836517334,38.16699981689453,399.5,56.4900016784668,267.79998779296875,998.75,538.25
2025-07-28,70.04000091552734,66.70999908447266,3310.0,5.59499979019165,2.4265999794006348,2.98799991607666,2.135200023651123,38.0260009765625,393.75,56.54999923706055,264.8999938964844,988.75,538.5
2025-07-29,72.51000213623047,69.20999908447266,3324.0,5.603499889373779,2.4637999534606934,3.0810000896453857,2.218400001525879,38.08399963378906,389.25,57.540000915527344,261.70001220703125,981.75,529.75
2025-07-30,73.23999786376953,70.0,3295.800048828125,5.570000171661377,2.4184999465942383,3.0450000762939453,2.2690999507904053,37.566001892089844,391.75,56.5,260.70001220703125,967.75,523.75
2025-07-31,72.52999877929688,69.26000213623047,3293.199951171875,4.33050012588501,2.3994998931884766,3.1059999465942383,2.21560001373291,36.551998138427734,394.0,55.58000183105469,261.79998779296875,961.75,523.25
2025-08-01,69.66999816894531,67.33000183105469,3399.800048828125,4.412499904632568,2.2999000549316406,3.0829999446868896,2.1185998916625977,36.7869987487793,389.5,54.720001220703125,267.5,961.75,516.75
2025-08-04,68.76000213623047,66.29000091552734,3426.39990234375,4.414999961853027,2.3176000118255615,2.931999921798706,2.1022000312805176,37.19200134277344,387.0,54.5,273.79998779296875,969.0,516.75
2025-08-05,67.63999938964844,65.16000366210938,3434.699951171875,4.363999843597412,2.250200033187866,3.009999990463257,2.0915000438690186,37.6870002746582,381.5,53.84000015258789,273.6000061035156,969.0,508.25
2025-08-06,66.88999938964844,64.3499984741211,3433.39990234375,4.390999794006348,2.2627999782562256,3.0769999027252197,2.090399980545044,37.76599884033203,379.75,53.790000915527344,269.3999938964844,961.5,508.5
2025-08-07,66.43000030517578,63.880001068115234,3453.699951171875,4.378499984741211,2.2667999267578125,3.066999912261963,2.077500104904175,38.15800094604492,384.5,53.540000915527344,272.70001220703125,971.75,518.25
2025-08-08,66.58999633789062,63.880001068115234,3491.300048828125,4.45550012588501,2.2792999744415283,2.990000009536743,2.0861001014709473,38.41699981689453,382.75,52.7599983215332,273.3999938964844,966.75,514.5
2025-08-11,66.62999725341797,63.959999084472656,3404.699951171875,4.423500061035156,2.2909998893737793,2.9539999961853027,2.0766000747680664,37.6619987487793,385.0,53.290000915527344,277.70001220703125,989.5,515.0
2025-08-12,66.12000274658203,63.16999816894531,3399.0,4.508500099182129,2.2441000938415527,2.808000087738037,2.074399948120117,37.89899826049805,371.5,53.29999923706055,278.3999938964844,1011.75,505.0
2025-08-13,65.62999725341797,62.650001525878906,3408.300048828125,4.48199987411499,2.242799997329712,2.828000068664551,2.0703999996185303,38.499000549316406,374.0,53.349998474121094,284.1000061035156,1023.5,507.25
2025-08-14,66.83999633789062,63.959999084472656,3383.199951171875,4.4644999504089355,2.234499931335449,2.8410000801086426,2.1092000007629395,37.981998443603516,375.0,51.9900016784668,282.1000061035156,1008.5,503.5
2025-08-15,65.8499984741211,62.79999923706055,3382.60009765625,4.478000164031982,2.2249999046325684,2.9159998893737793,2.072499990463257,37.89400100708008,383.75,53.18000030517578,283.3999938964844,1022.25,506.5
2025-08-18,66.5999984741211,63.41999816894531,3378.0,4.456999778747559,2.240299940109253,2.890000104904175,2.0987000465393066,37.95100021362305,383.0,53.27000045776367,280.3999938964844,1020.75,502.75
2025-08-19,65.79000091552734,62.349998474121094,3358.699951171875,4.408999919891357,2.2511000633239746,2.7660000324249268,2.0889999866485596,37.26100158691406,379.5,51.68000030517578,287.3999938964844,1013.0,498.5
2025-08-20,66.83999633789062,63.209999084472656,3388.5,4.426000118255615,2.279599905014038,2.752000093460083,2.1282999515533447,37.70500183105469,380.0,51.20000076293945,292.0,1015.0,505.5
2025-08-21,67.66999816894531,63.52000045776367,3381.60009765625,4.43149995803833,2.3250999450683594,2.8259999752044678,2.1596999168395996,38.027000427246094,387.25,53.63999938964844,296.79998779296875,1034.5,507.0
2025-08-22,67.7300033569336,63.65999984741211,3418.5,4.447500228881836,2.3080999851226807,2.697999954223633,2.1584999561309814,39.00299835205078,388.25,54.84000015258789,296.70001220703125,1036.5,504.75
2025-08-25,68.80000305175781,64.80000305175781,3417.5,4.4664998054504395,2.3475000858306885,2.696000099182129,2.1482999324798584,38.676998138427734,389.25,54.310001373291016,295.70001220703125,1025.5,506.75
2025-08-26,67.22000122070312,63.25,3433.0,4.450500011444092,2.2804999351501465,2.7170000076293945,2.122299909591675,38.582000732421875,387.5,52.7599983215332,297.20001220703125,1028.75,509.5
2025-08-27,68.05000305175781,64.1500015258789,3448.60009765625,4.4145002365112305,2.295300006866455,2.867000102996826,2.148900032043457,38.68899917602539,382.5,52.470001220703125,293.1000061035156,1027.25,502.25
2025-08-28,68.62000274658203,64.5999984741211,3474.300048828125,4.463500022888184,2.309799909591675,2.944000005722046,2.1991000175476074,39.189998626708984,385.5,51.75,286.29998779296875,1028.25,510.25
2025-08-29,68.12000274658203,64.01000213623047,3516.10009765625,4.518499851226807,2.266700029373169,2.996999979019165,2.1875998973846436,40.20000076293945,398.0,51.470001220703125,283.6000061035156,1036.75,518.0
2025-09-02,69.13999938964844,65.58999633789062,3592.199951171875,4.569499969482422,2.3743999004364014,3.009000062942505,2.042799949645996,41.07099914550781,403.0,51.970001220703125,275.5,1025.75,513.0
2025-09-03,67.5999984741211,63.970001220703125,3635.5,4.558499813079834,2.3608999252319336,3.063999891281128,2.01200008392334,41.54199981689453,397.75,51.15999984741211,275.8999938964844,1016.0,504.0
2025-09-04,66.98999786376953,63.47999954223633,3606.699951171875,4.48799991607666,2.330699920654297,3.0739998817443848,2.009500026702881,40.9109992980957,399.75,51.22999954223633,279.3999938964844,1012.0,502.25
2025-09-05,65.5,61.869998931884766,3653.300048828125,4.482500076293945,2.2869999408721924,3.0480000972747803,1.9642000198364258,41.07400131225586,399.0,50.560001373291016,280.5,1006.5,501.0
2025-09-08,66.0199966430664,62.2599983215332,3677.39990234375,4.490499973297119,2.3118999004364014,3.0899999141693115,1.9586000442504883,41.42599868774414,403.0,50.72999954223633,284.70001220703125,1013.5,505.5
2025-09-09,66.38999938964844,62.630001068115234,3682.199951171875,4.500999927520752,2.3199000358581543,3.117000102996826,1.9924999475479126,40.87799835205078,401.25,49.70000076293945,291.70001220703125,1011.5,500.75
2025-09-10,67.48999786376953,63.66999816894531,3682.0,4.550000190734863,2.333699941635132,3.0290000438690186,2.007999897003174,41.132999420166016,397.25,50.220001220703125,286.3999938964844,1005.5,495.0
2025-09-11,66.37000274658203,62.369998931884766,3673.60009765625,4.5904998779296875,2.281899929046631,2.934000015258789,1.9793000221252441,41.696998596191406,399.0,50.81999969482422,288.29998779296875,1015.25,503.0
2025-09-12,66.98999786376953,62.689998626708984,3686.39990234375,4.588500022888184,2.2899999618530273,2.940999984741211,1.9853999614715576,42.387001037597656,399.0,51.380001068115234,288.29998779296875,1025.75,503.0
2025-09-15,67.44000244140625,63.29999923706055,3719.0,4.6554999351501465,2.3310999870300293,3.0429999828338623,2.013400077819824,42.516998291015625,423.25,51.7599983215332,285.20001220703125,1042.75,525.0
2025-09-16,68.47000122070312,64.5199966430664,3725.10009765625,4.632999897003174,2.3935000896453857,3.1029999256134033,2.041599988937378,42.47100067138672,429.5,52.689998626708984,285.79998779296875,1049.75,534.0
2025-09-17,67.94999694824219,64.05000305175781,3717.800048828125,4.571000099182129,2.35479998588562,3.0999999046325684,2.028700113296509,41.72200012207031,426.75,51.2400016784668,283.8999938964844,1043.75,528.25
2025-09-18,67.44000244140625,63.56999969482422,3678.300048828125,4.540999889373779,2.3399999141693115,2.938999891281128,2.011399984359741,41.707000732421875,423.75,50.56999969482422,283.0,1037.5,524.25
2025-09-19,66.68000030517578,62.68000030517578,3705.800048828125,4.568999767303467,2.2988998889923096,2.888000011444092,1.9707000255584717,42.5359992980957,424.0,50.029998779296875,282.8999938964844,1025.5,522.5
2025-09-22,66.56999969482422,62.63999938964844,3775.10009765625,4.572999954223633,2.29229998588562,2.805999994277954,1.9781999588012695,43.79899978637695,421.75,49.16999816894531,278.8999938964844,1011.0,510.75
2025-09-23,67.62999725341797,63.40999984741211,3815.699951171875,4.584499835968018,2.328000068664551,2.8529999256134033,1.9990999698638916,44.19200134277344,426.25,49.349998474121094,275.1000061035156,1012.0,520.5
2025-09-24,69.30999755859375,64.98999786376953,3768.10009765625,4.752500057220459,2.37719988822937,2.8580000400543213,2.0188000202178955,43.777000427246094,424.25,49.290000915527344,271.70001220703125,1009.0,519.5
2025-09-25,69.41999816894531,64.9800033569336,3771.10009765625,4.699999809265137,2.426500082015991,2.9040000438690186,2.00219988822937,44.696998596191406,425.75,49.7400016784668,268.6000061035156,1012.25,527.0
2025-09-26,70.12999725341797,65.72000122070312,3809.0,4.7154998779296875,2.4289000034332275,2.8350000381469727,2.037600040435791,46.22100067138672,422.0,49.599998474121094,268.79998779296875,1013.75,519.75
2025-09-29,67.97000122070312,63.45000076293945,3855.199951171875,4.841000080108643,2.356600046157837,3.2669999599456787,1.9951000213623047,46.61199951171875,421.5,49.11000061035156,268.1000061035156,1010.5,519.5
2025-09-30,67.0199966430664,62.369998931884766,3873.199951171875,4.804999828338623,2.3324999809265137,3.302999973297119,1.9729000329971313,46.25299835205078,415.5,48.869998931884766,265.70001220703125,1001.75,508.0
2025-10-01,65.3499984741211,61.779998779296875,3897.5,4.83050012588501,2.3018999099731445,3.4760000705718994,1.8859000205993652,47.290000915527344,416.5,49.75,264.70001220703125,1013.0,509.25
2025-10-02,64.11000061035156,60.47999954223633,3868.10009765625,4.8979997634887695,2.243499994277954,3.441999912261963,1.8509999513626099,46.0,421.75,49.81999969482422,271.29998779296875,1023.75,514.75
2025-10-03,64.52999877929688,60.880001068115234,3908.89990234375,5.058000087738037,2.236299991607666,3.3239998817443848,1.8604999780654907,47.59700012207031,419.0,49.43000030517578,270.70001220703125,1018.0,515.25
2025-10-06,65.47000122070312,61.689998626708984,3976.300048828125,4.986999988555908,2.24429988861084,3.3570001125335693,1.9016000032424927,48.082000732421875,421.75,49.790000915527344,268.79998779296875,1017.75,512.75
2025-10-07,65.44999694824219,61.72999954223633,4004.39990234375,5.047999858856201,2.2653000354766846,3.497999906539917,1.8939000368118286,47.17900085449219,419.75,50.529998779296875,268.8999938964844,1022.0,506.75
2025-10-08,66.25,62.54999923706055,4070.5,5.046000003814697,2.291300058364868,3.3329999446868896,1.909500002861023,48.65599822998047,422.0,50.970001220703125,270.79998779296875,1029.5,507.25
2025-10-09,65.22000122070312,61.5099983215332,3972.60009765625,5.075500011444092,2.2802999019622803,3.2690000534057617,1.882599949836731,46.849998474121094,418.25,50.380001068115234,269.70001220703125,1022.25,506.5
2025-10-10,62.72999954223633,58.900001525878906,4000.39990234375,4.848499774932861,2.204400062561035,3.1059999465942383,1.8203999996185303,46.9379997253418,413.0,49.400001525878906,267.3999938964844,1006.75,498.5
2025-10-13,63.31999969482422,59.4900016784668,4133.0,5.100500106811523,2.2497000694274902,3.118000030517578,1.8437999486923218,50.130001068115234,410.75,50.040000915527344,266.5,1007.75,496.75
2025-10-14,62.38999938964844,58.70000076293945,4163.39990234375,4.980500221252441,2.1975998878479004,3.0280001163482666,1.8286000490188599,50.31399917602539,413.0,49.91999816894531,267.0,1006.5,500.25
2025-10-15,61.90999984741211,58.27000045776367,4201.60009765625,4.9720001220703125,2.174799919128418,3.0160000324249268,1.8344000577926636,51.073001861572266,416.75,50.79999923706055,275.8999938964844,1006.5,498.75
2025-10-16,61.060001373291016,57.459999084472656,4304.60009765625,4.958000183105469,2.1535000801086426,2.937999963760376,1.8116999864578247,53.02299880981445,421.75,50.869998931884766,276.8999938964844,1010.75,502.5
2025-10-17,61.290000915527344,57.540000915527344,4213.2998046875,4.93149995803833,2.180000066757202,3.007999897003174,1.8377000093460083,49.86399841308594,422.5,51.130001068115234,281.0,1019.5,503.75
2025-10-20,61.0099983215332,57.52000045776367,4359.39990234375,4.998000144958496,2.1921000480651855,3.3970000743865967,1.830199956893921,51.11899948120117,423.25,51.310001373291016,285.0,1031.75,504.75
2025-10-21,61.31999969482422,57.81999969482422,4109.10009765625,4.929999828338623,2.2058000564575195,3.4739999771118164,1.8252999782562256,47.45000076293945,419.75,50.650001525878906,286.8999938964844,1030.75,500.25
2025-10-22,62.59000015258789,58.5,4065.39990234375,4.960999965667725,2.2495999336242676,3.450000047683716,1.8650000095367432,47.46099853515625,423.0,50.06999969482422,290.0,1034.75,503.75
2025-10-23,65.98999786376953,61.790000915527344,4145.60009765625,5.081999778747559,2.4030001163482666,3.3440001010894775,1.926900029182434,48.481998443603516,428.0,50.869998931884766,292.29998779296875,1044.75,513.0
2025-10-24,65.94000244140625,61.5,4137.7998046875,5.093500137329102,2.40310001373291,3.303999900817871,1.922700047492981,48.37699890136719,423.25,50.27000045776367,294.1000061035156,1041.75,512.5
2025-10-27,65.62000274658203,61.310001373291016,4019.699951171875,5.140500068664551,2.4361000061035156,3.441999912261963,1.9204000234603882,46.5620002746582,428.75,50.77000045776367,298.20001220703125,1067.25,526.0
2025-10-28,64.4000015258789,60.150001525878906,3983.10009765625,5.140500068664551,2.387200117111206,3.3450000286102295,1.9251999855041504,47.125,432.0,50.2599983215332,306.5,1078.25,529.0
2025-10-29,64.91999816894531,60.47999954223633,4000.699951171875,5.233500003814697,2.424299955368042,3.375999927520752,1.9737000465393066,47.72100067138672,434.0,50.15999984741211,308.70001220703125,1080.25,532.25
2025-10-30,65.0,60.56999969482422,4015.89990234375,5.078000068664551,2.4600000381469727,3.9560000896453857,2.0034000873565674,48.428001403808594,430.25,49.650001525878906,315.6000061035156,1091.25,524.25
2025-10-31,65.06999969482422,60.97999954223633,3996.5,5.065499782562256,2.4312000274658203,4.124000072479248,1.9931000471115112,47.99399948120117,431.5,48.68000030517578,321.6000061035156,1099.75,534.0
2025-11-03,64.88999938964844,61.04999923706055,4014.0,5.046999931335449,2.4052999019622803,4.265999794006348,1.916100025177002,47.88800048828125,434.25,49.84000015258789,320.79998779296875,1119.75,543.5
2025-11-04,64.44000244140625,60.560001373291016,3960.5,4.926000118255615,2.4446001052856445,4.3429999351501465,1.9227999448776245,47.130001068115234,431.5,49.529998779296875,317.3999938964844,1108.25,550.25
2025-11-05,63.52000045776367,59.599998474121094,3992.89990234375,4.9629998207092285,2.432499885559082,4.23199987411499,1.9092999696731567,47.862998962402344,435.25,49.689998626708984,324.79998779296875,1119.75,554.75
2025-11-06,63.380001068115234,59.43000030517578,3991.0,4.945499897003174,2.4960999488830566,4.35699987411499,1.9656000137329102,47.79399871826172,428.75,49.349998474121094,312.70001220703125,1091.75,535.5
2025-11-07,63.630001068115234,59.75,4009.800048828125,4.938000202178955,2.482100009918213,4.315000057220459,1.9402999877929688,48.016998291015625,427.25,49.68000030517578,317.1000061035156,1101.75,527.75
2025-11-10,64.05999755859375,60.130001068115234,4122.0,5.086999893188477,2.5104000568389893,4.3379998207092285,1.9710999727249146,50.176998138427734,429.75,50.58000183105469,320.0,1116.0,535.75
2025-11-11,65.16000366210938,61.040000915527344,4116.2998046875,5.048500061035156,2.575700044631958,4.565000057220459,2.01200008392334,50.61800003051758,432.0,51.099998474121094,316.8999938964844,1113.25,536.0
2025-11-12,62.709999084472656,58.4900016784668,4213.60009765625,5.0894999504089355,2.481600046157837,4.5329999923706055,1.955399990081787,53.332000732421875,435.25,50.619998931884766,321.0,1120.5,536.0
2025-11-13,63.0099983215332,58.689998626708984,4194.5,5.087500095367432,2.4646999835968018,4.645999908447266,1.9596999883651733,53.07400131225586,441.5,50.25,328.3999938964844,1132.0,535.75
2025-11-14,64.38999938964844,60.09000015258789,4094.199951171875,5.049499988555908,2.531100034713745,4.565999984741211,2.0116000175476074,50.59000015258789,430.25,50.150001525878906,322.5,1112.75,527.25
2025-11-17,64.19999694824219,59.90999984741211,4074.5,5.0,2.546999931335449,4.361000061035156,1.9901000261306763,50.625,434.75,51.13999938964844,330.79998779296875,1157.25,544.25
2025-11-18,64.88999938964844,60.7400016784668,4066.5,4.962500095367432,2.7011001110076904,4.370999813079834,1.9993000030517578,50.45000076293945,436.75,52.16999816894531,327.0,1153.5,546.5
2025-11-19,63.5099983215332,59.439998626708984,4082.800048828125,5.007999897003174,2.635699987411499,4.550000190734863,1.9321000576019287,50.790000915527344,429.75,51.099998474121094,318.8999938964844,1136.25,536.75
2025-11-20,63.380001068115234,59.13999938964844,4060.0,4.959499835968018,2.5332999229431152,4.473999977111816,1.9184000492095947,50.24700164794922,426.5,50.65999984741211,314.0,1122.5,527.0
2025-11-21,62.560001373291016,58.060001373291016,4079.5,5.008500099182129,2.456399917602539,4.579999923706055,1.8833999633789062,49.87300109863281,425.5,50.2599983215332,315.1000061035156,1125.0,527.0
2025-11-24,63.369998931884766,58.84000015258789,4094.199951171875,4.961999893188477,2.406100034713745,4.548999786376953,1.8966000080108643,50.29499816894531,423.75,50.18000030517578,314.20001220703125,1123.25,522.25
2025-11-25,62.47999954223633,57.95000076293945,4140.0,4.999499797821045,2.353800058364868,4.423999786376953,1.857200026512146,50.933998107910156,423.5,50.29999923706055,317.0,1124.75,527.25
2025-11-26,63.130001068115234,58.650001525878906,4165.2001953125,5.104499816894531,2.325500011444092,4.558000087738037,1.8890000581741333,52.91600036621094,431.75,50.869998931884766,317.1000061035156,1131.5,529.0
2025-11-28,63.20000076293945,58.54999923706055,4254.89990234375,5.185500144958496,2.3329999446868896,4.849999904632568,1.895900011062622,56.44599914550781,435.5,51.7599983215332,314.3999938964844,1137.75,531.0
2025-12-01,63.16999816894531,59.31999969482422,4274.7998046875,5.218999862670898,2.3399999141693115,4.921000003814697,1.868899941444397,58.417999267578125,432.75,52.060001373291016,311.1000061035156,1128.0,530.25
2025-12-02,62.45000076293945,58.63999938964844,4220.7998046875,5.160999774932861,2.312700033187866,4.840000152587891,1.830299973487854,57.983001708984375,438.0,52.349998474121094,308.6000061035156,1124.75,537.75
2025-12-03,62.66999816894531,58.95000076293945,4232.5,5.308000087738037,2.300800085067749,4.994999885559082,1.8272000551223755,57.92100143432617,431.5,51.349998474121094,308.3999938964844,1115.75,537.75
2025-12-04,63.2599983215332,59.66999816894531,4243.0,5.291500091552734,2.3036999702453613,5.063000202178955,1.8271000385284424,56.84700012207031,437.75,51.529998779296875,308.5,1119.5,541.0
2025-12-05,63.75,60.08000183105469,4243.0,5.381999969482422,2.3629000186920166,5.289000034332275,1.8341000080108643,58.422000885009766,436.75,51.36000061035156,304.70001220703125,1105.25,537.5
2025-12-08,62.4900016784668,58.880001068115234,4217.7001953125,5.364500045776367,2.2981998920440674,4.9120001792907715,1.7980999946594238,57.77899932861328,436.25,50.900001525878906,303.6000061035156,1093.75,536.0
2025-12-09,61.939998626708984,58.25,4236.2001953125,5.240499973297119,2.2600998878479004,4.573999881744385,1.7897000312805176,60.16899871826172,440.75,50.72999954223633,298.20001220703125,1087.25,536.25
2025-12-10,62.209999084472656,58.459999084472656,4224.7001953125,5.2754998207092285,2.2730000019073486,4.59499979019165,1.781499981880188,60.37900161743164,434.75,50.810001373291016,298.20001220703125,1091.25,531.25
2025-12-11,61.279998779296875,57.599998474121094,4313.0,5.427000045776367,2.2288999557495117,4.230999946594238,1.7597999572753906,63.92900085449219,435.25,50.560001373291016,298.79998779296875,1093.5,534.5
2025-12-12,61.119998931884766,57.439998626708984,4328.2998046875,5.2835001945495605,2.197999954223633,4.11299991607666,1.7520999908447266,61.36199951171875,431.5,49.72999954223633,300.6000061035156,1076.75,534.5
2025-12-15,60.560001373291016,56.81999969482422,4335.2001953125,5.338500022888184,2.1805999279022217,4.01200008392334,1.732300043106079,62.939998626708984,439.75,49.47999954223633,303.5,1071.75,520.75
2025-12-16,58.91999816894531,55.27000045776367,4332.2998046875,5.2870001792907715,2.1285998821258545,3.885999917984009,1.680899977684021,62.70000076293945,436.5,48.36000061035156,302.3999938964844,1062.75,509.5
2025-12-17,59.68000030517578,55.939998626708984,4373.89990234375,5.363500118255615,2.1494998931884766,4.02400016784668,1.6943000555038452,66.23699951171875,440.5,48.52000045776367,298.20001220703125,1058.25,506.25
2025-12-18,59.81999969482422,56.150001525878906,4364.5,5.366499900817871,2.1315999031066895,3.9079999923706055,1.701300024986267,64.59200286865234,444.5,48.11000061035156,298.3999938964844,1052.25,507.75
2025-12-19,60.470001220703125,56.65999984741211,4387.2998046875,5.439499855041504,2.1219000816345215,3.9839999675750732,1.7081999778747559,66.84500122070312,443.75,47.900001525878906,297.6000061035156,1049.25,509.75
2025-12-22,62.06999969482422,58.0099983215332,4469.39990234375,5.4375,2.158099889755249,3.9649999141693115,1.7422000169754028,67.90599822998047,447.0,48.54999923706055,298.6000061035156,1053.25,515.5
2025-12-23,62.380001068115234,58.380001068115234,4505.7001953125,5.47599983215332,2.1905999183654785,4.4079999923706055,1.7431999444961548,70.48500061035156,447.5,48.29999923706055,301.1000061035156,1051.5,517.0
2025-12-24,62.2400016784668,58.349998474121094,4502.7998046875,5.498499870300293,2.157599925994873,4.242000102996826,1.7470999956130981,71.03099822998047,451.0,49.029998779296875,304.70001220703125,1063.25,521.75
2025-12-26,60.63999938964844,56.7400016784668,4552.7001953125,5.766499996185303,2.1070001125335693,4.366000175476074,1.697100043296814,76.48600006103516,450.0,48.720001220703125,303.70001220703125,1058.75,519.0
2025-12-29,61.939998626708984,58.08000183105469,4343.60009765625,5.490499973297119,2.127500057220459,4.686999797821045,1.7151999473571777,69.85600280761719,442.25,48.779998779296875,298.79998779296875,1049.5,513.0
2025-12-30,61.91999816894531,57.95000076293945,4386.2998046875,5.727499961853027,2.1505000591278076,3.9719998836517334,1.7209999561309814,77.3740005493164,440.5,48.93000030517578,296.70001220703125,1046.25,510.75
2025-12-31,60.849998474121094,57.41999816894531,4341.10009765625,5.630000114440918,2.1205999851226807,3.686000108718872,1.705399990081787,70.13400268554688,440.25,48.06999969482422,294.5,1030.5,507.0
2026-01-02,60.75,57.31999969482422,4329.60009765625,5.639999866485596,2.1150999069213867,3.618000030517578,1.698199987411499,70.55599975585938,437.5,48.869998931884766,291.0,1029.5,506.5
2026-01-05,61.7599983215332,58.31999969482422,4451.5,5.924499988555908,2.1428000926971436,3.5230000019073486,1.7200000286102295,76.16400146484375,444.5,49.470001220703125,294.8999938964844,1047.25,512.5
2026-01-06,60.70000076293945,57.130001068115234,4496.10009765625,6.010499954223633,2.0829999446868896,3.3499999046325684,1.700600028038025,80.52999877929688,444.0,49.0,294.70001220703125,1042.0,510.5
2026-01-07,59.959999084472656,55.9900016784668,4462.5,5.809000015258789,2.0566999912261963,3.5250000953674316,1.6944999694824219,77.13500213623047,446.75,48.81999969482422,301.5,1052.75,518.0
2026-01-08,61.9900016784668,57.7599983215332,4460.7001953125,5.746500015258789,2.119499921798706,3.4070000648498535,1.7603000402450562,74.71600341796875,446.0,49.029998779296875,300.3999938964844,1047.0,518.0
2026-01-09,63.34000015258789,59.119998931884766,4500.89990234375,5.855500221252441,2.134999990463257,3.1689999103546143,1.7805999517440796,78.88400268554688,445.75,49.2599983215332,300.0,1048.5,517.25
2026-01-12,63.869998931884766,59.5,4614.7001953125,5.985000133514404,2.154400110244751,3.4089999198913574,1.7937999963760376,84.61000061035156,421.5,49.81999969482422,294.6000061035156,1033.0,511.25
2026-01-13,65.47000122070312,61.150001525878906,4599.10009765625,5.96999979019165,2.2383999824523926,3.4189999103546143,1.8265000581741333,85.87699890136719,419.75,50.779998779296875,286.3999938964844,1023.25,510.5
2026-01-14,66.5199966430664,62.02000045776367,4635.7001953125,6.008999824523926,2.281899929046631,3.119999885559082,1.830399990081787,90.86900329589844,422.0,50.7599983215332,287.20001220703125,1030.5,512.5
2026-01-15,63.7599983215332,59.189998626708984,4623.7001953125,5.947999954223633,2.2083001136779785,3.128000020980835,1.7838000059127808,91.8759994506836,420.25,52.970001220703125,289.20001220703125,1053.0,510.5
2026-01-16,64.12999725341797,59.439998626708984,4595.39990234375,5.78849983215332,2.237600088119507,3.1029999256134033,1.7851999998092651,88.09100341796875,424.75,52.61000061035156,290.0,1057.75,518.0
2026-01-20,64.91999816894531,60.34000015258789,4765.7998046875,5.7729997634887695,2.3385000228881836,3.9070000648498535,1.823799967765808,94.20600128173828,423.75,52.560001373291016,291.6000061035156,1053.0,510.25
2026-01-21,65.23999786376953,60.619998931884766,4837.5,5.729499816894531,2.430500030517578,4.875,1.8573999404907227,92.20999908447266,421.75,54.0099983215332,291.3999938964844,1064.5,507.75
2026-01-22,64.05999755859375,59.36000061035156,4913.39990234375,5.742499828338623,2.36680006980896,5.045000076293945,1.817199945449829,95.97599792480469,424.0,53.779998779296875,296.20001220703125,1064.0,515.5
2026-01-23,65.87999725341797,61.06999969482422,4979.7001953125,5.910999774932861,2.428499937057495,5.275000095367432,1.8509999513626099,100.92500305175781,430.5,53.9900016784668,299.8999938964844,1067.75,529.5
2026-01-26,65.58999633789062,60.630001068115234,5082.5,5.984000205993652,2.568000078201294,6.800000190734863,1.820099949836731,115.08000183105469,428.25,53.88999938964844,294.29998779296875,1061.75,522.5
2026-01-27,67.56999969482422,62.38999938964844,5082.60009765625,5.828499794006348,2.646199941635132,6.953999996185303,1.8652000427246094,105.52300262451172,426.5,54.40999984741211,294.0,1067.25,523.25
2026-01-28,68.4000015258789,63.209999084472656,5303.60009765625,5.892499923706055,2.666100025177002,7.460000038146973,1.892300009727478,113.11100006103516,430.0,54.310001373291016,297.79998779296875,1075.0,536.0
2026-01-29,70.70999908447266,65.41999816894531,5318.39990234375,6.17549991607666,2.585400104522705,3.9179999828338623,1.9199999570846558,114.03700256347656,430.75,54.029998779296875,296.0,1072.25,541.5
2026-01-30,70.69000244140625,65.20999908447266,4745.10009765625,5.896999835968018,2.735599994659424,4.354000091552734,1.9227999448776245,78.29000091552734,428.25,53.5099983215332,293.6000061035156,1064.25,538.0
2026-02-02,66.30000305175781,62.13999938964844,4652.60009765625,5.801499843597412,2.359800100326538,3.236999988555908,1.8514000177383423,76.77799987792969,425.75,53.20000076293945,294.5,1060.25,527.75
2026-02-03,67.33000183105469,63.209999084472656,4935.0,6.0625,2.4093000888824463,3.311000108718872,1.8978999853134155,83.04199981689453,428.5,54.4900016784668,291.8999938964844,1065.75,528.75
2026-02-04,69.45999908447266,65.13999938964844,4950.7998046875,5.826000213623047,2.4700000286102295,3.4649999141693115,1.9651999473571777,84.16500091552734,429.5,55.65999984741211,296.20001220703125,1092.25,526.75
2026-02-05,67.55000305175781,63.290000915527344,4889.5,5.798999786376953,2.393199920654297,3.509000062942505,1.9265999794006348,76.52899932861328,435.0,55.650001525878906,303.20001220703125,1112.25,535.25
2026-02-06,68.05000305175781,63.54999923706055,4979.7998046875,5.863500118255615,2.413300037384033,3.421999931335449,1.9531999826431274,76.73500061035156,430.25,55.33000183105469,303.6000061035156,1115.25,529.75
2026-02-09,69.04000091552734,64.36000061035156,5079.39990234375,5.945000171661377,2.4168999195098877,3.138000011444092,1.9854999780654907,82.06500244140625,428.75,56.689998626708984,297.79998779296875,1110.75,528.75
2026-02-10,68.80000305175781,63.959999084472656,5031.0,5.895999908447266,2.3987998962402344,3.115000009536743,1.9592000246047974,80.21800231933594,428.75,57.27000045776367,300.79998779296875,1122.5,528.25
2026-02-11,69.4000015258789,64.62999725341797,5098.5,5.948999881744385,2.4403998851776123,3.1589999198913574,1.9788999557495117,83.75399780273438,427.5,57.04999923706055,303.0,1124.0,537.25
2026-02-12,67.5199966430664,62.84000015258789,4948.39990234375,5.770999908447266,2.392699956893921,3.2170000076293945,1.9158999919891357,75.5459976196289,431.25,57.540000915527344,307.8999938964844,1137.25,552.5
2026-02-13,67.75,62.88999938964844,5046.2998046875,5.792500019073486,2.3879001140594482,3.243000030517578,1.9110000133514404,77.85099792480469,431.75,57.08000183105469,309.20001220703125,1133.0,548.75
2026-02-17,67.41999816894531,62.33000183105469,4905.89990234375,5.632999897003174,2.3905999660491943,3.0309998989105225,1.9143999814987183,73.4469985961914,426.25,57.290000915527344,305.79998779296875,1134.0,537.75
2026-02-18,70.3499984741211,65.19000244140625,5009.5,5.793499946594238,2.518699884414673,3.010999917984009,1.968000054359436,77.50900268554688,427.0,58.59000015258789,303.8999938964844,1133.5,547.0
2026-02-19,71.66000366210938,66.43000030517578,4997.39990234375,5.730000019073486,2.6147000789642334,2.996000051498413,2.0065999031066895,77.56500244140625,425.75,59.68000030517578,304.79998779296875,1141.0,559.5
2026-02-20,71.76000213623047,66.38999938964844,5080.89990234375,5.830999851226807,2.5857999324798584,3.046999931335449,1.9973000288009644,82.28299713134766,427.5,58.91999816894531,309.79998779296875,1137.5,573.5
2026-02-23,71.48999786376953,66.30999755859375,5225.60009765625,5.7729997634887695,2.6782000064849854,2.984999895095825,1.9891999959945679,86.52300262451172,427.5,59.38999938964844,308.70001220703125,1134.25,569.5
2026-02-24,70.7699966430664,65.62999725341797,5176.2998046875,5.922999858856201,2.6868999004364014,2.9149999618530273,1.9714000225067139,87.45700073242188,427.75,60.029998779296875,310.70001220703125,1139.5,567.5
2026-02-25,70.8499984741211,65.41999816894531,5226.2001953125,5.979499816894531,2.6740000247955322,2.9690001010894775,1.9914000034332275,90.93900299072266,430.5,60.2599983215332,318.29998779296875,1148.25,565.75
2026-02-26,70.75,65.20999908447266,5194.2001953125,5.947000026702881,2.612499952316284,2.8269999027252197,2.0322999954223633,86.99800109863281,433.25,61.290000915527344,317.6000061035156,1147.75,571.75
2026-02-27,72.4800033569336,67.0199966430664,5247.89990234375,6.004499912261963,2.6709001064300537,2.8589999675750732,2.077899932861328,92.68199920654297,438.75,61.290000915527344,315.5,1157.25,591.25
2026-03-02,77.73999786376953,71.2300033569336,5311.60009765625,5.894499778747559,2.900399923324585,2.9600000381469727,2.3705999851226807,88.28399658203125,433.25,62.16999816894531,308.29998779296875,1150.0,574.5
2026-03-03,81.4000015258789,74.55999755859375,5123.7001953125,5.773499965667725,3.1868999004364014,3.053999900817871,2.45740008354187,82.9229965209961,434.25,62.27000045776367,310.5,1155.75,572.25
2026-03-04,81.4000015258789,74.66000366210938,5134.7001953125,5.855000019073486,3.293800115585327,2.9170000553131104,2.514899969100952,82.63300323486328,431.75,63.09000015258789,306.1000061035156,1154.5,566.75
2026-03-05,85.41000366210938,81.01000213623047,5078.7001953125,5.752999782562256,3.614300012588501,3.003000020980835,2.6709001064300537,81.68699645996094,441.5,65.31999969482422,305.6000061035156,1163.75,582.75
2026-03-06,92.69000244140625,90.9000015258789,5158.7001953125,5.756999969482422,3.6224000453948975,3.186000108718872,2.7465999126434326,83.81600189208984,447.0,66.20999908447266,313.1000061035156,1185.0,611.25
2026-03-09,98.95999908447266,94.7699966430664,5103.7001953125,5.80049991607666,3.5866000652313232,3.119999885559082,2.8083999156951904,84.03199768066406,437.5,65.75,308.79998779296875,1180.5,598.0
2026-03-10,87.80000305175781,83.44999694824219,5242.10009765625,5.9039998054504395,3.34660005569458,3.0199999809265137,2.6403000354766846,89.08300018310547,436.25,65.33000183105469,311.79998779296875,1187.25,584.75
2026-03-11,91.9800033569336,87.25,5179.10009765625,5.8454999923706055,3.678800106048584,3.2090001106262207,2.788300037384033,85.06500244140625,444.25,67.08000183105469,316.3999938964844,1200.5,588.5
2026-03-12,100.45999908447266,95.7300033569336,5125.7998046875,5.82450008392334,3.898900032043457,3.2330000400543213,2.964600086212158,84.66999816894531,448.25,67.33999633789062,319.8999938964844,1213.0,592.25
2026-03-13,103.13999938964844,98.70999908447266,5061.7001953125,5.7144999504089355,4.014699935913086,3.13100004196167,3.0413999557495117,80.91400146484375,452.5,67.33999633789062,319.8999938964844,1211.0,618.5
2026-03-16,100.20999908447266,93.5,5002.2001953125,5.790500164031982,3.8375000953674316,3.0230000019073486,3.0002999305725098,80.26300048828125,454.0,63.939998626708984,312.20001220703125,1155.25,597.25
2026-03-17,103.41999816894531,96.20999908447266,5008.2001953125,5.726500034332275,4.0157999992370605,3.0329999923706055,3.1233999729156494,79.52999877929688,454.0,65.97000122070312,311.70001220703125,1157.0,589.75
2026-03-18,107.37999725341797,96.31999969482422,4896.2001953125,5.553999900817871,4.197800159454346,3.065000057220459,3.0985000133514404,77.23799896240234,463.25,65.52999877929688,321.70001220703125,1161.75,604.25
2026-03-19,108.6500015258789,96.13999938964844,4605.7001953125,5.433000087738037,4.3420000076293945,3.1659998893737793,3.1270999908447266,70.9020004272461,469.75,65.41000366210938,332.5,1168.5,608.0
2026-03-20,112.19000244140625,98.31999969482422,4574.89990234375,5.34250020980835,4.608399868011475,3.0950000286102295,3.2862000465393066,69.36000061035156,465.5,65.51000213623047,328.0,1161.25,595.25
2026-03-23,99.94000244140625,88.12999725341797,4407.2998046875,5.439499855041504,4.056000232696533,2.8910000324249268,2.974900007247925,69.04900360107422,459.5,65.58000183105469,326.6000061035156,1163.5,587.75
2026-03-24,104.48999786376953,92.3499984741211,4402.0,5.422500133514404,4.290900230407715,2.943000078201294,3.1480000019073486,69.27400207519531,462.5,65.7300033569336,322.3999938964844,1155.0,590.0
2026-03-25,102.22000122070312,90.31999969482422,4552.2998046875,5.5289998054504395,4.00629997253418,2.9519999027252197,3.012399911880493,72.36100006103516,467.25,67.0999984741211,319.79998779296875,1171.75,597.75
2026-03-26,108.01000213623047,94.4800033569336,4376.2998046875,5.446499824523926,4.273399829864502,2.999000072479248,3.130199909210205,67.6709976196289,467.0,68.0199966430664,322.1000061035156,1173.75,605.0
2026-03-27,112.56999969482422,99.63999938964844,4492.5,5.4670000076293945,4.495500087738037,3.0950000286102295,3.2500998973846436,69.54499816894531,462.0,67.41000366210938,315.29998779296875,1159.25,605.0
2026-03-30,112.77999877929688,102.87999725341797,4526.0,5.47599983215332,4.364299774169922,2.88700008392334,3.3515000343322754,70.3239974975586,455.75,68.47000122070312,314.8999938964844,1159.75,607.0
2026-03-31,118.3499984741211,101.37999725341797,4647.60009765625,5.587500095367432,4.163400173187256,2.884000062942505,3.312299966812134,74.69000244140625,457.75,68.87999725341797,316.3999938964844,1171.0,616.25
2026-04-01,101.16000366210938,100.12000274658203,4813.10009765625,5.624000072479248,4.05679988861084,2.819000005722046,3.091399908065796,75.86699676513672,454.25,67.11000061035156,318.20001220703125,1168.5,597.5
2026-04-02,109.02999877929688,111.54000091552734,4679.7001953125,5.563000202178955,4.361100196838379,2.799999952316284,3.2880001068115234,72.73500061035156,452.25,68.94000244140625,315.20001220703125,1163.5,598.25
2026-04-06,109.7699966430664,112.41000366210938,4684.7001953125,5.583499908447266,4.328400135040283,2.811000108718872,3.308199882507324,72.66100311279297,454.0,69.94999694824219,316.6000061035156,1166.75,595.25
2026-04-07,109.2699966430664,112.94999694824219,4684.7001953125,5.54449987411499,4.477399826049805,2.869999885559082,3.3052000999450684,71.82599639892578,449.0,69.72000122070312,311.79998779296875,1158.25,598.0
2026-04-08,94.75,94.41000366210938,4777.2001953125,5.759500026702881,3.8083999156951904,2.7239999771118164,3.0058999061584473,75.2239990234375,447.25,67.41999816894531,314.1000061035156,1162.0,580.25
2026-04-09,95.91999816894531,97.87000274658203,4818.0,5.748000144958496,3.937000036239624,2.6700000762939453,3.000699996948242,76.2770004272461,444.0,67.69999694824219,317.6000061035156,1165.25,574.5
2026-04-10,95.19999694824219,96.56999969482422,4787.39990234375,5.870500087738037,3.7616000175476074,2.6480000019073486,3.0373001098632812,76.3239974975586,441.0,67.08999633789062,331.79998779296875,1175.75,571.0
2026-04-13,99.36000061035156,99.08000183105469,4767.39990234375,5.97599983215332,3.8341000080108643,2.627000093460083,3.115999937057495,75.52300262451172,440.25,66.5,331.8999938964844,1162.25,582.25
2026-04-14,94.79000091552734,91.27999877929688,4850.10009765625,6.070499897003174,3.624300003051758,2.5989999771118164,3.0394999980926514,79.39099884033203,443.0,66.44000244140625,329.70001220703125,1158.0,592.0
2026-04-15,94.93000030517578,91.29000091552734,4823.60009765625,6.072000026702881,3.753200054168701,2.609999895095825,3.069200038909912,79.49099731445312,451.25,67.5999984741211,334.3999938964844,1167.0,593.75
2026-04-16,99.38999938964844,94.69000244140625,4808.2998046875,6.066500186920166,3.832900047302246,2.6470000743865967,3.1637001037597656,78.60600280761719,448.5,69.33000183105469,332.70001220703125,1163.75,598.5
2026-04-17,90.37999725341797,83.8499984741211,4879.60009765625,6.103499889373779,3.39739990234375,2.6740000247955322,3.0048000812530518,81.73799896240234,448.75,68.16000366210938,331.79998779296875,1167.25,591.25
2026-04-20,95.4800033569336,89.61000061035156,4828.7998046875,6.035999774932861,3.5408999919891357,2.688999891281128,3.11680006980896,79.95099639892578,452.0,69.62999725341797,325.1000061035156,1165.75,597.0
2026-04-21,98.4800033569336,92.12999725341797,4719.60009765625,6.001500129699707,3.728800058364868,2.697000026702881,3.2098000049591064,76.41100311279297,453.75,72.13999938964844,325.29998779296875,1174.5,605.0
2026-04-22,101.91000366210938,92.95999908447266,4753.0,6.119999885559082,3.9379000663757324,2.7219998836517334,3.3578999042510986,77.89299774169922,454.25,71.68000030517578,320.6000061035156,1164.5,599.25
2026-04-23,105.06999969482422,95.8499984741211,4724.0,6.075500011444092,3.9881999492645264,2.614000082015991,3.462100028991699,75.46499633789062,455.5,71.66000366210938,320.6000061035156,1159.75,610.75
2026-04-24,105.33000183105469,94.4000015258789,4740.89990234375,6.023499965667725,3.887399911880493,2.5230000019073486,3.462599992752075,76.38300323486328,455.0,71.91000366210938,324.29998779296875,1163.75,608.25
2026-04-27,108.2300033569336,96.37000274658203,4693.7001953125,6.01800012588501,3.9746999740600586,2.549999952316284,3.490999937057495,75.00299835205078,460.75,72.26000213623047,333.79998779296875,1177.25,621.5
2026-04-28,111.26000213623047,99.93000030517578,4608.39990234375,5.9145002365112305,3.9711999893188477,2.559000015258789,3.5604000091552734,73.20500183105469,465.25,73.37999725341797,333.3999938964844,1173.0,649.0
2026-04-29,118.02999877929688,106.87999725341797,4561.5,5.878499984741211,4.198699951171875,2.6470000743865967,3.7411000728607178,71.56900024414062,466.5,75.30999755859375,328.0,1182.25,642.25
2026-04-30,114.01000213623047,105.06999969482422,4629.60009765625,5.926000118255615,4.138400077819824,2.7669999599456787,3.7715001106262207,73.53399658203125,464.75,76.36000061035156,322.29998779296875,1182.0,623.75
2026-05-01,108.16999816894531,101.94000244140625,4644.5,5.932000160217285,3.9463999271392822,2.7799999713897705,3.5952000617980957,75.95099639892578,468.25,76.6500015258789,320.79998779296875,1187.75,624.5
2026-05-04,114.44000244140625,106.41999816894531,4533.2998046875,5.795000076293945,4.073200225830078,2.867000102996826,3.7381999492645264,73.0719985961914,473.75,78.0199966430664,320.70001220703125,1207.5,629.5
2026-05-05,109.87000274658203,102.2699966430664,4568.5,5.942999839782715,4.030200004577637,2.7880001068115234,3.6205999851226807,73.10800170898438,465.5,78.4000015258789,322.6000061035156,1195.75,616.5
2026-05-06,101.2699966430664,95.08000183105469,4694.2998046875,6.136499881744385,3.785599946975708,2.7300000190734863,3.4593000411987305,76.81099700927734,452.75,76.51000213623047,319.79998779296875,1179.0,606.0
2026-05-07,100.05999755859375,94.80999755859375,4710.89990234375,6.127500057220459,3.8166000843048096,2.7690000534057617,3.4560000896453857,79.70099639892578,452.75,75.08999633789062,321.29998779296875,1177.0,601.75
2026-05-08,101.29000091552734,95.41999816894531,4730.7001953125,6.249000072479248,3.8991000652313232,2.756999969482422,3.526700019836426,80.3949966430664,456.25,75.26000213623047,322.5,1194.25,607.5
2026-05-11,104.20999908447266,98.06999969482422,4728.7001953125,6.41349983215332,3.968600034713745,2.9100000858306885,3.5998001098632812,85.48500061035156,460.75,74.68000030517578,327.8999938964844,1199.75,622.25
2026-05-12,107.7699966430664,102.18000030517578,4686.7001953125,6.485000133514404,4.15880012512207,2.8429999351501465,3.697700023651123,85.12999725341797,467.25,76.30000305175781,332.8999938964844,1213.5,665.0
2026-05-13,105.62999725341797,101.0199966430664,4706.7001953125,6.635499954223633,3.9667000770568848,2.864000082015991,3.6187000274658203,88.88800048828125,466.5,75.26000213623047,342.70001220703125,1215.25,665.0
2026-05-14,105.72000122070312,101.16999816894531,4685.2998046875,6.567500114440918,3.905600070953369,2.8940000534057617,3.6057000160217285,84.91200256347656,451.5,74.81999969482422,342.70001220703125,1174.5,647.0
2026-05-15,109.26000213623047,105.41999816894531,4561.89990234375,6.251500129699707,4.053400039672852,2.9600000381469727,3.701900005340576,77.16100311279297,455.75,73.87999725341797,334.29998779296875,1177.0,635.75
2026-05-18,112.0999984741211,108.66000366210938,4558.0,6.271999835968018,4.114500045776367,3.0239999294281006,3.760699987411499,77.072998046875,477.0,75.62999725341797,334.5,1213.0,664.5
2026-05-19,111.27999877929688,107.7699966430664,4511.2001953125,6.164999961853027,4.162499904632568,3.114000082015991,3.696199893951416,74.8280029296875,475.25,75.44000244140625,332.29998779296875,1209.5,667.25
2026-05-20,105.0199966430664,98.26000213623047,4535.2998046875,6.290500164031982,3.9470999240875244,3.003999948501587,3.4874000549316406,75.85099792480469,465.75,74.66000366210938,330.8999938964844,1199.75,660.5
2026-05-21,102.58000183105469,96.3499984741211,4542.5,6.256999969482422,3.8315999507904053,3.0179998874664307,3.3796000480651855,76.41400146484375,462.25,73.87000274658203,328.3999938964844,1194.25,647.5
2026-05-22,103.54000091552734,96.5999984741211,4523.2001953125,6.3420000076293945,3.8877999782562256,2.9070000648498535,3.453900098800659,75.89299774169922,463.25,73.9800033569336,331.8999938964844,1196.5,646.25
2026-05-26,99.58000183105469,93.88999938964844,4502.2998046875,6.361000061035156,3.714600086212158,2.8940000534057617,3.2204999923706055,76.30500030517578,457.5,74.36000061035156,328.6000061035156,1186.0,635.5
2026-05-27,94.29000091552734,88.68000030517578,4448.39990234375,6.304999828338623,3.5975000858306885,3.0399999618530273,3.133699893951416,74.5989990234375,452.5,75.26000213623047,330.6000061035156,1185.25,622.5
2026-05-28,93.70999908447266,88.9000015258789,4499.2998046875,6.395999908447266,3.6187000274658203,3.2850000858306885,3.1851999759674072,75.6449966430664,455.75,76.69999694824219,334.1000061035156,1194.5,624.0
2026-05-29,92.05000305175781,87.36000061035156,4593.0,6.359499931335449,3.5373001098632812,3.2899999618530273,3.126699924468994,75.61599731445312,446.75,77.72000122070312,329.79998779296875,1186.75,610.5
2026-06-01,94.9800033569336,92.16000366210938,4506.2998046875,6.52400016784668,3.639400005340576,3.178999900817871,3.084700107574463,75.00700378417969,444.0,79.08999633789062,326.5,1180.75,608.75
2026-06-02,96.0,93.76000213623047,4519.89990234375,6.649499893188477,3.698699951171875,3.1670000553131104,3.1442999839782715,75.31099700927734,440.5,78.41000366210938,326.20001220703125,1165.25,603.0
2026-06-03,97.80999755859375,96.0199966430664,4466.89990234375,6.480999946594238,3.848099946975708,3.2139999866485596,3.1315999031066895,73.47599792480469,431.5,78.70999908447266,320.79998779296875,1154.0,587.25
2026-06-04,95.02999877929688,93.04000091552734,4505.0,6.511000156402588,3.673799991607666,3.3359999656677246,3.038300037384033,73.77899932861328,424.5,76.29000091552734,313.70001220703125,1129.5,581.75
2026-06-05,93.08999633789062,90.54000091552734,4365.2998046875,6.263500213623047,3.587399959564209,3.2290000915527344,3.0459001064300537,68.94300079345703,417.5,74.12000274658203,308.5,1121.5,580.0
2026-06-08,94.25,91.30000305175781,4363.39990234375,6.329500198364258,3.599900007247925,3.1470000743865967,3.0706000328063965,68.42500305175781,418.75,74.55999755859375,302.70001220703125,1115.75,583.25
2026-06-09,91.44999694824219,88.19999694824219,4286.39990234375,6.302499771118164,3.541800022125244,3.140000104904175,3.0211000442504883,65.09400177001953,419.5,74.91000366210938,301.1000061035156,1113.75,585.25
2026-06-10,93.0999984741211,90.02999877929688,4133.2998046875,6.249000072479248,3.612600088119507,3.184999942779541,3.1098999977111816,64.5989990234375,419.0,75.33000183105469,301.8999938964844,1123.0,587.5
2026-06-11,90.37999725341797,87.70999908447266,4114.0,6.258999824523926,3.5130999088287354,3.0869998931884766,3.1013998985290527,63.8849983215332,411.75,74.44999694824219,301.70001220703125,1115.0,586.75
2026-06-12,87.33000183105469,84.87999725341797,4238.7998046875,6.430500030517578,3.404400110244751,3.119999885559082,3.049799919128418,67.85900115966797,412.75,74.27999877929688,301.29998779296875,1113.5,584.5
2026-06-15,83.16999816894531,80.75,4351.60009765625,6.482500076293945,3.2664999961853027,3.1470000743865967,2.947200059890747,70.06600189208984,415.5,74.37000274658203,302.0,1119.25,589.75
2026-06-16,78.95999908447266,76.05000305175781,4354.39990234375,6.488999843597412,3.1702001094818115,3.239000082015991,2.880500078201294,69.89900207519531,413.75,72.91999816894531,304.79998779296875,1130.0,596.0
2026-06-17,79.55000305175781,76.79000091552734,4381.39990234375,6.481500148773193,3.1946001052856445,3.1449999809265137,2.909600019454956,70.69599914550781,421.0,71.54000091552734,304.79998779296875,1132.0,612.75
2026-06-18,79.8499984741211,76.5999984741211,4245.89990234375,6.374499797821045,3.1273000240325928,3.2330000400543213,2.9948999881744385,66.25499725341797,417.5,69.69000244140625,301.29998779296875,1122.75,605.75
2026-06-22,77.9000015258789,74.81999969482422,4202.7001953125,6.356500148773193,3.093100070953369,3.253000020980835,2.986999988555908,65.5270004272461,411.5,71.1500015258789,299.79998779296875,1115.75,597.5
2026-06-23,77.08000183105469,73.20999908447266,4149.39990234375,6.140999794006348,3.154599905014038,3.1470000743865967,2.9590001106262207,62.02000045776367,409.75,70.58999633789062,302.8999938964844,1117.0,586.75
2026-06-24,73.73999786376953,70.33999633789062,4008.800048828125,5.942999839782715,3.1761999130249023,3.2209999561309814,2.8817999362945557,58.051998138427734,407.0,69.45999908447266,303.6000061035156,1108.75,585.75
2026-06-25,75.26000213623047,71.91999816894531,4047.60009765625,6.070499897003174,3.2981998920440674,3.3429999351501465,3.0272998809814453,58.347999572753906,414.75,70.80999755859375,308.20001220703125,1127.5,591.0
2026-06-26,71.98999786376953,69.2300033569336,4096.2998046875,6.141499996185303,3.208199977874756,3.2309999465942383,2.9570999145507812,59.21699905395508,412.75,71.30000305175781,307.0,1126.25,578.25
2026-06-29,73.1500015258789,70.75,4038.89990234375,6.097499847412109,3.331700086593628,3.180999994277954,3.0613999366760254,58.17499923706055,402.0,69.06999969482422,304.70001220703125,1108.75,569.5
2026-06-30,72.91999816894531,69.5,4038.5,6.192500114440918,3.316800117492676,3.2750000953674316,3.014400005340576,59.47700119018555,412.75,66.73999786376953,304.70001220703125,1116.75,580.75
2026-07-01,71.56999969482422,68.58000183105469,4082.39990234375,6.123499870300293,3.217900037765503,3.2200000286102295,2.945199966430664,60.084999084472656,421.0,67.0199966430664,306.6000061035156,1126.25,592.0
2026-07-02,71.80000305175781,68.69000244140625,4125.7001953125,6.114500045776367,3.1821999549865723,3.196000099182129,2.91729998588562,60.643001556396484,425.0,66.94999694824219,307.70001220703125,1131.75,590.5
2026-07-06,71.98999786376953,68.55000305175781,4167.5,6.177999973297119,3.2983999252319336,3.244999885559082,3.0032999515533447,61.91999816894531,440.75,68.1500015258789,315.0,1182.25,606.0
2026-07-07,74.16000366210938,70.44000244140625,4157.39990234375,6.171500205993652,3.3017001152038574,3.265000104904175,2.953900098800659,60.930999755859375,442.5,68.79000091552734,318.3999938964844,1196.75,609.25
2026-07-08,78.0199966430664,73.5199966430664,4082.39990234375,6.054500102996826,3.6575000286102295,3.2119998931884766,3.1033999919891357,58.16400146484375,434.75,71.38999938964844,314.5,1195.0,599.5
2026-07-09,76.30000305175781,72.08000183105469,4140.7998046875,6.215000152587891,3.5715999603271484,3.01200008392334,3.0387001037597656,60.37799835205078,427.75,70.44999694824219,319.5,1179.75,611.25
2026-07-10,76.01000213623047,71.41000366210938,4113.7001953125,6.233500003814697,3.553299903869629,2.940000057220459,2.984600067138672,59.808998107910156,438.0,70.86000061035156,323.1000061035156,1196.5,632.0
2026-07-13,83.30000305175781,78.13999938964844,4005.699951171875,6.232999801635742,3.8236000537872314,2.8970000743865967,3.166300058364868,57.63399887084961,437.75,73.04000091552734,316.79998779296875,1202.0,627.0
2026-07-14,84.7300033569336,79.33999633789062,4069.699951171875,6.329999923706055,4.0142998695373535,2.9040000438690186,3.227299928665161,58.77199935913086,433.75,73.04000091552734,319.6000061035156,1207.25,631.25
2026-07-15,84.94999694824219,79.5999984741211,4051.800048828125,6.293499946594238,3.9482998847961426,2.9240000247955322,3.3008999824523926,57.11000061035156,447.5,72.91999816894531,318.8999938964844,1202.25,677.5
2026-07-16,84.2300033569336,78.94999694824219,3992.10009765625,6.296000003814697,4.030700206756592,2.8580000400543213,3.2846999168395996,55.89799880981445,441.5,72.43000030517578,322.8999938964844,1195.0,674.75
2026-07-17,88.0999984741211,82.48999786376953,4018.800048828125,6.21999979019165,4.064599990844727,2.9110000133514404,3.392699956893921,56.03799819946289,444.75,74.80999755859375,320.20001220703125,1204.5,682.75
2026-07-20,89.22000122070312,83.2300033569336,4015.89990234375,6.298999786376953,4.11899995803833,2.859999895095825,3.3889999389648438,56.801998138427734,449.5,74.68000030517578,323.5,1226.0,674.0
2026-07-21,91.01000213623047,84.91000366210938,4076.39990234375,6.511000156402588,4.1265997886657715,2.865000009536743,3.405900001525879,58.834999084472656,452.75,74.30000305175781,326.70001220703125,1219.5,678.0
2026-07-22,94.06999969482422,86.83000183105469,4151.89990234375,6.451000213623047,4.148799896240234,2.924999952316284,3.4147000312805176,60.01900100708008,462.0,75.4800033569336,331.6000061035156,1233.0,705.75
2026-07-23,100.69000244140625,92.19000244140625,4050.199951171875,6.304999828338623,4.341599941253662,2.9159998893737793,3.4964001178741455,57.79800033569336,464.0,75.58999633789062,329.8999938964844,1237.5,696.25
2026-07-24,96.77999877929688,89.30999755859375,4070.800048828125,6.320000171661377,4.180600166320801,2.871000051498413,3.395900011062622,58.65599822998047,464.25,74.33000183105469,331.29998779296875,1248.0,678.0
2026-07-27,88.36000061035156,82.61000061035156,4077.0,6.339000225067139,4.111599922180176,2.7669999599456787,3.3273000717163086,58.47200012207031,451.75,71.45999908447266,320.79998779296875,1208.5,660.0
2026-07-28,84.08999633789062,79.26000213623047,4038.699951171875,6.322000026702881,4.150899887084961,2.6619999408721924,3.3345000743865967,57.29600143432617,458.5,70.76000213623047,320.29998779296875,1212.0,662.5
2026-07-29,90.73999786376953,84.45999908447266,4036.300048828125,6.273499965667725,4.370100021362305,2.7249999046325684,3.3977999687194824,57.862998962402344,449.0,69.16999816894531,315.29998779296875,1178.0,660.75
2026-07-30,89.02999877929688,83.58999633789062,4100.10009765625,6.444499969482422,4.209400177001953,2.757999897003174,3.2846999168395996,58.814998626708984,445.75,68.3499984741211,314.1000061035156,1177.25,663.5
2026-07-31,90.12000274658203,84.66999816894531,4107.0,6.435999870300293,4.121500015258789,2.746999979019165,3.22160005569458,57.590999603271484,440.75,67.12000274658203,312.20001220703125,1172.0,639.25
2026-08-03,83.7699966430664,80.33999633789062,4090.5,6.513999938964844,3.87719988822937,2.7809998989105225,2.9667000770568848,57.66699981689453,449.25,68.69000244140625,313.3999938964844,1168.75,651.0
2026-08-04,79.36000061035156,75.7699966430664,4152.60009765625,6.618500232696533,3.7704999446868896,2.681999921798706,2.8522000312805176,60.055999755859375,442.25,68.18000030517578,310.6000061035156,1155.0,638.5
2026-08-05,79.44999694824219,75.22000122070312,4305.2001953125,6.703000068664551,3.7962000370025635,2.687999963760376,2.8387999534606934,62.0989990234375,436.75,67.75,309.29998779296875,1151.5,642.25
2026-08-06,82.48999786376953,77.29000091552734,4299.60009765625,6.686999797821045,3.881999969482422,2.640000104904175,2.938499927520752,61.43899917602539,439.0,67.69999694824219,310.70001220703125,1157.25,631.25
2026-08-07,83.55000305175781,78.18000030517578,4399.7001953125,6.570499897003174,3.902400016784668,2.6619999408721924,2.985300064086914,63.332000732421875,439.0,68.16000366210938,308.1000061035156,1156.5,639.75
2026-08-10,87.72000122070312,82.12999725341797,4419.7001953125,6.5945000648498535,4.189799785614014,2.7939999103546143,3.1354000568389893,65.10600280761719,438.25,69.45999908447266,303.70001220703125,1157.75,640.5
2026-08-11,88.91000366210938,83.19999694824219,4441.10009765625,6.611999988555908,4.252500057220459,2.7669999599456787,3.1366000175476074,64.76899719238281,436.75,68.44999694824219,303.3999938964844,1147.5,630.25
2026-08-12,88.9800033569336,83.2699966430664,4467.5,6.5970001220703125,4.303999900817871,2.803999900817871,3.153700113296509,65.55500030517578,457.0,68.95999908447266,311.0,1164.75,652.75
2026-08-13,87.06999969482422,81.25,4420.39990234375,6.59250020980835,4.2505998611450195,2.7269999980926514,3.128000020980835,64.87300109863281,448.0,68.66999816894531,309.8999938964844,1168.25,652.75
2026-08-14,88.5199966430664,82.4000015258789,4437.2998046875,6.5995001792907715,4.282899856567383,2.7330000400543213,3.1840999126434326,64.98799896240234,459.0,69.05000305175781,308.70001220703125,1173.75,674.75
2026-08-17,90.87000274658203,84.5,4473.7001953125,6.604000091552734,4.437099933624268,2.690000057220459,3.2701001167297363,66.12100219726562,465.0,71.44000244140625,312.1000061035156,1201.0,674.75
2026-08-18,91.0199966430664,84.94000244140625,4420.60009765625,6.482500076293945,4.450099945068359,2.7760000228881836,3.3017001152038574,63.941001892089844,463.25,69.69000244140625,313.0,1200.75,664.5
2026-08-19,91.62000274658203,85.83000183105469,4545.2998046875,6.487500190734863,4.452300071716309,2.813999891281128,3.2551000118255615,65.73400115966797,473.0,69.86000061035156,318.8999938964844,1222.25,680.25
2026-08-20,93.77999877929688,87.83000183105469,4571.39990234375,6.460000038146973,4.480299949645996,2.7330000400543213,3.2629001140594482,68.0260009765625,478.75,71.18000030517578,315.70001220703125,1220.75,682.75
2026-08-21,94.38999938964844,87.05999755859375,4680.60009765625,6.579500198364258,4.494800090789795,2.7730000019073486,3.347899913787842,69.46600341796875,483.75,69.3499984741211,317.70001220703125,1225.0,681.5
2026-08-24,92.16999816894531,85.01000213623047,4697.7998046875,6.598999977111816,4.2677001953125,2.7820000648498535,3.2708001136779785,68.54100036621094,491.5,67.12999725341797,320.29998779296875,1216.0,681.75
2026-08-25,88.58000183105469,82.36000061035156,4694.5,6.709499835968018,4.243800163269043,2.7699999809265137,3.2528998851776123,68.63600158691406,500.5,67.5199966430664,320.29998779296875,1228.0,685.5
2026-08-26,87.83999633789062,82.2300033569336,4653.2998046875,6.5945000648498535,4.260000228881836,2.8420000076293945,3.3201000690460205,67.98999786376953,514.0,67.22000122070312,328.70001220703125,1254.25,730.5
2026-08-27,89.69999694824219,83.52999877929688,4664.0,6.586999893188477,4.27869987487793,2.9070000648498535,3.384200096130371,69.42900085449219,510.25,68.0,330.20001220703125,1256.5,742.75
2026-08-28,89.30999755859375,83.4000015258789,4529.89990234375,6.561999797821045,4.3566999435424805,2.888000011444092,3.4899001121520996,66.99500274658203,512.0,70.58999633789062,338.20001220703125,1276.25,767.0
2026-08-31,90.48999786376953,85.76000213623047,4481.5,6.593500137329102,4.495299816131592,2.934999942779541,3.437000036239624,66.22100067138672,515.0,70.5,334.6000061035156,1275.25,756.5
2026-09-01,94.6500015258789,90.22000122070312,4396.39990234375,6.506499767303467,4.677299976348877,2.9040000438690186,3.1350998878479004,64.61799621582031,521.5,72.37000274658203,342.0,1306.75,764.0
2026-09-02,95.62999725341797,91.01000213623047,4414.60009765625,6.500999927520752,4.682199954986572,2.9560000896453857,3.103800058364868,64.7229995727539,518.75,70.5,339.20001220703125,1301.75,754.75
2026-09-03,95.5199966430664,91.30000305175781,4539.89990234375,6.577000141143799,4.593599796295166,2.9130001068115234,3.1349000930786133,66.9729995727539,515.25,69.5,345.20001220703125,1306.25,736.0
2026-09-04,96.27999877929688,91.4800033569336,4476.60009765625,6.5970001220703125,4.540200233459473,2.9749999046325684,3.214600086212158,66.0469970703125,512.0,68.77999877929688,345.29998779296875,1293.75,716.0
2026-09-08,97.91999816894531,93.02999877929688,4439.0,6.738999843597412,4.567800045013428,2.9159998893737793,3.252500057220459,66.2969970703125,511.0,70.18000030517578,341.79998779296875,1302.5,730.25
2026-09-09,101.20999908447266,96.05000305175781,4460.7001953125,6.803500175476074,4.801000118255615,2.822000026702881,3.210599899291992,67.94200134277344,507.75,70.01000213623047,343.29998779296875,1295.25,711.25
2026-09-10,107.62999725341797,102.4800033569336,4407.2998046875,6.4670000076293945,5.057499885559082,2.8340001106262207,3.393199920654297,64.28399658203125,514.0,71.27999877929688,348.79998779296875,1316.0,723.25
2026-09-11,104.61000061035156,100.05000305175781,4408.89990234375,6.4695000648498535,4.9593000411987305,2.8310000896453857,3.3071999549865723,64.55400085449219,510.25,69.01000213623047,347.0,1280.25,707.0
2026-09-14,105.68000030517578,101.38999938964844,4351.89990234375,6.329999923706055,4.96150016784668,2.8959999084472656,3.3171000480651855,63.51300048828125,512.0,69.36000061035156,349.70001220703125,1285.25,707.0
2026-09-15,108.75,105.83000183105469,4332.7998046875,6.368500232696533,5.26200008392334,2.9189999103546143,3.4651999473571777,63.236000061035156,535.75,69.87999725341797,360.1000061035156,1318.75,728.5
2026-09-16,105.83000183105469,102.43000030517578,4387.5,6.43149995803833,5.246500015258789,2.8910000324249268,3.484999895095825,64.28800201416016,534.25,69.19000244140625,360.8999938964844,1320.5,730.75
2026-09-17,104.81999969482422,101.91000366210938,4399.7001953125,6.58650016784668,5.113900184631348,2.9010000228881836,3.5072999000549316,65.47000122070312,530.5,68.68000030517578,368.70001220703125,1319.75,727.0
2026-09-18,103.87000274658203,100.30000305175781,4424.89990234375,6.614999771118164,5.057799816131592,2.9119999408721924,3.527600049972534,66.55599975585938,527.5,67.69999694824219,354.6000061035156,1303.5,714.25
2026-09-21,100.33999633789062,95.77999877929688,4383.89990234375,6.686500072479248,4.889500141143799,2.8359999656677246,3.469899892807007,65.82499694824219,543.0,68.31999969482422,366.6000061035156,1328.0,726.75
2026-09-22,99.25,94.58999633789062,4376.39990234375,6.759500026702881,4.9421000480651855,2.9649999141693115,3.487499952316284,65.93199920654297,536.75,67.37000274658203,368.8999938964844,1325.5,717.25
2026-09-23,103.08000183105469,92.16000366210938,4318.39990234375,6.677999973297119,4.776400089263916,3.0230000019073486,3.5869998931884766,64.38200378417969,529.0,67.25,370.29998779296875,1318.0,708.5
2026-09-24,106.5999984741211,94.61000061035156,4298.0,6.718500137329102,4.730299949645996,3.296999931335449,3.5645999908447266,63.457000732421875,527.5,66.93000030517578,376.1000061035156,1317.5,707.0
2026-09-25,104.31999969482422,92.41000366210938,4321.2001953125,6.695499897003174,4.684700012207031,3.196000099182129,3.393399953842163,64.24500274658203,528.25,67.26000213623047,373.8999938964844,1319.0,703.25
2026-09-28,105.27999877929688,92.5999984741211,4168.39990234375,6.565999984741211,4.755300045013428,3.0,3.3376998901367188,61.220001220703125,523.0,67.11000061035156,361.70001220703125,1288.25,688.75
2026-09-29,102.58999633789062,89.37999725341797,4179.7001953125,6.543499946594238,4.897900104522705,3.010999917984009,3.2781999111175537,60.667999267578125,522.0,67.8499984741211,360.1000061035156,1297.75,692.75
2026-09-30,103.52999877929688,90.41999816894531,4186.7001953125,6.559000015258789,4.956900119781494,3.0260000228881836,3.4377999305725098,60.097999572753906,500.75,67.8499984741211,357.1000061035156,1293.0,675.75
2026-10-01,102.30999755859375,92.87000274658203,4202.2998046875,6.48199987411499,4.642000198364258,2.9670000076293945,3.402600049972534,60.724998474121094,502.25,66.97000122070312,352.1000061035156,1284.0,682.75
2026-10-02,102.25,91.11000061035156,4162.2998046875,6.492000102996826,4.501100063323975,3.0350000858306885,3.3124001026153564,59.97700119018555,497.75,68.20999908447266,344.70001220703125,1278.25,683.0
2026-10-05,100.31999969482422,89.43000030517578,4156.7998046875,6.5854997634887695,4.545199871063232,3.065999984741211,3.2462000846862793,60.86899948120117,497.25,68.94999694824219,345.8999938964844,1280.75,692.25
2026-10-06,100.58000183105469,89.44000244140625,4187.10009765625,6.5945000648498535,4.569399833679199,3.114000082015991,3.273200035095215,61.167999267578125,508.0,69.58000183105469,353.3999938964844,1303.0,704.25
2026-10-07,100.19999694824219,88.27999877929688,4140.7001953125,6.596499919891357,4.622700214385986,3.203000068664551,3.2342000007629395,59.89899826049805,502.0,67.41999816894531,365.8999938964844,1297.5,686.5
2026-10-08,104.27999877929688,91.48999786376953,4157.0,6.519000053405762,4.882900238037109,3.1679999828338623,3.315999984741211,59.06399917602539,500.25,67.62000274658203,360.70001220703125,1287.5,683.25
2026-10-09,104.43000030517578,91.66000366210938,4220.2998046875,6.710999965667725,4.682799816131592,3.2039999961853027,3.1361000537872314,61.11000061035156,480.5,68.02999877929688,365.3999938964844,1292.25,670.75
