Date,BZ=F,CL=F,GC=F,HG=F,HO=F,NG=F,RB=F,SI=F,ZB=F,ZC=F,ZL=F,ZM=F,ZN=F,ZS=F,ZW=F
2018-01-03,0.019077612271119593,0.020871329443820752,0.0019030220696665268,-0.005835397162438194,0.014380171319925639,-0.01570683814288465,0.0194543526332569,0.0037380512202362937,0.0037067545304778626,-0.0007077140835102247,0.011383979666224286,0.0028707939281797934,0.000757958564931771,0.004973821989528782,0.005767012687427853
2018-01-04,0.0033903798547985087,0.006165783657832158,0.002431297189563253,0.0016991282733207491,-0.005268273989983863,-0.04255312065993755,0.005174136823665965,0.0002327442657727996,0.0,-0.005665722379603388,-0.0005923176558232379,0.0044529068818790485,-0.0008836152486745297,-0.0005209690023443292,-0.004587155963302725
2018-01-05,-0.006610796977517874,-0.009192061123250883,0.0006821467313995466,-0.010948357397126518,-0.008810697590755479,-0.029513900961588457,-0.011568058429245576,0.0009308713972702165,-0.003282724661469061,0.0007122507122507837,-0.0026674614140677066,0.006649797924920486,-0.0012634238787112562,0.0023455824863174435,-0.00748847926267282
2018-01-08,0.002366105090448656,0.004720067089996283,-0.0012876415809394137,-0.001870920464469461,-0.006460475002704191,0.014311256086284585,0.0033598622624693153,-0.008195335559774364,-0.00061753808151499,-0.011387900355871894,-0.0065379260245778115,-0.0012582381382951757,-0.00025300442757747454,-0.0033801352054082523,-0.006964596633778242
2018-01-09,0.015343773004684813,0.01992547466964978,-0.005232841302758584,-0.0020306172359875196,0.01016921611991295,0.03104058481259364,0.02477953799648036,-0.007501075845726568,-0.009886714727085466,0.005039596832253412,0.00358955820488549,-0.009448818897637823,-0.003542958370239102,-0.002608922515001333,0.010520163646990044
2018-01-10,0.005521610797777354,0.009688701067691152,0.004345561831495814,0.006417262445681304,0.007017666537314504,-0.005816010194494292,-0.001906102136691179,0.0015941496565849977,-0.0010401497815685223,0.0,-0.007749577569170274,-0.005087459788602922,-0.0003809523809523707,-0.009155113784985569,0.0046269519953729965
2018-01-11,0.0008671270322910818,0.0036180516492130277,0.0024289897620870526,-0.00046652918232359397,-0.0019224052742449205,0.0612526558526143,0.0023462641186611233,-0.004067691258005657,0.002498958767180426,-0.0007163323782235498,-0.00961248681356941,-0.010546461672544694,0.00101626016260159,-0.00686378035902846,-0.0023028209556706924
2018-01-12,0.00880740097512156,0.007837050480822283,0.00969260113945225,-0.004201019171717446,0.003996757406251161,0.03761346721675074,0.006804533690835779,0.010358775525918018,0.0004154549231407678,-0.007168458781361964,-0.0012132518667371528,0.0006459356767138935,-0.001522842639593902,0.0037214247740564588,-0.029428736295441404
2018-01-16,-0.010304868933733502,-0.008864750893754492,0.001499924976286815,-0.000312551851383569,-0.010359715882816478,-0.022187530663795307,-0.006001586879049725,0.0031050146875564177,0.0020764119601328623,0.005776173285198638,-0.00425142387947175,0.04196255814150507,0.00038129130655817356,0.025423728813559254,-0.009512485136741966
2018-01-17,0.0033260408165427524,0.0037659137014074417,0.0019469638598204053,-0.010159359610206864,0.0027623693357246015,0.03291791809754008,0.010879014827044342,-0.0009928862645609549,-0.0033153750518026825,0.013639626704953445,-0.008539267647947768,0.004646840324424195,-0.002668021852369473,0.0007747933884296732,0.01200480192076836
2018-01-18,-0.0010089319342077019,-0.0003126537030172516,-0.008968609865470878,0.0033159494457757344,-0.0035763364680770904,-0.01330452343912003,0.01350623812132734,-0.012394030918562615,-0.0058212058212058215,-0.004249291784702569,-0.008612697439341788,0.0126426341592496,-0.0016560509554139902,0.004387096774193466,0.008896797153024938
2018-01-19,-0.010099509059287137,-0.009069614138156656,0.004449490508342757,-0.003147620497063297,-0.0016007129081734295,-0.0012542955904523145,-0.01056541786258347,0.004854125029624123,-0.0029276453366792188,0.002844950213371167,0.0015513260245325622,0.009744251725047004,-0.001403598315682042,0.004367934224049241,-0.005878894767783693
2018-01-22,0.006121529882072929,0.001893683897817633,-0.000750807103888973,0.003315425967870711,-0.0007286685496299405,0.01224490895853525,0.008853829173012695,-0.0025920839246863503,-0.002097315436241587,-0.0014184397163120588,-0.003717439170466408,0.021109770419650786,-0.001533350370559683,0.007162957278076254,0.007096392667060858
2018-01-23,0.0134724079620685,0.01543549403572797,0.0036065269139398115,-0.027694747085346916,0.01419615766945359,0.06823822275808888,0.015211944744107475,-0.004488820194846754,0.003572929802438063,-0.0021306818181817677,0.011194048882451346,0.0029533372178802697,0.0026874840030715053,0.0020320040640080528,-0.00998238402818552
2018-01-24,0.00814750860896929,0.01768263328778019,0.015123211784551671,0.038517546511880996,0.009587258498483076,0.018873419602922326,0.004034141810527192,0.03381784101482044,-0.005026178010471227,0.014946619217081958,0.004920044439111093,0.007067119709511571,-0.0017868538608806217,0.006083650190114032,0.027283511269276417
2018-01-25,-0.001559628700629645,-0.0015241346317761417,0.0047938637679492135,-0.0029608935558543825,0.004415741489563141,-0.0176688615353382,-0.0005217739218538187,0.007231068209417213,0.006314460113660214,-0.003506311360448766,-0.005507965223221611,-0.004678380419636308,0.001917913310318431,0.0,0.0034642032332563577
2018-01-26,0.0014200294905033495,0.00961681014920246,-0.007927223014231655,-0.005157860830024563,0.009738035989550253,0.01682625102661084,0.011642479184741372,-0.009629116282840577,-0.004392386530014614,0.0035186488388458947,0.008923105093149086,-0.013807232002719716,-0.003062787136294043,-0.006802721088435382,0.014959723820483273
2018-01-29,-0.01503116291906359,-0.008769305056048449,0.0,0.0,-0.0146067103447437,0.03594862294058743,-0.00144500580327811,0.0,-0.004201680672268893,0.006311360448807868,0.0024397076585485067,0.005063990550005393,-0.0020481310803891484,0.0060882800608828,0.018707482993197244
2018-01-30,-0.006334616285714967,-0.016168358725858534,-0.011985758704125549,-0.0017281508186915984,-0.015725907438811526,-0.12007714229695254,-0.020414490240290295,-0.0212288276291005,-0.005063291139240533,0.0076655052264809065,0.006388892789595202,0.009187925784215345,-0.0014109799897383812,0.008825012607160954,0.017807456872565464
2018-01-31,0.00043474949508603977,0.0035659435183503785,0.0026958031452164466,0.0022033268434251685,-0.0012067659914332118,-0.06259782530909908,0.006383866733149723,0.011226707768143163,0.002968617472434376,0.0,-0.0003023620216695555,-0.007929551268814228,-0.0005138086062941305,-0.004498875281179759,-0.012028430836522719
2018-02-01,0.0004344500792330397,0.01653019680725243,0.003958214210698197,0.004082918147547465,0.01024547711022672,-0.04641066586848852,-0.006133700637511952,-0.004998863063259029,-0.008456659619450302,0.0006915629322268302,-0.005140555503903355,-0.011249224186762552,-0.002955918262434132,-0.010795882500627685,-0.0016602102933037655
2018-02-02,-0.007237984753139193,-0.005319241448063616,-0.007885217043241521,-0.006412244140026391,-0.017652144963150818,-0.003501397286502672,-0.01255407507066375,-0.025820740427434208,-0.012153518123667384,-0.0006910850034553828,-0.011854200190201447,-0.007784449411723404,-0.003995875225573653,-0.006345177664974666,-0.009423503325942328
2018-02-05,-0.013998236495204375,-0.01986242143588357,-0.0005248190728807112,0.010703579100737493,-0.016508411758361152,-0.03478565658391741,-0.013568335261356812,-0.0022187967622655513,0.006259443125404607,-0.007607192254495132,-0.0003075460488898285,-0.013276988465662942,0.004400155299598918,-0.00919540229885063,-0.014549524342473474
2018-02-06,-0.011239309455202351,-0.01184726606629738,-0.005176312388644022,-0.010278770394331227,-0.017082533725204296,0.0043684324772454985,-0.02241962185105051,-0.00546905484736393,0.002359502359502441,0.013240418118466879,0.020307687612680203,0.014373126015386095,0.001803891251127343,0.017014694508894035,0.013628620102214661
2018-02-07,-0.02019142180372757,-0.025240550394805217,-0.010934318880138072,-0.031786017393788946,-0.027101902172118053,-0.020659716896306968,-0.02171501702258749,-0.020667207781355224,-0.009629788144660867,0.004814305364511773,-0.018094043331786103,0.011154602210698084,-0.0039871382636655905,-0.003295310519645156,0.031932773109243806
2018-02-08,-0.010685461071746505,-0.010357653020969804,0.0040409034208446215,-0.001462672631639017,-0.005177854416777206,-0.0018504353080457392,-0.0005662778661834622,0.006664186462108201,-0.0036732929991356578,0.001368925393566034,-0.010749455591407497,0.018783596974337735,-0.0009039256198346557,0.004832146490335809,-0.009229098805646041
2018-02-09,-0.03116797900262469,-0.03188880971841357,-0.0028856016080763824,-0.015462282910649994,-0.03445584556413084,-0.04189837410376451,-0.03671389493359167,-0.012136812812557185,0.00043374539145513147,-0.01025290498974707,-0.007761564952062261,0.0061456702104685235,0.0023264831329972147,-0.004808909136927331,-0.01589041095890409
2018-02-12,-0.003185232680734007,0.001520272828176017,0.008453260065734547,0.017523628231914,-0.00873271807520859,-0.012383925495304426,-0.012763148973542915,0.026805729383952093,0.001734229351831873,0.013812154696132506,-0.003441761769523044,0.04072135106773356,-0.002321083172146965,0.0190742624618514,0.03340757238307357
2018-02-13,0.0020770261670923773,-0.0016866636409879066,0.002945192990387202,0.025020276230865335,-0.0010875927366152949,0.016457701629990718,0.0040511981332187474,-0.0024776628824754177,0.00108201687946341,-0.0006811989100817817,-0.008791230244644233,0.02068201416022486,0.0009047434406099786,0.009982530571499781,-0.0070043103448276245
2018-02-14,0.02614794894339223,0.023821589459808834,0.02063099534504098,0.023458513731307917,0.02585879166727767,-0.002698615122667447,0.016436282376272038,0.02126369617751478,-0.008214440121054878,0.0013633265167007913,0.007285383099767229,0.012869609891438705,-0.00555268595041325,0.005436125525080326,-0.01085187194791104
2018-02-15,-0.00046610905861377283,0.0122112491270574,-0.0025083175315843143,0.0032523441232790162,0.0038208462277984356,-0.002705825191896105,0.013309963766779509,-0.004804803377787992,0.0043591979075849885,0.001361470388019148,-0.0031446061798816594,0.010273096440251095,0.0010388261264770993,0.006881297616121884,0.013165112452002248
2018-02-16,0.007927786294415151,0.005542878248159688,0.0008135312519776949,0.0012349331276020337,0.009938686874015001,-0.008527068456814502,0.008699160068308842,-0.004887687329893864,0.001519097222222321,-0.0006798096532970588,-0.0050473136770130544,-0.0010704426036809433,0.0010377480866519129,-0.0026848913839394584,-0.008662696264212233
2018-02-20,0.006323314084917486,0.003566816141611806,-0.018031261619999017,-0.01757629394459459,0.009055700077819306,0.0226739043510924,-0.00034266968072549364,-0.01617253445337752,-0.002383531960996721,-0.0054421768707483276,0.010145836573729472,0.008572226926527371,-0.0007775042114811503,0.004894762604013669,-0.01856908793009282
2018-02-21,0.002605335922533536,-0.0035541391806128697,0.0009030336602811051,0.008003709930657354,0.0023862264636329567,0.01643730270201349,0.003999296853870682,0.010898073839072042,-0.00825369244135532,0.0006839945280436854,0.006591308237590798,0.003984063745019917,-0.0023343275839708966,0.007549926936190943,-0.004451864218141366
2018-02-22,0.014827289022511403,0.017671857120539425,0.0004511094631109991,0.008095912645034176,0.010557391503535518,-0.009401977323065913,0.004780039427998872,-0.0015056383035670917,0.0030661410424879243,0.002734107997265811,-0.0009354156402351377,-0.0029100690569195953,0.0018198362147405778,-0.00217548948513413,0.008943543879262217
2018-02-23,0.013857481208062072,0.01242629876706336,-0.001803715961294583,-0.008957542639736693,0.00855227593162211,-0.003416880306544412,0.024239717548854012,-0.006212717168127546,0.0065502183406114245,-0.0013633265167007913,0.00998750579526786,-0.003714496999617567,0.002595043466978142,0.004118217054263518,0.00221606648199435
2018-02-26,0.002822796735965527,0.005664840514138403,0.0018822467187973313,-0.003895842176036113,0.008378184107345366,0.005333310081845344,0.01006354444901314,0.004005825771642213,0.0010845986984815426,0.006143344709897525,0.008034558610299669,0.004527329446155193,0.0007764979940467764,-0.0019300361881785522,0.01603095632946383
2018-02-27,-0.012888929578993014,-0.01408232714798463,-0.011422523280690933,-0.012046329592340088,-0.011531287980739657,0.0166730389506764,-0.012755204924211005,-0.011848576210697126,-0.004550379198266508,0.005427408412483015,-0.013182106660202031,0.024655322089078613,-0.003620845726108879,0.0036258158085569203,0.008161044613710589
2018-02-28,-0.01275699398407959,-0.0217425641704323,0.0,-0.015835297502211465,-0.025165608600752565,-0.005963485613754149,-0.025341062568944972,-0.0013459724443792842,0.006094906399651823,0.010796221322537214,-0.007145062194736762,0.01992241191987376,0.002206359506813804,0.00674373795761074,0.04587155963302747
2018-03-01,-0.0010641486184741478,-0.010545063556421708,-0.00957808862480991,-0.0025744602495051394,-0.014684371970865473,0.01162350891173225,0.0789099454066613,-0.00759609449204568,0.006274340112505383,0.011348464619492571,0.0050062531913477315,-0.0005073876226219243,0.004532504532504422,0.011961722488038173,0.04334365325077405
2018-03-02,-0.020392578854977805,0.004262966295752735,0.013968801006093878,0.000483990878633378,-0.0031290937691252907,-0.0011119425617996948,0.0026365720828989136,0.011851816443369634,-0.006235218232638173,-0.003960396039603964,-0.0018679190718836614,-0.00964463906844859,-0.0033518112672424882,0.003073286052009516,-0.02670623145400597
2018-03-05,0.018176139801507674,0.02155101542570148,-0.00227083495226732,0.0014511164655126585,0.009097667643291452,0.003339541063244189,0.017618636724449077,-0.0032943419862559997,-0.002163565556036362,0.002650762094102088,-0.0015596709175275114,-0.0023065719782319194,-0.0011641443538998875,0.005656375206221975,0.02083333333333326
2018-03-06,0.0038144643959070468,0.0004794434943773407,0.01175935079818946,0.010143326763355054,0.003479739669088877,0.016642040073013842,-0.0009303117628742807,0.02307509021030918,0.0019514310494361808,0.00396563119629878,0.009059697929826527,-0.012329791789054467,0.00012950012950008194,-0.0021092102179517402,-0.0004977600796416404
2018-03-07,-0.022039892954227036,-0.02316289111159675,-0.005698842025396944,-0.007331846124333907,-0.015079069710343895,0.01018547733410391,-0.011794510834904126,-0.017170245498531744,-0.001947630383034027,-0.0013166556945358732,-0.011455075561123684,-0.01118332325869631,-0.00025896672277614385,-0.008924377642085535,-0.017928286852589626
2018-03-08,-0.011345908751772216,-0.016843868655640803,-0.004600283247313319,-0.017822745361537606,-0.008268466994397872,-0.007562084559696647,-0.022300180757799937,0.0004870542829253921,0.0032523850823937828,0.01713909030982208,-0.008142819492541364,0.0010520617665488174,0.001295169019557063,-0.0011848341232227888,0.003549695740365122
2018-03-09,0.029555057937100893,0.03193616130662136,0.0018940828500324525,0.0188000276576461,0.014792121786227241,-0.00870824711998841,0.019596291740245686,0.006692546695573176,-0.00302571860816947,-0.0071289695398574215,-0.007893905885624997,-0.023384113908983317,-0.0011641443538998875,-0.02325029655990507,-0.011622031328954008
2018-03-12,-0.008245547917876572,-0.010960675292407851,-0.0022686024989519993,-0.0038510416390099556,-0.011608214560037688,0.016837482401140358,-0.005408770243137351,-0.004532748563695899,0.004118794710600504,0.0032637075718016106,0.004455741225604548,-0.005111714693741276,0.0015540015540016494,0.0038863249939276034,0.0015337423312884457
2018-03-13,-0.004772864867734872,-0.010593245101259807,0.004926481642962388,0.004832431070610044,0.004933821166371644,0.00287973242193007,-0.004065515006774878,0.005342683521647906,0.0028065630397235974,0.003253090435914041,0.014575443586990255,0.006760411256150789,0.0006464959917249491,0.007016694894749653,-0.00867789688616638
2018-03-14,0.0038675742939446867,0.004117937798881366,-0.0011313070158988081,0.0067329743983237655,0.007044092549766345,-0.01974158883475363,0.02014525168403747,-0.005555949104350089,0.0049515608180839,-0.005188067444876765,-0.007495308172613457,-0.01074402398912877,0.0018090192531334814,-0.011532916866890952,0.021112255406797065
2018-03-15,0.0035445116211587635,0.003772958426682571,-0.0057384290590751785,-0.009235682452279237,0.003073503699461355,-0.01830829487149488,0.0002598778679334668,-0.006922840811031561,-0.00042844901456728923,0.008474576271186418,0.00881059410307583,0.0073310135664435006,-0.000386946988262582,0.01191054934370439,-0.03429147755925366
2018-03-16,0.016738272296031642,0.01879394593378758,-0.004176792068693147,-0.005785961276715712,0.009984699091795113,0.002610954680105193,0.010962138726587467,-0.009233839090369789,-0.002571795970852997,-0.010342598577892659,-0.002495378279095628,0.005121277349014575,-0.0010322580645161228,0.00840739851068939,-0.02297650130548301
2018-03-19,-0.0024164935044134195,-0.0044914786431108356,0.004194310832913661,-0.00759779054653742,-0.002510765344454491,-0.013764859141006558,-0.010791874629978881,0.0032711700751801853,0.0006446067898582264,-0.020248203788373664,0.0025016207692256653,-0.03834805048813805,0.00025833118057350113,-0.025726536445926595,-0.036344200962052375
2018-03-20,0.02074178734123522,0.021592009715368565,-0.004328731037988809,-0.014334553116817084,0.02228632421864618,0.009053160777401148,0.021299749703230786,-0.007997488002359887,-0.004938801803736292,-0.0013333333333332975,-0.0099813346371046,0.008644746376888612,-0.0023243801652892415,0.005623471882640674,0.004991680532445919
2018-03-21,0.030406453684866497,0.027917927452161262,0.007322077465257593,0.007602049729914517,0.02780202831292522,-0.01383175384364177,0.023551642564466624,0.014387618663699087,-0.009063444108761365,0.001335113484646211,0.01984874496879696,0.007741187996880949,-0.0063422210717059,0.0014587892049597873,0.001103752759381793
2018-03-22,-0.008060998254695084,-0.01334962623341096,0.00446734658302006,-0.01197309377760758,-0.0056894666156283025,-0.007960541454194225,-0.0012922139311941638,-0.0017730167720040324,0.008710801393728262,0.002666666666666595,-0.015137466397489141,0.009602194787379892,0.004689331770222793,0.0,0.004961411245865577
2018-03-23,0.022347891514909124,0.024572225920243662,0.017111468159164644,-0.009130196487932896,0.013100396442832674,-0.009935048477227815,0.011942759132804515,0.0123714835009896,-0.00021588946459416558,0.0033244680851063357,-0.014429080821267926,0.026902157327403087,0.000777907429015956,-0.0014566642388929019,0.009873834339001686
2018-03-26,-0.004684091071041396,-0.005009019663294478,0.0037797194110877896,-0.008041524536863243,-0.0016844277723632173,0.010420667531512828,-0.0114083566317843,0.006170555269203293,0.0,-0.008614976805831676,0.0012730429052063563,-0.007673971800271406,-0.0011659541391372263,-0.002674446875759795,-0.0130363932645301
2018-03-27,-0.00014264312376910393,-0.004576705382010937,-0.00967216136281801,0.010471170035652788,0.0036723558582281157,0.02788386301477641,0.001541941045481554,-0.008597862512640497,0.0062621464046641595,0.0,0.003814394237939611,-0.0069333496093749725,0.0036316472114137355,-0.005850804485616812,-0.011557512383049029
2018-03-28,-0.008272740350954266,-0.013333375426544558,-0.012748898109106954,0.0008357203086570841,-0.00375782782556211,0.002601252144969868,-0.0009436094761646752,-0.017223627340012704,0.0017167381974247942,-0.0013368983957219305,0.001266653439644827,-0.0029538295422780747,0.0,-0.0014713094654241754,-0.007795100222717122
2018-03-29,0.010642857425015029,0.008698434480882922,-0.001057168400067643,0.008350065370011484,0.006749986154966914,0.012972604308572055,0.0031318216739031346,0.0011107466295954271,0.005141388174807249,0.0381526104417671,0.007906388151951216,0.03420418159052718,0.0019384853967432392,0.026277013752455725,0.012345679012345734
2018-04-02,-0.037427029729017014,-0.029719803623574514,0.014590207170698477,0.00712152097625407,-0.023762518915160125,-0.018294896298388097,-0.025670257615889813,0.02490299245525618,0.0008525149190110604,-0.0012894906511927706,0.00533417231933897,-0.017447948455810547,0.0010318586353670334,-0.008853792773390712,-0.010532150776053184
2018-04-03,0.007096442360510435,0.007935248584653998,-0.006929384492203927,0.005755685759835538,0.007473968344823501,0.005218016588529606,0.004068977317553957,-0.016840119866881387,-0.005962521294718859,0.0032278889606196515,0.009363271800506112,0.007156141782100445,-0.0034789331271742885,0.002414292612264557,0.025210084033613356
2018-04-04,-0.0014680871914768412,-0.00220436771135879,0.002250900277680712,-0.016677605229677872,-0.00887215882286474,0.007786395342731289,0.001367697283645386,-0.008441945754617874,-0.0010711225364181676,-0.019305019305019266,-0.02040815845077526,0.004736809981496615,-0.0001292991983449232,-0.021917148362235017,-0.0038251366120218844
2018-04-05,0.0045575595896458765,0.002682688756635576,-0.00860907289986157,0.020784835595045736,-0.00040459895959410463,-0.015820450279549703,0.0024282078805495377,0.006848051301313385,-0.005575809564657974,0.022309711286089273,0.0031565776675004376,0.004714558323985374,-0.0021983706194232955,0.01575966510711657,0.01974766867800337
2018-04-06,-0.01785454687561061,-0.023292406687307143,0.0057388622711769255,-0.005049704778842035,-0.009461170401790508,0.00971963489781369,-0.013574915420722311,0.0007353577096855801,0.007763640284666806,-0.0025673940949936247,-0.00786658258648354,0.007038534010670894,0.0037584240539139113,0.00242424242424244,0.016137708445400856
2018-04-09,0.022947413224874813,0.021914224388651204,0.003303569587363109,0.0057302431869585835,0.019818163518146248,-0.002961827869905176,0.015091833904446572,0.010225312846270374,0.00021399529210364143,0.005791505791505891,-0.0003171655142422125,0.00854263115409526,-0.000903808908973569,0.012817412333736344,0.03917416622551606
2018-04-10,0.034814265644953934,0.032954967323044926,0.00426547254628451,0.019371635292158906,0.03415806425515533,-0.013739390351404923,0.02857574397963658,0.004060817818906104,-0.0008557980316645786,-0.0038387715930902067,0.010469540574666203,-0.01463042124675118,-0.0011630912380460323,0.002865329512893977,0.0025471217524197787
2018-04-11,0.014358060668935968,0.019996909111215766,0.0108047690014903,-0.0060683657461267915,0.013512194992401527,0.007153634837695488,0.013082473389792515,0.010382765010756634,0.0012847965738758127,-0.005780346820809301,-0.010047086059389643,-0.009637879000463867,0.0006469142191745103,-0.002142857142857113,-0.009654471544715437
2018-04-12,-0.000555105701950942,0.003741394809065879,-0.013343144552847352,-0.016709526339200642,-0.004252844229853392,0.004112208074270374,-0.006287488571164013,-0.01762457049617383,-0.0051325919589392255,0.004521963824289488,0.003171534156148903,0.008416574399557453,-0.003103180760279267,0.01240753996659505,-0.012827090815803022
2018-04-13,0.007775690281737857,0.0047711301070560985,0.004781847203614964,0.0024510365364791564,0.007870169772831836,0.01824265986360074,0.005256441542946355,0.011250955240238003,0.00021496130696485594,-0.006430868167202619,-0.004742321293398244,-0.0015649611712764688,0.00012970168612191912,-0.006127739806740529,-0.017671517671517645
2018-04-16,-0.015982414340654505,-0.017361599340287803,0.0020076971102340746,0.007823937581979523,-0.0142366614949897,0.006215794887137305,-0.012346190629828446,0.0020447676327943753,0.00042983021706421987,-0.009708737864077666,-0.009529836131606073,-0.013061651409205788,-0.00012968486577613625,-0.01161963481147732,-0.021693121693121653
2018-04-17,0.0022403201653811156,0.0045302841563448215,-0.00022267074443416135,-0.005337213634534876,-0.006375908795886676,-0.005087273585743346,0.0006372165558024001,0.006601770415995967,0.0038668098818475105,-0.00588235294117645,0.00032072574675945376,0.008734829055514037,0.0007782101167315147,0.0038387715930903177,0.008653326122228133
2018-04-18,0.02654374793623715,0.029314562177446657,0.002969121247755835,0.025528465433377168,0.01652808270833117,0.0003652907121940441,0.01327654675694312,0.027367133238519248,-0.007489835223625119,0.007232084155161189,0.007694766495951022,-0.011807924240173628,-0.003499222395023316,-0.004063097514340308,0.0193029490616623
2018-04-19,0.0040826811194609736,-0.0026288929745389433,-0.0032562925568003775,-0.008086271913755327,0.008751401967617367,-0.028842641044083628,0.004399729385749618,-0.0005223595686830729,-0.007977576541612796,-0.0026109660574412663,-0.0006363492704255513,-0.008762661330493415,-0.0026011184809467958,-0.004319654427645814,0.0031562335612835835
2018-04-20,0.0037950499312755515,0.0013178552743313698,-0.007499329737208016,0.0011189209455675364,0.00644727048934346,0.029699245727893286,0.008905405757463347,-0.0043549391712834895,-0.004781569224081683,-0.014397905759162333,-0.0035020888534205152,0.002143097607039124,-0.0023471117485982518,-0.008194745721860741,-0.02831672784478234
2018-04-23,0.00877668845944335,0.003802312762120952,-0.01062314033858236,-0.007504379889760271,0.008431460607532859,0.00036507027776933043,0.013263917153783389,-0.03359189567568999,-0.0008735531775496685,0.005312084993359889,-0.008306655842513666,-0.006148137591610814,-0.0018298261665141702,-0.007776427703523714,-0.0037776578521316884
2018-04-24,-0.0113773053746129,-0.013694674384685523,0.006729697099480125,0.009813363821453924,-0.006212313820738946,0.014963463223020668,-0.01356124310871254,0.007000249540284109,-0.0030601092896175297,0.007265521796565366,-0.0009665169381647409,0.000806934697141326,0.0,0.0014695077149156077,0.02383531960996743
2018-04-25,0.001895469651929771,0.005169957448937668,-0.007661163478404176,-0.0020710548903613013,0.003948093418936649,0.0017979556356246817,-0.0024821755101803733,-0.012045317331737415,-0.005481254110940581,0.013770491803278606,-0.007094463454714539,0.01101855962446563,-0.0020950635066125933,0.005135730007336692,0.02910052910052907
2018-04-26,0.009999971132020669,0.0020573017394569515,-0.0037086758438069634,-0.006066428349583153,0.011236034067515943,0.012562844818003072,0.010814918748631497,0.00012136410945129406,0.0044091710758378255,-0.001293661060802087,0.0006495144469109704,0.007974481399934286,0.0019682456370555546,0.00048661800486615725,-0.01131105398457588
2018-04-27,-0.0013379512574158703,-0.0013198997516167266,0.003038820824751154,-0.02152261936017119,-0.0042130548074621466,-0.017724278261939563,0.006911915489002496,-0.004973358084442769,0.006145741878841093,0.0090673575129534,-0.012333630878074375,0.03691983003512256,0.0015715034049239573,0.01653696498054469,0.03068122724908995
2018-04-30,0.007100733971473927,0.006901633351456438,-0.003105428693946588,0.002133948034768629,0.007671206030730016,-0.0028870073141419317,0.0010813973757028972,-0.005729602699259817,0.004144851657940762,0.007702182284980763,-0.002628982021155246,-0.002797573930227726,0.0010460251046024993,-0.006937799043062243,0.034308779011099855
2018-05-01,0.0,-0.019250396685124294,-0.009420986782980645,-0.012284981004229256,-0.03123554159653119,0.014115104658248612,-0.019537849565623988,-0.016736188852768175,-0.004779491635889643,0.010828025477707115,-0.008896225844152617,0.027799014860526938,-0.002089864158829724,0.004577210310768409,0.033658536585365884
2018-05-02,-0.02407872293046709,0.010111528701498562,-0.0009204427038226326,0.010779366189336503,0.010382455335548268,-0.01713065542134229,-0.0037363969443225953,0.015711753579920718,0.0006548788474132206,-0.001890359168241984,0.00964098790767598,-0.007444168734491274,0.0011780104712042494,-0.009352517985611541,-0.007550731477111827
2018-05-03,0.003544194848245086,0.007360518147412787,0.006218313939622133,0.0037736244655726114,-0.0041480224800116705,-0.010166985640258197,0.003702377754873698,0.004358182058302074,0.0021815008726002727,0.008838383838383868,0.00691468813531837,-0.004000015258789014,0.0014380964832003684,0.010167029774872827,0.02805515929624347
2018-05-04,0.01697908113780988,0.01885139426822091,0.001525902246514832,0.002124879270880342,0.019548472877474188,-0.005502606205372462,0.012694603802590576,0.004400470950293833,0.0006530256856769334,-0.001877346683354153,-0.0006540372077687984,-0.010040160796386255,0.00013054830287195784,-0.015336688233884455,-0.02405180388529138
2018-05-07,0.017363368167134574,0.014486547885064427,-0.0003808943540781762,-0.0019572800262941392,0.014391781930904957,0.011066016882955276,0.009460728548052355,-0.0012778330551154182,-0.0006525995214270441,-0.01379310344827589,0.0035994964749312963,-0.024340786643204826,-0.00013053126223727674,-0.024336821611097625,-0.025592417061611417
2018-05-08,-0.017329653755491226,-0.0236109956041185,-0.00015237858505967594,-0.006210182557952804,-0.012494225032663842,-0.0032834092413687177,-0.010590521688660481,-0.001523159591030443,-0.0013060513713539779,0.005721551176096629,-0.005868937226215065,0.010135198902762932,-0.0014360313315926465,0.008979795460214435,0.007295719844357951
2018-05-09,0.031529734915993535,0.03011876490858434,-0.0005334993688071998,-0.0003288694442412643,0.027946364937210255,0.0018301155989712825,0.026475371711793372,0.004271399361641004,-0.0050130775937227146,-0.0018963337547408532,0.012463137781824285,0.0012863390385839946,-0.0020917767028370005,-0.003955500618046948,-0.0062771607918880035
2018-05-10,0.0033674671585737226,0.00309251086014406,0.007244718711396203,0.01743706969250791,0.0021641485091958845,0.028132956904338924,0.010012414311275197,0.01348888805446724,0.00372398685651687,0.0,0.0035632879822642405,0.0033401535256818438,0.0010480807022139604,0.005956813104988745,-0.013119533527696792
2018-05-11,-0.004517858120641982,-0.009248930163456737,-0.001362847336144557,0.0008084259478053912,-0.00035996614430455764,-0.0028428917243247254,-9.127216957971473e-05,-0.00023979076797542298,-0.0004364906154518122,-0.01266624445851805,0.006133006354586357,-0.019974360545374492,0.00013087292239233328,-0.01825808043424626,-0.03594288527818812
2018-05-14,0.014393160928676929,0.003677540982368166,-0.0018953752843062777,-0.005331178039669315,0.01242126526450349,0.012829655532734296,0.005208325958093951,-0.0063564941524256735,-0.0026200873362445254,-0.0019243104554201862,-0.001604082032023224,0.018552326520691498,-0.001308557969117996,0.01834631817039467,-0.018386108273748758
2018-05-15,0.0025565248582397615,0.004932334817316475,-0.020964660528627,-0.011694011035329854,-0.00026665236607337217,-0.0021112040624781114,0.002090632432294237,-0.02269157861246307,-0.011821366024518443,0.03406169665809777,0.0,-0.019240636826246882,-0.005372117400419318,0.005676209279368294,0.027055150884495394
2018-05-16,0.010837670162102464,0.002524194521642986,0.0010085551502752033,0.005258843820746817,0.008981775661799807,-0.007404763293895611,0.02045546731525283,0.006360419866388911,-0.0008861320336730483,-0.007458048477315127,-0.017030869934210546,-0.014909709315868214,-0.0005269397971281453,-0.01865030674846624,0.001519756838905817
2018-05-17,0.0002523243285690313,0.0,-0.0015501473226560147,0.006048667946807251,0.005111941259010155,0.015630518458340514,-0.0030224340650636394,0.007117826317875275,-0.0035476718403547602,-0.010018785222291826,0.011441660010587329,-0.003983005777189796,-0.00026360880453402125,-0.004751187796949274,0.006575619625695417
2018-05-18,-0.009962180140292376,-0.002937461053962087,0.0015525540100980173,-0.008449718976779041,-0.0067081878192237765,-0.0041973011750391365,-0.004368934773474664,-0.0015841696456035947,0.005340453938584844,0.01834282099936746,0.001292792743642135,0.0031990980269991365,0.0027686222808174232,0.0035175879396984744,0.04170854271356794
2018-05-21,0.009043422050106109,0.01346800085456068,0.0,0.011307729372183273,0.0036635741885349127,-0.012996116046458672,0.010388230600613557,0.003966591658483232,0.0006640106241699861,0.0006211180124222615,0.01420272887537477,0.0074409205457837135,0.0,0.026790185277916878,-0.021225277375783835
2018-05-22,0.004418056914011093,-0.0015227105980678557,0.0011626104919919555,0.010857221231655556,0.0027267461660931414,0.034875463198097645,0.006071353138751734,0.00340382670812156,-0.00022119000221187957,0.004965859714463061,0.002864422417865997,-0.004220538321697442,0.0002629503023927615,0.00512070226773953,0.028092656481025102
2018-05-23,0.0028905788339290694,-0.004020531354083756,-0.001857941034659527,-0.01875602830569012,0.004210493073678823,0.0020632881627962174,-0.004449002820757886,-0.01029804229858855,0.006858407079646023,0.009264978381717137,0.006029848704458773,0.008476853528559536,0.00433753943217674,0.008491023774866546,0.0182166826462129
2018-05-24,-0.012656667889791806,-0.01572936123358315,0.01116877514806447,0.008168631312162278,-0.010001689006607917,0.008922451126237352,-0.01163663323116948,0.017321640189137844,0.0039551746868820015,-0.01040391676866581,0.00031540445717892496,-0.008930980575365788,0.000916110456746555,-0.0033678133269184896,-0.0014124293785310327
2018-05-25,-0.029826100353020468,-0.04002265404746885,-0.00030674415795639565,-0.005995815794506476,-0.025102582466457912,-0.00034019248975003524,-0.0234577291040593,-0.008423042368476907,0.006347121908513831,0.0043290043290042934,-0.011668210109345045,0.007951232698279798,0.0030073221757322965,0.005551532705768691,0.0240452616690241
2018-05-29,-0.013736303221113522,-0.016941572525276838,-0.00352957683104993,-0.004890729349429024,-0.010815472888868638,-0.021776078138345922,-0.01709916055109295,-0.010678999179589033,0.017833840800348,-0.014778325123152691,-0.004148087666952294,-0.0002628861139799543,0.011471776821796453,-0.01056168987037931,-0.011970534069981609
2018-05-30,0.027987805112534403,0.022178864874660364,0.0021560398347582055,0.0024573830702188104,0.020952454912994467,0.003478257552437247,0.018702531867260896,0.010671559835648603,-0.005555555555555536,-0.016249999999999987,0.008651088294904907,-0.008679690175154242,-0.005155303518494692,-0.00727802037845704,-0.027027027027026973
2018-05-31,0.0011612430695564502,-0.017152883516335482,-0.0010757006638973943,-0.0004902406574320839,-0.018057934957675048,0.023223539855611763,-0.010942235836160719,-0.004672593232529443,0.0038676407391491363,0.0012706480304955914,-0.011435791240083204,-0.004245174129546614,0.0010364036792329667,-0.004398826979472137,0.008141762452107182
2018-06-01,0.0,-0.01834730519296146,-0.004076553232318814,0.010954857805697715,-0.006890573120650445,0.0033875307563611123,-0.007823016448045506,-0.0008535507011442345,-0.008133561643835607,-0.006345177664974666,0.002249347459398754,-0.0029309235857057914,-0.004658987964281103,0.0027000490918016595,-0.005700712589073675
2018-06-04,-0.02964293763267123,-0.01610693812364883,-0.0013130006009237638,0.01132131551526916,-0.010936053910226784,-0.010803452932210522,-0.009797475459315086,-0.0005492297980268512,-0.004747518342684498,-0.027458492975734328,-0.00833601232542236,-0.014163597374803327,-0.0028604862826681066,-0.019094247246022045,-0.03440038222646913
2018-06-05,0.0011953292176420938,0.01189184004735755,0.0034026946849710082,0.020630128163431127,-0.00506388898211485,-0.013651863802616737,-0.007632899201987509,0.00683799460902379,0.001300954032957602,0.007879185817465606,-0.004526330044200222,-0.004337235375407977,0.0016951362628765398,-0.000499126528574978,0.009401286491835803
2018-06-06,-0.0002652778428630098,-0.012057285204644663,-0.00030830398000958326,0.01989969533826308,-0.007004047082105336,0.002076056513945934,-0.01718737388984859,0.009156569261301595,-0.007362494586401036,-0.014332247557003241,-0.004546972810464234,-0.006261878217826533,-0.003384535277271561,-0.006991260923845166,0.01911764705882346
2018-06-07,0.026008480209638307,0.01884742048569521,0.0012335021324896278,0.004148095120114714,0.025063436090850155,0.011740386527900881,0.021642533599456115,0.007451060439753743,0.00610820244328103,-0.005287508261731633,-0.0016312964986243683,-0.018082208502782526,0.0024817136886101654,-0.020115665074176503,0.013468013468013407
2018-06-08,-0.011122615283832293,-0.003184216742837198,-0.000461981680523027,0.007649968246116856,-0.007156276225196878,-0.013651863802616737,0.0002364118431847917,-0.004294435186041556,-0.000650477016478801,0.003986710963455042,-0.0026143765591094548,-0.0016741242012657809,0.0,-0.005132152938157608,-0.012814428096820096
2018-06-11,0.0,0.005476127503039718,0.0006163229667759396,-0.012906170450967314,-0.0016633009214195305,0.0204151469545244,-0.0049165873083947265,0.01263929791656393,-0.0026036016489476843,-0.027796161482462,0.001965906456175004,-0.01844599164647376,-0.0013029315960911836,-0.015991746195512024,-0.01057692307692304
2018-06-12,-0.007585689746267277,0.0039334665995833795,-0.0029255899273996633,-0.0024611281625486203,0.0005090132194474073,-0.003390976895306541,-0.0071261662394561665,-0.0033126148231164,0.0006525995214270441,0.02791014295439065,-0.017331611771347455,0.006548939957362387,-0.0002609262883235264,0.0002621231979029748,0.0388726919339164
2018-06-13,0.0113336932193,0.004219390848727578,0.0013898917937285038,0.0016961726043125402,0.010778134838296038,0.008166100283936384,0.016890768036600834,0.006172365034064375,-0.0021739130434782483,-0.003973509933774877,0.0009983589819366756,-0.01640732048930338,-0.0018269607203444949,-0.018867924528301883,-0.0336763330215154
2018-06-14,-0.010424751689248835,0.003751500634599836,0.005474574332855919,-0.009698233860005012,-0.012081867335357432,0.0006749426262557812,-0.016092580719530014,0.016103387684465398,0.004793028322439996,-0.034574468085106336,0.0019946631015479444,-0.012942191090061117,0.001961040658909674,-0.009348290598290565,-0.029041626331074544
2018-06-15,-0.032920725831276476,-0.027358377152831737,-0.022546030992379174,-0.023472722031514515,-0.03321447930937138,0.019224337897916888,-0.03242469747294563,-0.04493208959644612,0.002601908065914982,-0.004820936639118423,-0.021234220391797565,-0.012529190435905169,0.0011743215031314591,-0.023456457266109454,-0.003988035892322994
2018-06-18,0.025871375726059798,0.012142652093029449,0.0012552766488183043,-0.011938918390330788,0.02137039396301743,-0.023494406828080683,0.015519950939886673,-0.0024312551054502807,-0.000648788927335664,-0.01453287197231834,0.002372871010990485,-0.010032440123096897,0.00013032712107396982,0.00331308669243513,-0.019019019019019034
2018-06-19,-0.003450949289536598,-0.011845084242536608,-0.0004701266328889231,-0.018366336017562213,-0.004597465622468655,-0.017282236619979074,-0.008128117088517572,-0.006641552236793857,0.003678857390175372,-0.006320224719101097,-0.02434897939753844,-0.0029806259314456574,0.001954652071931129,-0.021463951568519546,-0.025000000000000022
2018-06-20,-0.004528555660537115,0.017673298467379306,-0.00344937637055176,0.0,-0.006928049904971867,0.022068927302231423,-0.0070661001744121155,-0.0008587339383703263,-0.003018542475204833,0.001413427561837377,0.018024279060241177,-0.0038863611150037336,-0.0014306151645206988,0.0005624296962880582,0.0219780219780219
2018-06-21,-0.022611651864000826,-0.010268805385693414,-0.0031466332234457717,-0.007057236972418224,-0.017559651036036295,0.00371117342562699,-0.005534940134372168,0.0010436612944983992,-0.003676470588235281,0.007762879322512406,-0.0061287129735226875,-0.004201753789830565,-0.0009116957541026594,-0.010118043844856706,0.014336917562723928
2018-06-22,0.034223133409435835,0.046383901023216545,0.00015788608735545218,0.0024793166963146263,0.02671368314827216,-0.010084024319817808,0.02892207031162064,0.008156471369884732,0.0,0.0007002801120448154,0.0006851164799297482,0.0220012615404368,-0.00026072220049533357,0.015900056785917105,-0.008076728924785503
2018-06-25,-0.010853734767720002,-0.007290755127591586,-0.0014202688917867023,-0.01335529273909497,-0.011762536269259716,-0.007470233095656864,-0.009176438508730622,-0.007968770485811794,0.002604731929672255,-0.01889433170048982,-0.009243360454556204,-0.018283727795447402,0.0016951362628765398,-0.02235885969815543,-0.029516539440203604
2018-06-26,0.02114270213683267,0.03598702823660349,-0.007111251717457745,0.0016710815007427993,0.013616443481265561,0.005473757603109419,0.011260004079206354,-0.004292352980185377,-0.0006494912318684154,0.005706134094151105,0.0,0.0024031791084850873,-0.00026034886748238506,-0.00829045168667808,-0.015207131620346148
2018-06-27,0.0171668880867466,0.0316177994545519,-0.003023974877956359,-0.0025024802453460504,0.02263979879218425,0.019394407051998463,0.028439224809782893,-0.006096866946876278,0.007149046793760938,0.0,0.0024187869223375458,0.0005992858319976424,0.0032552083333332593,0.00028826751225130565,0.021299254526091493
2018-06-28,0.0029630986781843394,0.009483160964176784,-0.0039910598699904876,-0.012042151798024592,0.0004592722232619195,-0.01869158655386083,-0.00032808255969651867,-0.01164878406671932,-0.002151000215100063,-0.021276595744680882,0.0,-0.007487271775078352,-0.001687216093445798,-0.007204610951008661,0.0
2018-06-29,0.020423943461138405,0.00953035543527636,0.0028049365788109792,-0.0008464727249067883,0.014277859985838415,-0.005442187793715081,0.021660667171844228,0.009591867336257609,0.0002155636990730514,0.01521739130434785,0.00379181694187114,0.004224483772687249,0.0,-0.0031930333817126177,0.037539103232533844
2018-07-02,-0.02693856147885787,-0.002832084695229109,-0.009190441581753306,-0.0066079353879989755,-0.024215786022647623,-0.02120384258340069,-0.03409666811381595,-0.02235467303965566,-0.0017241379310344307,-0.036402569593147804,-0.012019243522760181,-0.00991582906854438,-0.000910036401456038,-0.011648223645894018,-0.03467336683417088
2018-07-03,0.005950828800933561,0.0027048544987631207,0.009517604688728643,-0.008698638749042087,0.0038964481738219536,0.002795212101733835,0.00608132760455149,0.013211332805250775,0.004101899827288369,0.015555555555555545,-0.005213750995606836,-0.00515936936883532,0.0019518542615484247,-0.005303476723629963,0.02342529932326909
2018-07-05,-0.004758265643226345,-0.016185553791759677,0.004554229269235099,-0.031658641028819656,0.006699890154718613,-0.011498255639887267,0.0055251952913455415,0.003510516363956384,0.0010750376263168882,0.002188183807439792,-0.0052411433081888115,0.001220330777788714,-0.0005194805194804752,-0.010071090047393372,0.025432349949135347
2018-07-06,-0.003618022761405104,0.01179052072341813,-0.0023860652855268727,-0.00035534028407402385,-0.004727553667982387,0.007402237453820515,-0.009768521359248994,-0.0016866238474350093,0.0010738831615120237,0.024017467248908186,0.015103628926821822,0.0353442265523749,0.0007796257796257589,0.046080191502094525,0.01736111111111116
2018-07-09,0.01244973514296377,0.0006774447194564104,0.003029519740003872,0.009242809535421115,0.012589872884109399,-0.010496840787028172,0.018970814218951526,0.004505321951463248,-0.0036472859901308663,-0.017057569296375252,-0.0055363269731505405,-0.023543261587384734,-0.0018177096857958652,-0.025457665903890203,-0.009751340809361242
2018-07-10,0.010119135629761189,0.0035206789655057857,-0.003417794166802879,-0.0036984692754535864,0.011886942442602022,-0.014144257737559451,0.0054922275652939945,-0.003114635185254455,-0.0008613264427217437,-0.017353579175705014,0.0048712383703330975,0.00783606449418528,-0.0009105098855358706,0.0005870267097152215,-0.03594288527818812
2018-07-11,-0.06923660971612966,-0.050330634546136954,-0.008773328737928576,-0.03358671646497535,-0.054460368466037634,0.014705842110124046,-0.04578071516744098,-0.016934318818628613,0.003232758620689724,-0.025018395879323085,-0.019044295465483252,-0.004186584695087481,0.0019528707199583106,-0.026400704018773813,-0.04034729315628194
2018-07-12,0.014305114448711187,-0.0007103640851712223,0.0017701569725150357,0.01262113905380935,0.010615005979757619,-0.011311440400496031,0.004996681755484289,0.01055170409569528,-0.0012889366272824665,0.01584905660377367,-0.005647717890681081,0.0012011828723255125,-0.0007796257796257589,0.00030129557095515125,0.027142096860031995
2018-07-13,0.011820079501471126,0.009668708765417922,-0.004337369007279102,0.000722577146458514,0.004851359253141618,-0.016088608859522124,0.01689426354590795,-0.010001223136218429,0.0027963002796300707,-0.01857355126300153,-0.01313457004725982,-0.013797259111359983,0.0016905071521455817,-0.01927710843373498,-0.002072538860103612
2018-07-16,-0.04632955540066519,-0.04154350780017202,-0.0012100677876272226,-0.004693144957980677,-0.03707691709372063,0.0025435934755442258,-0.04960367309707636,-0.0002541879201901631,-0.0038610038610038533,0.03482210446631351,-0.005755390352630396,0.0009124644820113215,-0.001557834609892228,0.01904176904176902,0.014537902388369606
2018-07-17,0.004454445163299292,0.00029392114573201233,-0.01001536601129005,-0.006347451541444893,0.007691183712285055,-0.006886572298768989,0.011936886114099599,-0.012011447970988853,-0.0006459948320413078,0.013167520117044695,0.003256156098961238,0.0,-0.0003900663112729186,0.012055455093429757,0.01893551688843398
2018-07-18,0.010254958789007063,0.009988253332648966,0.0004895958881911966,0.004562893767053433,0.00975798919889348,-0.006934326036361571,0.009032158914973554,-0.0027659377902017335,-0.0021547080370609706,0.002888086642599319,0.012261094778239334,-0.0027347124879762985,-0.0005202913631633388,0.003275759380583665,-0.006529382219989999
2018-07-19,-0.0043895704818417425,0.010180292706438943,-0.0031803182408656205,-0.0239825517804505,-9.569591920211007e-05,0.0176406093526853,-0.0004402417072748577,-0.010514100760122047,0.0038868494925501373,0.011519078473722022,-0.008550045376823356,0.0018280791091471738,0.0019521082769391462,0.0044523597506678225,0.019716885743174872
2018-07-20,0.00675114151843248,0.014396775312131238,0.005808225985058257,0.022338026936327582,0.006841715322451369,-0.00433372469913107,0.012478619913989686,0.009778332271070278,-0.007528500752850054,0.011387900355871894,0.014013632436852053,-0.0057785704593174,-0.002597739966229362,0.004432624113475114,0.023301933564700006
2018-07-23,-0.00013688430644920313,-0.036474591657929434,-0.004473363155754417,-0.003277517397566654,0.006462702683840638,-0.013057676369216176,0.010826438995553689,-0.007876032434039115,-0.009536194191590797,0.005629838142153343,-0.008858965488411363,0.003364962141491956,-0.004167209272040617,-0.0023536334215945587,-0.0043604651162790775
2018-07-24,0.005201271496179993,0.009279676816642102,-8.167940027570264e-05,0.023017889668905722,0.006893313653482114,0.004042688930516958,0.0020082154891827297,0.006181693573669822,0.0026258205689277947,-0.01469559132260323,0.00965321646020767,0.0027438838307449753,0.0006538511834706107,0.01209082866411082,-0.0068126520681265346
2018-07-25,0.0066720839798510845,0.011383631741177735,0.006127951507796325,0.0021428721656606697,0.008721741736766209,0.015739378134207227,0.013122806849881208,0.004526915441845247,0.0015277171540812873,0.02059659090909083,0.006019832778745515,0.003344500224776059,0.000784108729743771,0.0032051282051281937,0.06369426751592355
2018-07-26,0.008251056510665933,0.004473269046788131,-0.004953691298520191,-0.0007127916835928394,0.01194675215097063,0.0018017570632469226,0.018463598859373098,-0.006116028267267759,-0.005011985181956891,0.006263048016701411,-0.0091517152509073,0.007878806374289837,-0.002611647949856355,0.0005808887598024448,-0.011515430677107363
2018-07-27,-0.0033539039029971685,-0.01321646546298838,-0.0022036016768054445,-0.005884449632287847,-0.009968260504809145,0.015107933721349553,-0.0001850188944205744,-0.00012954107248885904,0.001752080595707417,0.0013831258644536604,0.014564826037944956,0.00030067980060266564,0.0007855459544383603,0.010740203193033482,-0.011183597390493905
2018-07-30,0.009153322072898984,0.020963673909315306,-0.0010632478192137418,-0.00304927750828754,0.007331105792270476,-0.008858998983299338,-0.0007401022490242104,0.0025265944219443615,-0.0021862702229995534,0.014502762430939287,-0.008753501564246258,0.003606797852193644,-0.0005232862375719183,0.0051694428489375,0.03016022620169645
2018-07-31,-0.009603857662794035,-0.01953508014889771,0.001965039095882082,0.014393652832526804,-0.018010102094986546,-0.005362841206232649,-0.014442407008974256,0.0016154841947666476,0.002410166520596002,0.013614703880190593,0.014835750060653075,0.021862888421645188,0.0003926701570680091,0.03285714285714292,0.013266239707227845
2018-08-01,0.0,-0.015997650377347683,-0.004739664124574161,-0.029797839821112504,-0.01618280449531795,-0.008626947263559837,-0.039453340519521984,-0.006838706231886316,-0.0052459016393442415,-0.019476158495634666,-0.009745867864886182,-0.013774947358968448,-0.0020934188146015664,-0.018810511756569892,0.00812641083521437
2018-08-02,-0.010774451875526059,0.01921364694059724,-0.005993963939393998,-0.0029250081572282927,0.01640125254443703,0.021029764287177732,0.011246394896762713,-0.004222397048057713,0.001538123489343013,0.004794520547945158,-0.011599294019560502,-0.010995578624164226,0.001311131506490204,-0.004792782633211146,0.0040304523063143805
2018-08-03,-0.003267499982861133,-0.006815563035715733,0.0029737119267618795,0.00971763354128874,-0.002298517114233678,0.013139183619559791,-0.0012571706570259078,0.005023136664530137,0.00372970601140854,0.008179959100204526,0.008179215340400336,-0.0009014056609742971,0.002356946444939112,0.004249291784702569,-0.007582515611061602
2018-08-06,0.007376054122118836,0.007592411865674942,-0.004612070343548269,-0.01180317007093934,0.005830152120898546,0.00245354702591416,-0.00019368984346102014,-0.007399735130362961,0.0019672131147541183,0.0033806626098715764,-0.0021163832499134783,-0.007518796992481258,0.0010450685826257633,-0.010155148095909783,0.03280898876404503
2018-08-07,0.012203410520391866,0.002318447004232782,0.0008274036241935345,0.007350231991532841,0.013929760528258672,0.012937126100674767,0.01883692692980099,0.0016348791854527978,-0.0045811518324607725,-0.0006738544474393926,0.01060442655892202,0.008181855172821884,-0.002218452303275442,0.013679110857794274,-0.010879025239338591
2018-08-08,-0.031748194214844316,-0.03223934923479943,0.0024801587802172342,-0.00018240195981644725,-0.02461852313702173,0.01794953607959382,-0.040161630565441864,0.0038519301273098883,0.0002191540653078139,0.0013486176668915384,-0.004896795694342315,0.013225108912068073,0.00026157467957110825,0.005060444194545877,0.0030796304443467815
2018-08-09,-0.0029053553959494938,-0.0019421105179416864,-0.0005772317218930567,0.005473492081858433,-0.0017960558217484657,0.002034602306637101,-0.009705389251530971,0.0027965183693632323,0.004601226993865115,-0.005387205387205385,-0.001054505653461657,-0.009196102187443156,0.0018305439330543738,-0.006713286713286748,-0.009649122807017574
2018-08-10,0.01026776560154019,0.012273607615463034,-0.0006601607492431327,-0.008346942933989077,0.013163427975611874,-0.0037224765712390306,0.019651024771319747,-0.009922814785978673,0.009596510359869193,-0.03114421123899802,-0.01513020070448412,-0.03143712574850299,0.005481597494126911,-0.04702900591382708,-0.03144375553587242
2018-08-13,-0.0027468336073110944,-0.0063581298630623895,-0.016348713695773287,-0.003842705342739894,-0.0012617900035567509,-0.00475541404131552,-0.01201457963702901,-0.020503061022225655,-0.002376323179952511,-0.0034940600978337066,0.008931761416374417,0.013292079730969908,-0.0010384215991692258,0.00886524822695045,-0.024234110653863716
2018-08-14,-0.0020658521500896976,-0.002380893452094579,0.0014269714615955387,-0.017083016003913487,-0.0038839801910650618,0.00989762566835517,0.009629284954884243,0.004815057148070512,-0.0019488956258120194,0.016129032258064502,-0.005311601265793331,0.0219646506258524,-0.0011694386694386383,0.01288810779144689,0.015463917525773141
2018-08-15,-0.023461178163421748,-0.030280410972170824,-0.012992455993294239,-0.04429078601942993,-0.017992219223680772,-0.006421106013997591,-0.01804238203373465,-0.04019967433528737,0.004990236493816358,-0.0020703933747412417,-0.007476005364205784,-0.016417910447761197,0.002731885000650358,-0.0080971659919028,-0.017535763728657172
2018-08-16,0.009468600179737052,0.006921964827800053,-0.0011040754378981443,0.022096283998774835,0.002870284164519399,-0.010884375587430162,-0.005006503572637988,0.019138758195773153,-0.001511226252158937,0.010373443983402453,0.009684378260083504,0.015478015488666452,-0.0014270887389724596,0.03265306122448974,0.018788163457022167
2018-08-17,0.005599909340192388,0.006874497157508541,0.00025510018753704955,0.004208883675639763,0.0008586435092976519,0.013067437039621765,-0.0032706075990671657,-0.0055112864442040665,0.0,-0.002737850787132068,0.002841915623096325,-0.013448893956707897,-0.00012992074834350387,-0.004517221908526214,0.03365606270170596
2018-08-20,0.005290230317851474,0.007889494980643397,0.008754822633340487,0.014859986204517117,0.00743492776367316,-0.001697255353896976,0.017264855484692365,0.0026682783953817513,0.00648648648648642,-0.006177076183939589,0.01098127447105357,-0.005755812969868823,0.0031185031185030354,0.00028360748723765816,-0.03256021409455845
2018-08-21,0.005816343640359101,0.013849136906802562,0.004887029422976141,0.0097616002250005,0.004636179888832803,0.013260807390214069,0.0013895031461408358,0.006550711234114548,-0.002363050483351281,-0.006215469613259694,0.0017519003313466452,-0.010054900023785507,-0.0014248704663212264,-0.008222285228239312,-0.02766251728907332
2018-08-22,0.02960211492748921,0.007572414963400886,0.00310252667946731,-0.007808197113251536,0.021049118089274232,-0.008053667541774834,0.02482783505909847,-0.0010847228826552646,0.0023686477174849063,-0.020152883947185507,-0.012941617252838933,-0.011695869080808441,0.0014269036191465467,-0.018582046883933723,-0.0023707918444760834
2018-08-23,-0.0006685667715886634,-0.0004420686564553522,-0.007774010238681517,-0.005995890104981028,0.0032745033294265813,0.0027063250204886202,-0.004255333376144144,-0.01411599825432619,0.0012889366272825775,-0.01631205673758862,-0.006732765107441807,-0.023045760684597405,-0.0002590673575129099,-0.01893387707544425,-0.0076045627376425395
2018-08-24,0.014585792706103051,0.013121028536386747,0.016259518810551876,0.017530619822710092,0.012319535253650926,-0.01585692697272678,0.009081140236364638,0.01734699852895072,-0.0004290924694271281,0.005046863734679219,0.004281089152521345,-0.0031877588813736812,-0.000647836227001819,0.0,-0.01388888888888884
2018-08-27,0.005143753511186899,0.0021827928290798493,0.002238208623549287,0.0022230612169542585,0.005766997203328961,-0.0140555800531027,0.005630758808831793,0.004398104008510151,-0.00321957501609782,-0.005021520803443313,0.007815318780974412,-0.020466978459294682,-0.001426163619862586,-0.008610451306413247,-0.030111704711024756
2018-08-28,-0.003411653842723128,-0.004936894928496693,-0.0013233875814205875,0.010720903765973677,-0.0015801998802148498,-0.008344899176958465,-0.005216318984329615,-0.005187258489558255,-0.004737295434969813,-0.016582552271088735,-0.006697233994962137,-0.018282650372557607,-0.002077382498052449,-0.017070979335130243,-0.0020030045067601643
2018-08-29,0.015668235539459063,0.014300355674742304,-0.0024018753978987117,-0.009144058977815672,0.01388259378365131,0.015077132841030627,0.013133150584376141,-0.0053497983314994,0.00108178277801807,0.0007331378299120228,-0.005322910465076269,0.004655782639345185,0.0,0.003351614868982278,0.035122930255895746
2018-08-30,0.008166933606464477,0.010645919163104534,-0.005645536594541256,-0.00682912103724842,0.0027652982242010182,-0.007253854433720841,0.01780633618333738,-0.014365433876371902,0.002593473092716625,-0.00073260073260073,0.008919015122218932,-0.002317153899001889,0.001431173562321142,-0.004555116914667479,-0.015026660203587006
2018-08-31,-0.004500430618859963,-0.00640565050878561,0.0021709090442110224,-0.015424676167668405,-0.003113449827540804,0.014613714626075192,9.320959222369751e-05,-0.002693963565122637,0.0,0.029325513196480912,0.0031824664215935883,0.0076311159824933306,0.001039365986748031,0.016473459426479486,0.02066929133858264
2018-09-04,0.009687419500622463,0.0010028609135204203,-0.0063318314980242985,-0.024726320394797385,0.005978601154340346,-0.031892983085852755,-0.0697391898350066,-0.026111640269655068,-0.007544729467557687,0.009971509971509862,0.0007049189222223529,0.01514644517959951,-0.0027255029201816994,-0.0012004801920768582,-0.030376084860173624
2018-09-05,-0.011513388089555487,-0.01645915959170563,0.0018446158566753912,0.0034836707030945213,-0.008959069766753314,-0.009918483309854675,-0.014742749556118429,0.004053777166848738,0.0,-0.007757404795486589,-0.007396938675145792,-0.006811468274684707,0.00026028110359188616,-0.0078125,-0.017901541521631037
2018-09-06,-0.009965014578986686,-0.01382428056986873,0.002510670297685369,0.010028938543920507,-0.011367162275724318,-0.008228980779795059,-0.007023628351449207,-0.0030457728544759366,0.0034752389226759828,0.004975124378109541,-0.0007097394445378935,0.015675988248241346,0.0016913869372885415,0.0015142337976983278,-0.01569620253164561
2018-09-07,0.004313749425551405,-0.0002950663133676201,-0.003589655848139972,-0.005728510573593137,0.0041193066380649235,0.001442982826207917,0.009738623089305953,-0.0005683424706514062,-0.0071428571428571175,0.0021216407355020284,-0.007812475658614426,0.010289428318428495,-0.004156383945966957,0.006350166313879635,0.0005144032921811093
2018-09-10,0.007028516239200089,-0.003099617482991257,-0.0005026605212881119,0.002688768272882447,-0.00018035631658230855,0.010086411274793816,-0.005482235456134021,0.0008530662963968094,0.0010900370612600963,0.003528581510232831,0.0032211936602573044,0.0054105080312121245,0.0001304291117778522,0.0018028846153845812,0.036503856041131044
2018-09-11,0.02184302380791081,0.02531831598005696,0.0020117555859702207,-0.00248994655423751,0.015420774194977227,0.008559261303710874,0.028072655602894292,-0.0019177801220925383,-0.005226480836236891,-0.0007032348804500987,-0.010702858974673934,-0.005381391966757021,-0.002608242044861764,-0.015896820635872833,-0.020337301587301626
2018-09-12,0.008601066609846608,0.01617332486039036,0.007779761224591786,0.02092928673660288,0.002531026968930261,0.0003535811515111842,0.010227425665235934,0.009963018991366646,0.002189141856392185,-0.03870513722730473,-0.0036062164846923928,0.004774029095236498,0.0009152719665272979,0.010667479427003856,-0.024303797468354427
2018-09-13,-0.019563551547354008,-0.025294960057080096,-0.002241181440447937,0.0022569276135713245,-0.015148139074162459,-0.004241811219342861,-0.020591722840166526,-0.0034527014309347903,0.000655307994757548,-0.015373352855051259,-0.006876533929786488,-0.013937359024164486,-0.0001306335728281649,-0.007539203860072341,-0.020757654385054503
2018-09-14,-0.0011512403035792707,0.005831776457727145,-0.005823627287853572,-0.013886260423598529,-0.006431350514983003,-0.017749362397436408,-0.011390471762879217,-0.007141330316028149,-0.004365858982754878,0.0022304832713755385,-0.0003644398209622368,-0.012849341975111894,-0.00195975960282202,-0.0015192950470981348,0.01748807631160565
2018-09-17,-0.0005121435268067298,-0.0011595043359490242,0.003933013532949836,0.002283555406661808,-0.0012674216516714853,0.016985880742973247,0.003349925138717902,0.005697188772912698,-0.0008770006577505374,0.03264094955489605,0.0,-0.01431823648313546,-0.0003927215604137002,0.002434570906877598,0.0546875
2018-09-18,0.012555998580668692,0.013640904978337476,-0.0024171896822345884,0.02980816064169778,0.013279539310971922,0.04228862866186245,0.014214899955374838,-0.0026908446048383716,-0.007022163704191398,-0.013649425287356354,-0.01130147511824453,-0.007923387074430188,-0.002750130958617092,-0.011536126290224602,0.008395061728394992
2018-09-19,0.004681801243795025,0.018181879745229557,0.004511950303676349,-0.0007374097051134898,0.0048754399631874,-0.0085237281348709,0.00788069200728736,0.0074553037944375955,-0.0024309392265193797,0.007283321194464731,0.004793479230964293,0.01963392311642065,-0.0010505581089954585,0.019656019656019597,0.02350636630754166
2018-09-20,-0.008816178390230411,-0.004499433105542128,0.003327233540561192,0.004059010269066299,-0.008279171972433552,0.023383795866471102,-0.0030187258935534533,0.0018324069807964527,-0.005759858218874592,0.01952277657266821,0.0128440506961367,0.016318538184074693,-0.002234783751807523,0.02439759036144573,0.002870813397129135
2018-09-21,0.001270725633971681,-0.0002825462090207953,-0.008290499423652453,0.04244762041868966,-0.0008976010360293163,0.00033599714282250837,0.001240969508908174,0.0037987970621329303,0.0006684491978610207,0.013475177304964614,0.017753614650206417,-0.01766217118754443,0.0006587615283266679,-0.00352837400764483,-0.00429389312977102
2018-09-24,0.030456774156569555,0.018366813706954588,0.0025916216207941822,-0.007227197319558121,0.026909273807663503,0.020490463136699555,0.01864052363908697,-0.0012614513266859806,-0.0006680026720107257,0.009097270818754444,0.006051978475275499,-0.003922790825092948,-0.00039499670836073975,-0.007376807317792888,0.010062290368950677
2018-09-25,0.00825130324533041,0.002774652374606612,0.0005836330721065153,-0.004438937411736066,0.008486758116598603,0.014483182622660795,0.006326963591240409,0.01031502034663534,-0.0033422459893047707,0.009015256588072118,0.003892449025500788,0.004922874761753571,-0.0014488935721812535,0.005648038049940629,-0.01185958254269448
2018-09-26,-0.00647375584354104,-0.009822898401542601,-0.0050000000000000044,0.001248434035951762,-0.0023858405446860464,-0.01979237779984211,-0.0044493195897590265,-0.006459192932397606,0.005365526492287165,-0.0020618556701030855,0.0038772893813527887,0.00489875878576318,0.002374356944994105,0.005025125628140614,-0.006240998559769562
2018-09-27,0.004671808457354043,0.007684826800377742,-0.009798954080297295,-0.015140726846280983,0.010131390432985166,0.011585596455273572,0.011610411195306813,-0.007270191494865297,0.0008894818768068191,0.004820936639118534,0.013342734347719487,0.001624959311550489,0.0001315962626662337,0.00588235294117645,-0.008695652173912993
2018-09-28,0.012236906327243835,0.015668291879973983,0.0077814013295471884,0.00813891804618705,0.012354127573383167,-0.01570683814288465,0.009028053910715927,0.029716211885598254,-0.0011108642523883772,-0.023303632625085724,-0.006237016679452867,-0.00908506878535098,0.000263157894736743,-0.011111111111111072,-0.007797270955165692
2018-10-01,0.027321108593804544,0.027986389785089605,-0.003692844661403738,-0.004664518019337871,0.02385412489086769,0.028590494358721408,0.012516634381291691,-0.013745483938352066,-0.0037811387900356097,0.026666666666666616,0.011506273368013131,0.016699430928097225,-0.0009208103130755596,0.014488468361915974,0.0009823182711199419
2018-10-02,-0.0021181489534630726,-0.0009296107833635103,0.012888593330627529,0.007570348738319632,-0.00012466006862743573,0.023270777612110827,-0.0002820679424012651,0.013035621012126075,0.003795490064746554,0.004784688995215225,0.012064818293978208,0.002254467655495196,0.0011849901250822192,0.009618187117458543,0.019136408243375813
2018-10-03,0.01757072889325384,0.015685235311996282,-0.0034098265990434307,0.009838967233866791,0.012294461016144842,0.02021482373215311,0.005124839351341004,-0.0013688914825001897,-0.014234875444839812,-0.007482993197278964,0.005449585970229709,-0.011889498913546848,-0.005786428195686533,-0.0051963048498845366,-0.007703418391911465
2018-10-04,-0.019816885691618435,-0.0272215905165063,-0.0009180485783387704,-0.020371970151767727,-0.015386567365376913,-0.020123856605766877,-0.017494624206344844,-0.005483202389950925,-0.004287003610108253,0.007539410555174708,-0.008130073421291018,0.0029268094194614402,-0.0022486772486772777,-0.0026117237376668268,0.005337214944201918
2018-10-05,-0.004965691178208331,0.0001344612752554042,0.003341129437972823,-0.005063355100273337,-0.0030837338355585997,-0.006951050442893569,-0.006808164985114162,0.004066162255556005,-0.004532064355313836,0.0020408163265306367,-0.0068306269893864124,0.023346343545804116,-0.0015908789606257079,0.011347105033459481,0.005791505791505891
2018-10-08,-0.0029705321901328796,-0.0006725238744436091,-0.01398595358035326,0.001454084705764025,0.0007942967698033598,0.03945277662074753,0.0036430805128107036,-0.021278084592069035,-0.0018210789893011725,-0.004752206381534285,0.008596973887754267,-0.004435975505099221,0.00026556898154295183,0.0008630609896431718,-0.013435700575815779
2018-10-09,0.012990064239299048,0.009018685700477258,0.002364004306059986,0.014519041811780431,0.012363170972962356,-0.0003060690336734728,-0.007785243122733432,0.004909225707271592,0.005017103762827713,-0.00545702592087316,-0.012274142901057106,-0.002227919095591946,0.0009292446568431867,-0.007760850819200971,0.0019455252918287869
2018-10-10,-0.022470631318933787,-0.023879414853116288,0.0017689502549060876,-0.009302333516447936,-0.011923388136752644,0.0055112943318209595,-0.027438106597919232,-0.005164376867797915,-0.003403675970047648,-0.004801097393689946,-0.011045899289224614,-0.004784688995215336,-0.0005305039787798504,-0.012456546929316303,-0.008737864077669855
2018-10-11,-0.03405938532181185,-0.030066926380980963,0.028756369097582946,0.010111909494276983,-0.02618064679138421,-0.018879426842883462,-0.043407249699439654,0.019642211906230722,0.011612021857923427,0.01791867677463821,0.002792318491142698,0.0025640634390025063,0.005440552016985123,0.007040187738339698,-0.004897159647404559
2018-10-12,0.0021180932521875917,0.005213401589734934,-0.004413587588118051,-0.001430085305607065,-0.0046737073853122535,-0.01893230059063733,0.004811917696679435,0.0019952034807046992,-0.0009002925950933882,0.012186865267433955,0.010790162834332095,-0.0012787529159020705,-0.00039593506664903355,0.01077774541217602,0.018208661417322913
2018-10-15,0.0043515911077096625,0.006167682422105081,0.00681393070723324,-0.0044754915003732965,0.0018954959810966177,0.025624830529344278,0.0011843583909987299,0.006316946361582643,-0.0031538634827663614,0.012040133779264162,0.024793364003288243,0.04673497563624607,-0.0015843675732769569,0.02766570605187324,0.014983083615273118
2018-10-16,0.00779902070231242,0.0019503955423416652,0.0007338750783967285,-0.0035964721080695705,0.006234640085546417,-0.0009253611614823409,0.01697268499128546,-0.0017740190123197719,0.0015819209039547033,-0.007931262392597449,-0.0033602278461233315,-0.014373126015386095,0.0005289605924359009,-0.007571508693213658,-0.0028571428571428914
2018-10-17,-0.016705571172754397,-0.030172389101676966,-0.0029333476028844396,-0.0012633043894921814,-0.012434809806113,0.025007671866556835,-0.02963640655111488,-0.0025974098779407706,-0.00248194945848379,-0.0026648900732845204,-0.0033715570459941224,0.004343855001824659,-0.0014538725878932013,0.0011302627860978465,-0.011461318051575908
2018-10-18,-0.009494092532876919,-0.015770587442596296,0.00228818251193319,-0.010661369012081146,-0.007009677456626395,-0.03674698237117191,-0.014384703733816173,-0.004043312447090219,-0.00022619316896632657,-0.009352037408149605,-0.0182678964118681,-0.022860748022862643,0.0007941760423559874,-0.025119954840530645,-0.008695652173912993
2018-10-19,0.0061798191210964415,0.006846339552169622,-0.000978353992560077,0.011141529016042373,0.0030938626823644455,0.016260177148436306,0.012056458213996368,0.0031652432860389546,-0.002941176470588225,-0.01011463250168576,0.004135042384282972,-0.01011692005359055,-0.0015870916545430713,-0.007817023740590567,0.003411306042885087
2018-10-22,0.0006267617513524559,0.0007233133735047304,-0.0033461988842417023,0.002167645305492405,0.006993887701744361,-0.03446153494027948,-0.0037619533954529327,-0.003909744040598739,0.000680735194009463,0.006811989100817373,0.00034317876085432353,-0.0009582187949485066,0.0003974036296197081,0.0020426028596440826,-0.013113161728994682
2018-10-23,-0.042465230012429855,-0.039612518957672704,0.009990233974772167,-0.009733219573117236,-0.030067729349192662,0.02358186152788777,-0.03666021676496367,0.01418533052970683,0.0027210884353741083,0.002029769959404515,-0.013379052993212404,-0.006713477199134066,0.0022510593220339548,-0.0011648223645893685,0.0019685039370078705
2018-10-24,-0.0035322378837953083,0.005870832272419024,-0.004540275235196178,-0.00018200355449382588,0.0016456226532857166,-0.014321296807091155,-0.007894175794114777,-0.007944026931328119,0.004296698326549109,-0.00540175557056044,-0.005215563885136443,-0.014805297466324085,0.003038710529792654,-0.008454810495626797,-0.018664047151277008
2018-10-25,0.009452556623490427,0.007632477380420832,0.0010587446702361447,0.000728233551418489,0.011544790637129543,0.011370819522852571,-0.005158322081619371,-0.003148345798350216,-0.0004503490204909033,-0.019687712152070658,-0.007689661517292112,-0.0058804909332087485,-0.0007903055848261786,-0.009997059688326981,-0.02452452452452447
2018-10-26,0.009494126189730112,0.0038614956151095114,0.0027662716472203197,-0.0016373114435275227,0.010930143283484517,-0.005309169413531212,0.001158425790291684,0.0048060865441297285,0.005181347150259086,0.018698060941828354,-0.008101428220537055,0.00985869247566673,0.004218296862641635,0.0038610038610038533,0.03694202154951265
2018-10-29,-0.003607400138925354,-0.008137231131272515,-0.006490872210953347,-0.002004314820269415,-0.008119793587275215,0.0,0.0054545308855167285,-0.0176289969118808,-0.0006723442402509772,-0.002719238613188346,-0.00958808448958448,0.0029288136993641523,-0.0006563402467839596,-0.007100591715976323,0.003958436417615063
2018-10-30,-0.018489691537270758,-0.0128281712202718,-0.001551673674203724,-0.027569840490707764,-0.01072544352920024,0.000627972840193447,-0.01041155848652997,0.0018084456528020265,-0.0031397174254317317,-0.005453306066803054,0.003944087944024455,-0.01005842303936455,-0.001444896886903968,-0.006555423122765247,-0.014785608674223738
2018-10-31,-0.005796369650629796,-0.013146006989576686,-0.0084246090000748,0.00018774455137915425,0.0008850754482243595,0.023219291152471344,-0.02098674980709936,-0.01208080176710824,-0.0056242969628796935,-0.004112405757368043,0.0007143020629882812,0.004260857971034149,-0.0028939752696658383,0.006598680263947276,0.0015007503751875984
2018-11-01,0.0003974927628416225,-0.02480476178905633,0.01954957536691082,0.02177580168301052,-0.026969717636639245,-0.007359684155692214,-0.029128938129097892,0.03513950360411,0.002262443438914019,0.009635237439779676,0.01070661071232859,0.02284595345770435,0.0011873350923483628,0.035756853396901045,0.014985014985015033
2018-11-02,-0.03536421415821611,-0.008635566791014182,-0.00412619383975521,0.029946741063661353,-0.012722591179292309,0.01451959576818429,-0.004777191488936183,-0.0014936732071713088,-0.009255079006772027,0.012269938650306678,-0.004237250465320308,-0.007657925792037834,-0.004480168665173312,0.0071921749136938384,0.001476377952756014
2018-11-05,0.004668355476350472,-0.0006335273347167769,-0.0008936351971079448,-0.01694609188310192,0.010815521435286746,0.08617539563763676,-0.009600175405064193,-0.007003446572676486,0.002961950330371277,0.007407407407407307,-0.010638338166410355,-0.0012861540079883715,0.0007941760423559874,-0.0025706940874036244,-0.0029484029484029284
2018-11-06,-0.014213488336107916,-0.014104586547865727,-0.004878841894434327,-0.00907279791614124,-0.0036425512513637015,-0.003364128343123829,0.0012412026870742832,-0.009997254692686197,-0.0009086778736937529,-0.00200534759358284,0.0,0.0025756206608127385,-0.001190318740907248,-0.001145475372279492,0.009364218827008441
2018-11-07,-0.0008317975998661797,-0.008680291327349154,0.0019610248798798136,0.008057159686836401,0.02230041308965247,0.0,-0.02750884534332909,0.004841589012152259,-0.00045475216007273556,-0.0026791694574681557,0.010752729337312639,-0.010918413497511548,-0.0001324152542372392,-0.004873853211009194,-0.00341796875
2018-11-08,-0.019703041139977895,-0.01621534019281945,-0.0026911816092136664,-0.005631269152525653,-0.030754090582439053,-0.0033755509699008313,-0.001881775849344458,-0.009774242810944522,-0.0013648771610554888,0.00335795836131636,-0.006382989372551329,-0.006168811352222026,-0.0017216262746656552,-0.00028810141169688386,-0.004899559039686419
2018-11-09,-0.006652529519492911,-0.007911645899505215,-0.013492517516226044,-0.01845082801893061,0.0020754281512063155,0.04967544993179529,-0.013926890188255436,-0.019671903147098768,0.005239179954442008,-0.010040160642570295,-0.01427550364009511,-0.0016334530873249875,0.002918546033430669,0.008933717579250766,-0.011324470704086709
2018-11-12,-0.000854909637116763,-0.00431962664006158,-0.004227433258230051,-0.003164004821442079,-0.007916049625473875,0.018553375597336608,0.009436311514298357,-0.009146969647892411,0.004078857919782353,0.0040567951318457585,0.003258444696041307,0.0,0.0022486772486771667,-0.0039988574692945145,0.03535856573705187
2018-11-13,-0.06631490792555006,-0.07074923505549546,-0.0017481874393484587,0.0033607404900097837,-0.04318986263170477,0.08262928102324119,-0.05743262657747272,-0.0015743747560620358,0.0009027307605506962,-0.012794612794612803,-0.005774083460788226,-0.005562867058501952,0.0010558268443974228,-0.005162030398623507,-0.023088023088023046
2018-11-14,0.009928234515953482,0.010055690197529277,0.0072548979289781546,0.008373664995725338,0.016193967877012216,0.1794684445643353,0.011603026820118822,0.007382500239922374,0.0020293122886132497,0.0013642564802183177,0.0007259694489125668,0.005923061358007242,0.0019775873434411118,0.0037474776592678616,-0.009354997538158494
2018-11-15,0.007562008155328481,0.0037333170572917407,0.004056647334235608,0.014578334382070013,-0.01040127896736176,-0.16518499152793342,-0.0025631600681431665,0.012949139542193011,-0.0006750675067507261,0.0013623978201635634,0.004352587615585879,-0.0009814141268129628,0.000526315789473708,0.020964962665134923,0.00497017892644136
2018-11-16,0.002101461781395919,0.0,0.006596305803030056,0.020007212400332985,-0.00019288673272632728,0.05794941133403397,0.013105516918092919,0.008498934627191757,0.005629362756135903,-0.007482993197278964,-0.011556507354726575,0.01800916866378266,0.0028932140978432663,0.003938115330520464,0.002472799208704357
2018-11-19,0.00044935258144018775,0.005313482853793516,0.0018839504143370878,0.00017838880051646022,0.0061243579932599435,0.10018726351381901,0.003741296947161299,0.001601877963959053,0.0015673981191222097,-0.006854009595613442,-0.001826859440117623,-0.017368909625267936,0.001180173092053538,-0.020734099187447508,-0.016280217069560954
2018-11-20,-0.06378203440389685,-0.05866804289693062,-0.0033521181160790503,-0.01354968993258987,-0.04610812300679834,-0.03765958573603467,-0.05496241695490578,-0.009317838020723501,0.0017885088307623143,-0.002760524499654915,0.0007320811854716336,0.0052373358543882365,0.00039292730844797674,0.00829756795422032,0.004513540621865486
2018-11-21,0.01519271999816496,0.022459306683238145,0.005578382959905648,0.010121133702105878,-0.01004929138099242,-0.01591853938329335,0.00989367749293768,0.01635430658230086,-0.0008926578888640568,0.0013840830449827202,0.016825131013362915,-0.0016281341258960191,-0.00091647028017805,0.002270147559591429,-0.003994008986520248
2018-11-23,-0.07372401290050346,-0.07706393587510085,-0.003915849760908308,-0.008588358160744658,-0.04771088448854266,-0.03212763851309952,-0.07903622519958309,-0.017886728778440664,0.000670091579182408,-0.007601935038009655,-0.005395669879382892,-0.002609322552579396,0.00039313327217915806,-0.0022650056625141968,0.002005012531328232
2018-11-26,0.02857143413221186,0.02399847169996905,-0.0006552406454750637,-0.004331292454191615,0.008954293955297121,-0.01392756303564624,0.03687202630093034,-0.0026721121978642293,-0.0015625000000000222,-0.00835654596100277,-0.02495481170260838,-0.0091562717617385,-0.0011789363374378192,-0.02128263337116909,0.015507753876938368
2018-11-27,-0.004464293316918999,-0.0013557949520836,-0.0073758403213805,-0.017400795921309498,-0.0036978179914084475,0.0032956540694704106,-0.015111632483035486,-0.008531293771571247,0.0008942544153811571,0.001404494382022392,0.007418426176974302,0.006270606919090316,0.0009180327868851812,0.015366772977674747,-0.01871921182266012
2018-11-28,-0.024082391379962487,-0.024631505506932605,0.00842146107446462,0.031543996254264295,-0.025238616097741473,0.10628814165755385,-0.016117670176550192,0.017138399286650063,0.00022336385972754336,0.011220196353436185,0.02098673409523344,0.009839291767970826,0.001179245283018826,0.01713306681896065,-0.0010040160642570406
2018-11-29,0.012763785252273507,0.02306621249342533,0.0022105380038535127,-0.006437727983502395,0.002828562011363722,-0.014634197647428127,0.04063238315822337,-0.002097510011979775,0.0013398838767306742,-0.0006934812760055475,-0.0018030738509170474,-0.0032478077941638928,0.00026174584478466656,-0.0036496350364964014,-0.0020100502512563345
2018-11-30,-0.013443106362365231,-0.010106908650198476,-0.003186034222568912,-0.00018005837221224397,0.0010305693323309217,-0.007318106018370685,-0.009211492867109983,-0.012541154892734219,0.002899197145405985,0.017349063150589927,0.0050577813621721646,0.00456172670031596,0.0010467094073007832,0.008453085376162406,0.03877139979859012
2018-12-03,0.05075795586282794,0.039662290313365434,0.011227728069510334,0.00792081910583109,0.022758090212268156,-0.05919335736474063,-0.006868863415999016,0.020363254239398332,0.0044474093840338735,0.012960436562073685,0.017613219859571982,0.012325716707775713,0.0011763168213305697,0.012293936853869702,0.0
2018-12-04,0.006321984325297958,0.005665707889290994,0.005835117132195533,-0.01821749599768485,0.007099315640801462,0.027195101995781457,0.008383459839484741,0.009735091270169471,0.011512065530219218,0.008080808080808133,0.011656655949536576,0.0019224802684452147,0.0033942558746735685,0.006624344465912202,0.0067862336403297085
2018-12-06,-0.03253866620785428,-0.033051611671985004,-0.002417210586587615,-0.0029107277079505334,-0.022463071239920196,-0.02916752166415637,-0.006928079733619974,-0.009021387366603184,0.00700372072663602,-0.006012024048096198,-0.0059357569803367705,-0.008634512637126557,0.0029924538121259836,-0.002467781738415109,-0.02696196437168996
2018-12-07,0.026806472841178985,0.02175177501214076,0.007026955345888153,0.006203233027302746,0.01506834454398076,0.037208174180993314,0.03655643342181292,0.012647616553214336,0.0010867202782003371,0.005376344086021501,0.0010537649233954838,-0.0029032061176915702,0.0025943702166300042,0.007971412864211214,0.028203859475507187
2018-12-10,-0.027566028842501922,-0.030602558290690807,-0.0024864433227795857,-0.014143258486469579,-0.022319983982396763,0.012700570695891145,-0.04502625765477186,-0.006450718197542393,0.0008684324793746256,0.0006684491978610207,0.0007017704478480269,-0.003882278173198639,-0.0006469142191745103,-0.007635669484592267,-0.009143407122232938
2018-12-11,0.00383524324753437,0.012745127958409874,-0.0014472355298531525,0.01747292083161045,0.0016268212045535968,-0.030363038311897905,0.014729727867769382,0.0014504702929258873,-0.0019522776572667988,0.002004008016031955,0.006661943326065511,0.0032478077941637817,-0.0019419989642671664,0.00577081615828523,-0.009713453132588645
2018-12-12,-0.0008305521001144012,-0.009680541824369171,0.0020130444889712162,0.000903852925217441,0.002057297646573364,-0.061493057512922555,-0.01347409379662956,0.015587336514966577,-0.003477504890241234,0.0033333333333334103,0.003134801653009056,0.006150838245471357,-0.0014269036191464357,0.005464480874316946,0.010789602746444249
2018-12-13,0.02161262184675472,0.02795699437960497,-0.0013661790492072168,-0.0021672536634949058,0.013831085291413636,-0.0029013741464113396,0.04069271640820493,0.0002716271632863254,-0.0017448200654307522,-0.001993355481727521,-0.005555550404536702,-0.004504485043342221,0.0,-0.01413043478260867,0.024260067928190132
2018-12-14,-0.01903990185705917,-0.0262457402065015,-0.004586747723374307,-0.0007240157196594099,-0.016626725890358074,-0.07201749867464946,-0.029698291295834567,-0.014664984425499461,0.001747869783701006,0.0033288948069241098,-0.00872905046535577,0.0,0.0014289425824889346,-0.007166482910694549,0.0
2018-12-17,-0.011114767460403852,-0.02578124365536505,0.00840745708493329,-0.0027168749745214438,-0.010079655037908863,-0.07812902899841578,-0.016663120502535822,0.00868189956579668,0.0034896401308615044,0.0,-0.007749183447841479,-0.0009695791819217536,0.0022052146841353704,0.00471960022209883,0.0142112742775935
2018-12-18,-0.05619866221300818,-0.07297512653774241,0.0014429426988811223,-0.029785694348423153,-0.03985324472851126,0.0878684616088996,-0.04247025240605573,-0.003688769795957114,0.004781569224081794,0.0,0.00851969366234151,0.0042057190789359655,0.0019414962464405772,0.003315833103067156,-0.004670714619336769
2018-12-19,0.017419185676699644,0.020761225121661564,0.0023215053853804513,0.018906745041009643,0.02936311152616966,-0.02918186212361873,0.02650868603644785,0.008021914696856758,0.00302833657797974,0.013271400132714106,0.0017599168366451146,-0.008376308487888395,-0.0002583645523833722,-0.008537592949600659,-0.019239793524167048
2018-12-20,-0.05048922291406743,-0.027966094777283512,0.00918457010161533,-0.007165172787113705,-0.03085192382622859,-0.03837899172746417,-0.04609391573417332,0.0034689563499714637,-0.0006469700237222709,-0.017026850032743956,-0.009135570270452087,-0.0003248069847382462,0.0011629409484430475,-0.007222222222222241,0.00191387559808609
2018-12-21,-0.009751587749339818,-0.006320856773669115,-0.007755561053464088,-0.008697248894799281,-0.009715928690264164,0.06502931723452288,-0.003100397138940947,-0.011523085020325619,0.0,0.008660892738174608,-0.010992956202271476,-0.006824848944440909,-0.00025813113061434745,-0.009792949076664836,-0.018147086914995225
2018-12-24,-0.06224449076768124,-0.06712001235028109,0.010926743211311596,-0.003733429418797174,-0.04068795325691377,-0.09145701742854817,-0.052719387863060185,0.00809161551367743,0.004315925766076756,-0.0019815059445178473,-0.005378258222047405,0.006217257390501496,0.0030983733539891034,-0.0008476970895733293,0.004863813229571967
2018-12-26,0.07925500105514516,0.08676234534016736,0.0013411843565089843,0.014989680589680532,0.04295514827507274,0.021920961937474504,0.06534268755845685,0.020610808248215484,-0.004727116458960068,-0.01191264063534081,-0.013698599996465832,-0.013333353182164664,-0.003088803088803105,-0.015837104072398245,-0.012584704743465625
2018-12-27,-0.042408689581835746,-0.034833417737565986,0.006382050084993374,-0.015137489665740356,-0.031898936708986136,0.027942415351814853,-0.019843633682681827,0.012463361654994953,0.00539723661485314,0.0033489618218351946,-0.0018275271671690518,0.001647989486020185,0.004131164471985471,-0.0011494252873562871,0.0009803921568627416
2018-12-28,0.000766888720175718,0.016139906093972423,0.0020355245334273686,0.004311108401933161,-0.008103433004458371,-0.0930807222341693,0.01702453069342047,0.008886855968497143,0.0,0.002670226969292422,0.007689527496445914,0.01645278085034496,0.0007714065312418583,0.015822784810126667,0.0019588638589618235
2018-12-31,0.03065131131678167,0.0017647918183540945,-0.0012500785650582102,-0.019036909938468627,0.009671369920733364,-0.10990006630678428,-0.001885128340098241,0.006981560471513104,0.0032209576980888333,-0.0013315579227696217,0.0010900719039927953,-0.008740633676923681,0.003211716341212645,-0.0002832058906825363,-0.016129032258064502
2019-01-02,0.02063198189763038,0.024884410304168547,0.0021121419609975156,-0.0011415604858767692,0.011780144815743299,0.0061224105837087706,0.0014354286743516464,0.0070628010588855705,0.005136986301369939,0.0020000000000000018,0.012704188426942098,0.015675988248241346,0.001408631066717847,0.013881019830028318,0.00695479384003983
2019-01-03,0.018940100499314827,0.011817774521724278,0.008430951466139813,-0.020761943998790944,0.024344322631391968,-0.00439486534387612,0.018029505377682442,0.010552085516766008,0.012989778534923335,0.010645375914837052,0.01003586704207482,0.005466277193026503,0.007928388746803128,0.006146968426934851,0.013813517513566742
2019-01-04,0.019839152729499432,0.018475237397869382,-0.0070445094536923936,0.03151141524643508,0.015614227238775369,0.033616291801679354,-0.0012596699099486353,-0.0007004095893268225,-0.011982341812066477,0.008558262014483287,0.008161800558748933,0.007675068125342355,-0.006977924384673928,0.010274923632324295,0.006326034063260266
2019-01-07,0.004731869107350795,0.011676425854485029,0.0031964588854191955,-0.003960005384312515,0.005200077487387267,-0.032851480807343014,-0.005193626203613189,-0.001656580018714937,-0.002553191489361728,-0.001958224543080922,-0.0052798176464593505,0.00983816579964536,-0.002044205953749878,0.0030236393622868896,-0.0004835589941972751
2019-01-08,0.02424558425350498,0.02596863787398407,-0.002797713335128127,0.007383573239956753,0.027327979729593777,0.007812500632691899,0.01625889112959511,-0.0027442254437684,-0.003199658703071706,-0.005886200130804431,-0.002830853611398565,-0.0018856256458130716,-0.0024324670336705045,-0.006577144423129622,0.0019351717464926033
2019-01-09,0.04632148074695297,0.0518280814447849,0.004753816932956623,0.0005637629216952433,0.029447173614332245,0.0057296797782153686,0.04608839807329934,0.0017278556811151091,-0.0032099293815536223,0.0052631578947368585,0.004968040742807434,0.0044080411510700745,-0.0002566735112936591,0.0057931034482758825,0.004345726702076336
2019-01-10,0.0039062774061076055,0.004392657363545993,-0.003567903111794002,-0.006949606174951772,0.013451736400424519,-0.005026764962663632,0.0037182024236266376,-0.005877468111343487,-0.0019321597252039968,-0.015052356020942459,-0.01341804960669013,-0.0200626767914871,0.0,-0.017553483269336256,-0.012019230769230727
2019-01-11,-0.019455265191345328,-0.019015021812103794,0.0018681594965994641,0.009835453756943613,-0.01385031676361137,0.04378574321187645,-0.02096873736885163,0.0010281983252815596,0.003226500322649928,0.0053156146179402786,0.008231909013601157,-0.007037786833256621,0.0019255455712452463,0.0041876046901172526,0.01119221411192206
2019-01-14,-0.024636208251439973,-0.020934325021522815,0.0015538808468158471,-0.008990510146074326,-0.014470385905284822,0.15876092501793337,-0.026343917317585785,0.002054345661978596,-0.002358490566037763,0.0006609385327165374,-0.002129906488458788,-0.011275773417596224,-0.0003843689942344408,-0.009452321378926931,-0.0101058710298364
2019-01-15,0.027970802919708104,0.03167694203102456,-0.0022496505073195117,0.001890045188229994,0.01063430540333088,-0.025062698574255582,0.034902412366577984,-0.0040361764485031815,0.0,-0.01915455746367234,0.00462465876712681,0.007820117120282077,0.0,0.002806623631770977,-0.006319883325230924
2019-01-16,0.011213725462072777,0.0038380495221050914,0.004198433073444363,0.016223347245656106,0.011964545137799432,-0.033418985147223634,0.0031883460373636208,0.0011578929158546636,-0.0015044057597248806,0.007407407407407307,-0.0003541157564761477,0.002586544914713551,-0.0015380671622661213,0.0013993842709207893,0.0029354207436398383
2019-01-17,-0.002283095080645503,-0.004588064847372397,-0.00046452121189100026,0.0024132190906935858,-0.005436524892599381,0.008569752756979021,0.00995829905964496,-0.006232338811486771,-0.0010761945759792946,0.016042780748663166,0.019128619351177045,0.006772028578466482,-0.001668806161745806,0.014812744550027901,0.0102439024390244
2019-01-18,0.024844727855208637,0.033224496876812726,-0.007513517561483329,0.01518514394433157,0.016823231532745675,0.020216819092486515,0.01594411801753437,-0.008857573146425435,-0.003447532859297553,0.004605263157894779,0.00834201485225905,0.009288897447452094,-0.0028288543140028155,0.009914624070503919,0.0
2019-01-22,-0.019138767916072275,-0.022862445347193172,0.0009365106736494155,-0.018971195538293184,-0.007776601792382598,-0.12693858024000304,-0.035311156095403584,-0.004631448110598901,0.0060540540540541254,-0.007203667321545537,0.001723517292866683,-0.006664570177208229,0.0033526756931012702,-0.008181074447777492,0.006760019314340893
2019-01-23,-0.005853668461000994,0.0009510982946698832,0.0004678172210039744,0.001859469930486135,-0.006575165653629145,-0.019736823530408287,-0.011273634953678058,0.00380107249768602,-0.003008811519449872,-0.0006596306068601399,0.011011689631971633,-0.0003195083179412528,-0.0015422182238786775,0.006323893318669338,0.009112709832134192
2019-01-24,-0.0008177827536748339,0.009692173063147624,-0.0031174499852775206,-0.007609482050240479,-0.0015884893539463985,0.03993287156935277,0.001371117611402628,-0.005157698701808822,0.005604656175900002,-0.0046204620462045876,0.004424815242637381,-0.0019175650853930915,0.002960483974771444,0.0010928961748633004,-0.008555133079847899
2019-01-25,0.009003097654064263,0.010540138289773626,0.014306973010254298,0.024125623178976152,0.0033410970681380103,0.025492093181274766,0.001297247292791015,0.026315791120665066,-0.004715969989281921,0.008620689655172376,0.017621160749932585,0.0051232986425100435,-0.0028234086242300283,0.01009825327510927,-0.0028763183125599667
2019-01-28,-0.027741711573732175,-0.03166319597178191,0.0038538614967715823,-0.01844408970947764,-0.028648414624779295,-0.08401509194119694,-0.040521119795125404,0.004475970017098874,0.0,-0.0013149243918474385,0.008990960514200452,-0.0054156792689002975,0.0007722007722008595,-0.0021615779519048584,-0.0024038461538461453
2019-01-29,0.023193715711167684,0.025389491290802146,0.004453260633515255,0.01655818140783971,0.03254069135160198,0.01339746965077282,0.013352406581755183,0.004901688189955289,0.003876803790652694,-0.006583278472679366,-0.006270581897460659,-0.0012813081307544438,0.0023148148148148806,-0.00460330354725158,-0.010602409638554189
2019-01-30,0.005381634584100237,0.017257515386338795,0.0012995515254869971,0.01500727953329295,0.00047426134847294854,-0.032542357484488416,0.023243736791476177,0.005954634560477734,0.00021454623471361955,0.01060304837640813,0.010295564917252253,-0.002244970227253229,0.0017962535283551073,0.0021762785636560977,0.006819288845591798
2019-01-31,0.0038929092916371033,-0.008113565008723622,0.007481431082647871,0.005769935958860994,-0.010324439041595967,-0.014015486681307032,-0.014179290665497946,0.008942017863136531,0.0068640068640069,-0.012459016393442601,-0.008218277428435061,-0.0035358601155076608,0.0038422131147541894,-0.006243213897937028,-0.0004837929366231508
2019-02-01,-0.00032316138246746284,0.027328451031528367,-0.0021216389038479777,-0.005019698383831539,0.018043443625612055,-0.028429256146713322,0.054450748463235055,-0.008862766843703351,-0.005112910097997414,0.004648074369189903,-0.009280765195142204,0.0058064122353831404,-0.00433784128604231,0.0027314941272875704,0.015004840271055198
2019-02-04,0.0103442605575772,-0.01266733567687095,-0.001974315086746503,0.007207200086191579,-0.0027709755086525734,-0.027066526196786733,-0.0032013696167391137,-0.0027078224774909065,-0.00471092077087798,0.0026437541308659274,0.008029433791199025,-0.0038485623362175536,-0.0017939518195797532,0.0008172160174340082,0.0028612303290413976
2019-02-05,-0.008478624116588729,-0.016495628724809475,-7.616042952995894e-05,0.007871139666367544,-0.005190297686356038,0.0007518251793137143,-0.004468330136912946,-0.0029677294722760816,0.003012048192771122,0.0039551746868820015,0.00829737825965604,-0.003541552098839995,0.0012836970474967568,0.0019052803483941005,0.0028530670470756636
2019-02-06,0.011455293477193873,0.006522520967505718,-0.003576283173412076,0.006567302173087652,0.007747001642983475,0.0,0.023283558431196116,-0.008486372694594957,-0.00021450021450020174,-0.001969796454366346,0.01711653956973147,-0.001615508885298822,0.00012820512820521657,0.0016299918500406463,-0.0023707918444760834
2019-02-07,-0.016908559288788094,-0.025365654035552243,-7.634638101372548e-05,-0.002468689641231925,-0.006118562436442931,-0.041697905740827546,-0.02282231647562083,0.0012135956335654896,0.005792748337266618,-0.009210526315789447,-0.002912626333300028,-0.01132686084142398,0.003204717343930241,-0.009221589368049954,-0.024239543726235713
2019-02-08,0.0076261138708468845,0.0015197916410010226,0.003283890848968518,-0.006540600824927467,0.004209364248504821,0.012544031731819727,0.014448085975166336,0.006251966287811106,0.0025597269624573205,-0.005976095617529875,0.001947464275594779,0.0019640134321297076,0.0007666751852797304,0.0013687380235423152,0.007793472966390658
2019-02-11,-0.009500807843558334,-0.005880147308670369,-0.0051000619783067025,-0.006583577083103864,-0.008540719608126524,0.022841663384526756,-0.01880538020913214,-0.007354350929782538,-0.0034042553191488967,-0.004008016032064132,-0.020408197310916587,-0.003920327288805869,-0.002042900919305368,-0.010388190267905939,0.0019333011116482446
2019-02-12,0.014794340306355291,0.013165400280821693,0.0016832067114576077,-0.006089986676232395,0.007927272883055503,0.017411053940986188,0.005636990227391392,0.00019162416033480234,-0.0027754056362083723,0.014755197853789426,0.002976195544612592,0.014103044921695673,-0.00140736949846465,0.013812154696132506,0.0033767486734201935
2019-02-13,0.019064442106925483,0.015065971275831647,0.001222195016748806,-0.00018019959618786885,0.016568791330174193,-0.042038659821475255,0.026555557235370175,-0.0022988666743805064,-0.0014986084350245843,0.0013218770654328527,-0.011210028138580519,0.002910717532190077,-0.0016655989750160582,-0.0010899182561308063,0.004326923076923173
2019-02-14,0.015091952134275388,0.009461935196575899,-0.0007628928614200614,0.0007210142433187183,0.016917721671146024,-0.0007767353099205065,0.029622502573198872,-0.007936482261345912,0.005145797598627766,-0.010561056105610533,-0.0033344575602841653,-0.014833943930913973,0.003465092402464176,-0.014184397163120588,-0.02920057443752988
2019-02-15,0.026018279589839377,0.02168719552444376,0.0063367891650625285,0.009546104621781959,0.024700676825293977,0.02020988989564798,0.04269146683535885,0.014387069209929493,0.0004266211604095904,0.0,0.002007406307000359,0.003273322422258529,-0.0010231487402481143,0.004427227448810189,-0.005424063116370781
2019-02-19,0.0030188218602593686,0.008994423432767684,0.016690691455494733,0.028189115402843967,-0.012720811276988098,0.014095215570359088,-0.005785542124479348,0.014246643973709894,0.001918976545842277,-0.013342228152101399,-0.007011719080860512,-0.0035889269282728398,0.0014082703879145786,-0.007438016528925617,-0.028755577590480863
2019-02-20,0.009480886557500012,0.014797611233722252,0.002387936199154339,0.016831532513914782,0.011882080703479403,-0.009767101226780928,0.021933732044376875,0.01316862382107109,-0.0017024898914662634,0.0027045300878971723,0.007397421487815414,-0.0006548189045508801,-0.0005113781641523651,0.0019428254232582987,-0.018376722817764146
2019-02-21,-0.00014910757241271,0.0007027567957507141,-0.014739855660243828,-0.009385717392944137,0.008918340664382463,0.023141164877396703,0.01019966381800641,-0.022652672596049528,-0.005542528245576661,0.012811867835468727,0.01769027713088911,0.0022935178946792423,-0.0020465592223074536,0.009418282548476542,0.011960478419136722
2019-02-22,0.0007455352912677515,0.005266840622936808,0.004306725479316098,0.02015505709847898,-0.0025536067148265174,0.007415639869668089,-0.001982194072631227,0.007409259923140787,0.004287245444801746,-0.0006657789613848664,0.0006559677898920757,-0.000980672765460322,0.0019225839528325128,-0.0008232711306256357,0.0005138746145940676
2019-02-25,-0.03516091349492301,-0.031086252732695052,-0.0024826413474535736,-0.0037149335060961963,-0.02781747638322629,0.04379829138909663,-0.040963248364405125,-0.005217512141392655,-0.0019210245464247322,-0.012658227848101222,-0.004916408305637443,-0.0006544901931824221,-0.000895484201100194,0.001647898928865743,-0.04108885464817669
2019-02-26,0.00694868643295532,0.00036049852070463295,-0.0006034005682129528,-0.0020339124965035316,0.012103733697090835,0.006699595781302525,0.02659851503736621,0.00012637314790575616,0.0047048759623609104,-0.011470985155195734,-0.008893295531476775,-0.007203607509562726,0.002432778489116494,-0.008774335069920536,-0.013926084627745028
2019-02-27,0.018095389077481983,0.025945921201963706,-0.005584502717080109,0.005095144318960632,0.011558678320008564,-0.019614708898015087,0.030069928651027755,-0.009793374376619868,-0.008514261387824629,-0.0068259385665528916,-0.009637783783872922,0.00593663496207153,-0.0033209860774044975,-0.0002766251728907321,0.0016295491580662347
2019-02-28,-0.00542251263234228,0.004917502647476368,-0.003718526618591955,-0.0030415892551622914,0.0009398286749759954,0.0046445199460265485,-0.0028763437035934647,-0.008550269596160454,-0.003005581794761736,-0.004810996563573866,0.005369122533839699,-0.008852499039446737,-0.0014097142124823714,-0.006640841173215284,-0.018438177874186557
2019-03-01,-0.014538832382557265,-0.0248165318655883,-0.012492400825778516,-0.005593218955456725,-0.011119366705572453,0.016714057869750443,0.06198978178912573,-0.023748257970066966,-0.004521963824289377,0.005524861878453136,-0.0003337223577681847,0.0033079723466109545,-0.002566735112936369,0.001949860724234087,0.0033149171270718814
2019-03-04,0.009220815689796602,0.014157722694065011,-0.008947836599417225,-0.007670031618196127,0.006646767074929283,-0.000699494600974071,0.010807376852659756,-0.010020401928875322,0.004109885355829457,0.0027472527472527375,-0.005676129280914988,0.009891197232911875,0.0019300051466804025,0.0044481512371421505,-0.0159691629955947
2019-03-05,0.0028932914070964877,-0.0005301074256226501,-0.0021793654434236753,0.008588146771819849,0.0010425411965337972,0.00945045479364448,0.010520339361388631,0.00019979086100962995,0.00021542438604060798,0.00273972602739736,-0.0016790175707283028,-0.0022852814800836674,0.00012841916013872634,-0.002214226404649855,0.016787912702853847
2019-03-06,0.001973842274722637,-0.0060113179691053675,0.0022621095273498426,-0.005960545462060596,-9.920312342037718e-05,-0.01490984115651861,0.01222134643497852,-0.0011318374065342196,0.003230669825543764,-0.0095628415300546,-0.007399909745775424,-0.01243461464218587,0.0020544427324087344,-0.01276005547850212,-0.03026967528893776
2019-03-07,0.004697760236759718,0.007826371703224977,-0.0008560787337824616,-0.0023984819635136656,-0.0017359312703658647,0.008799667808490952,0.009167120892477065,-0.002866108145635815,0.006225848003434953,-0.017931034482758568,-0.003388694703290951,0.0006627309977509377,0.003972321886212216,0.0011239112110144056,-0.020431328036322416
2019-03-08,-0.008446533366689435,-0.010412992484588601,0.01028193696045121,-0.006010621275503003,-0.006409357351375489,-0.0003488930714278249,-0.002049417248555341,0.02085563327958706,0.0012801365478984916,-0.0035112359550562022,-0.0006800563708752039,-0.009602628796305912,0.0007657945118060283,-0.007858546168958758,0.0028968713789108147
2019-03-11,0.012777669525117163,0.012841113333724286,-0.006322244542694699,0.002073269471646544,-0.002800267866222783,-0.03246071024103914,0.0134872505211312,-0.004910997996547151,-0.002343916471340246,-0.006342494714587699,0.0003402595811334841,-0.008024051646638108,-0.0008927432725417406,-0.006789250353606779,-0.024263431542461023
2019-03-12,0.001351702244151154,0.0014086637624186604,0.005819366632410894,0.00948272871205802,-0.00426235082250348,0.004328948478623751,-0.005750248831442151,0.009278196476745215,0.0053395984621955606,0.01134751773049647,0.012925206566184011,0.005392570003741826,0.001659433239724173,0.007974935915693537,0.056838365896980436
2019-03-13,0.013199413634038537,0.02444169888790193,0.008639937321609947,0.002049544642911627,0.0032230392767500504,0.012931039650620813,0.02274852034056485,0.0028034467821078657,-0.0019120458891013214,0.0021037868162692153,-0.0030221675793395963,0.006369508856236328,-0.000127437237160688,0.00480361684091557,-0.013445378151260456
2019-03-14,-0.004737226948443363,0.006007591810880619,-0.010783920142208414,-0.015340063236392143,-0.003614277731494031,0.012411378247956462,-0.003931505504602084,-0.018204261159078028,-0.004257130693912314,0.011896431070678837,-0.00976762917854046,0.005329698603856459,-0.001147081315319931,0.0005624296962880582,0.01817149346961955
2019-03-15,-0.0010411972531457758,-0.00153557672156035,0.006494529345526967,0.005193043113359552,-0.00866542050147534,-0.021015741638773178,0.004433657562845195,0.01006558697672788,0.004702864471996637,0.03250345781466124,0.0010204315317949852,0.029821074764833533,0.0020415975500829298,0.02220348510399095,0.031232571109871765
2019-03-18,0.005658088634565628,0.009740254449170926,-0.0011522506865400128,0.0,0.0006606582810015915,0.019677934467733804,0.013511327385210992,-0.00013111224070627703,-0.0006382978723403765,-0.0046885465505692725,0.00033979710425202647,-0.003217503343874384,-0.0008913790907932873,-0.003849326367885597,-0.01189832341806385
2019-03-19,0.0010364183280329176,-0.0010154234749716329,0.0036145128011881855,0.0055106016819286285,0.010868448461113456,0.008421111806940162,0.0054705971626947125,0.003278423430259636,-0.002129018522461168,-0.0006729475100941684,-0.006793504052694632,0.0032278890878081334,-0.000764720876879954,-0.0019321004692244292,-0.0005473453749316182
2019-03-20,0.013163724029195967,0.013552482945982991,-0.0034482758620689724,-0.001370161591360497,0.008892723316035411,-0.018789192023181522,0.012413483375874002,-0.003659875640267929,0.0029869852784296658,0.0006734006734006037,0.0010260152831855773,0.0025740615893452556,0.001530612244897922,0.0022123893805310324,0.01807228915662651
2019-03-21,-0.009343056783188919,0.0025070651277130374,0.004306017367118331,-0.005316354190168848,-0.010457660133199043,0.0003546687812083782,0.001930511296271309,0.00833059075072895,0.0014890448840672033,0.012786002691790088,-0.005807997049376623,0.011874138693771297,0.00547631176770258,0.004966887417218624,0.0037654653039267405
2019-03-22,-0.012231090828019764,-0.01567186785400132,0.004211009955445988,-0.022069009515531812,-0.01066884444138616,-0.02410495420436487,0.002916198284597993,-0.0017564060647533575,0.009558198810535323,0.0053156146179402786,-0.015120293068374036,-0.0009514361071454314,0.005446485117162725,-0.007413509060955503,-0.001071811361200381
2019-03-25,0.0026853693637747256,-0.003726307880955071,0.007853041338708122,0.0047602169844487285,0.00737576801734563,0.0007265141463277391,0.00623083484261211,0.010557165176575234,0.0031559015358719744,0.00396563119629878,0.005582688355337151,0.0003174796937004398,0.002393550012597556,0.003042876901798053,0.007510729613734002
2019-03-26,0.011307873033523874,0.019041124408290644,-0.005749281674539808,0.00035099700301266523,0.004797024270262851,-0.005444683949575424,0.009185248558972514,-0.00877021215148488,0.0006291946308725205,-0.006583278472679366,-0.005898684180918878,-0.013011761422082269,0.0006283775292195148,-0.006343077771649219,-0.0005324813631523151
2019-03-27,-0.0020597232180981084,-0.008842155346008185,-0.003347808149277376,0.0026310938297726683,-0.004673598446151672,-0.009853996465314041,-0.03078186529100646,-0.008587597878650155,0.006497589603856602,-0.009277667329357198,0.0059336851154438985,-0.02122188457722063,0.0022607385079125297,-0.014709963918956404,0.0005327650506126158
2019-03-28,-0.0001474588819174727,-0.0018515504230615099,-0.015344663876106557,0.0036738817622385955,-0.004342116817760755,-0.00036865680705244763,-0.008230000793680414,-0.020867562620273117,-0.00020824656393170216,0.0006688963210701449,-0.006592662597832644,0.006898837534897506,-0.0015037593984962294,0.0022535211267604716,-0.010649627263045747
2019-03-29,0.008404595950886051,0.014165264138197742,0.0024809668558956055,0.023531502379489755,0.0007099360519540188,-0.018436561314720268,0.008351498920971645,0.009315789628425497,-0.0024994792751510397,-0.046791443850267345,-0.0094306167771403,0.0,-0.0022590361445783413,-0.00590219224283306,-0.014531754574811595
2019-04-01,0.009065693114713946,0.02411042197630997,-0.0035575990610499097,-0.0052793147447511846,0.007449100611396142,0.017280242237580845,0.0017409109675252665,-0.0005976612182904129,-0.009605345583629132,0.014726507713884951,0.0074047630448923485,0.009461644034206795,-0.004905660377358512,0.012722646310432628,0.010922992900054718
2019-04-02,0.00521664395316046,0.01607406520561927,0.0012418313843676199,-0.005649716130459614,0.010462187373181608,-0.008862603367178257,0.015587984477241967,-0.0021925448911574996,0.0006325110689437974,-0.0006910850034553828,0.013650661316565893,0.0038785139971035942,0.0012640626975097824,0.005025125628140614,0.0027012425715828847
2019-04-03,-0.0008650019549154564,-0.0019175893747335193,-7.750045421506258e-05,0.014634992572817973,-0.001045343681064792,-0.0026080363050023925,0.011770781158021881,0.0027300817132152044,-0.0054782975136957734,0.003457814661134151,-0.005524856784194343,0.0012878103304063693,-0.002146193662416307,-0.001388888888888884,0.015086206896551824
2019-04-04,0.0012985712084185863,-0.005763698617169188,-0.0006977474199765243,-0.012896693025546635,0.003288888645997856,-0.01270084338010391,-0.005791291367981621,-0.0011952751862416289,0.0012711864406780293,0.00689179875947632,0.01388894223872672,0.0028938710497889986,0.0003795546558704732,0.008623087621696834,-0.0005307855626327518
2019-04-05,0.013544593535220528,0.015781052834356935,0.0010861322064099621,-0.005501128645781672,0.014403399388879246,0.00794557236473259,0.014846131284089736,0.00013296024152742447,0.0016927634363097521,-0.007529089664613298,-0.0017123679144775972,-0.012503988370640151,0.0003794106487922111,-0.008273579702151146,-0.006372809346787078
2019-04-08,0.010804693997703119,0.020925803051806025,0.005192150530931139,0.012791765001453959,0.007197500573750126,0.016516482652990216,0.009803415185290376,0.008641900719861484,-0.0021123785382340943,-0.006896551724137945,-0.009262451502470515,0.0038961435293223268,-0.0011378002528444897,-0.0002780867630700623,-0.005344735435595993
2019-04-09,-0.006891671930877474,-0.006521769777812825,0.004934102640138827,0.0006826608537948697,-0.005930735875545268,-0.003323509278559289,0.005533157841431713,-0.0003295402577139228,0.002540220152413175,0.0,0.005540227126394903,-0.00032343499213272064,0.0015187950892292523,0.0,-0.012358946802794146
2019-04-10,0.01586181471322412,0.00984684389844892,0.004296107085490997,-0.003070122146113685,0.020881242850007364,0.00037056909342458866,0.03511760244172124,0.0021756323766641827,0.0014780405405405705,0.004861111111111205,0.0010330157834408382,0.003235198900853886,0.001263743207380319,0.003616133518776099,-0.0032644178454842576
2019-04-11,-0.012547072128247905,-0.015941785630193217,-0.015659613766950464,-0.012489299716679558,-0.00977200966328462,-0.013333338042836096,-0.018509586634364417,-0.024800990049565264,-0.0033733923676997346,-0.004837595024188013,-0.003095980513681096,-0.00935180212642861,-0.0018932222642937813,-0.007483370288248303,0.005458515283842891
2019-04-12,0.010165201215446729,0.004875708550897473,0.0015520720455473036,0.020790084166056655,0.0016931041184065077,-0.0015014821509150567,0.0030035645978288006,0.006475965690113439,-0.0055003173259995375,0.002777777777777768,-0.001035154581460751,0.0022785861381455774,-0.003793626707132014,0.0,0.008686210640608039
2019-04-15,-0.0051712471111200475,-0.007669398473165723,-0.0029443102663064824,-0.004073348105681052,-0.004684320181182922,-0.026315853158898173,-0.012371080445848559,0.00187666741196435,0.0010636034886193357,0.00484764542936289,-0.004835968680743319,0.01006822398495344,0.0005077430820004114,0.0039095224797542905,-0.01076426264800856
2019-04-16,0.007586413503964051,0.010252389751340685,-0.011035182393037135,-0.0011929054952313223,0.010286239940234587,-0.006949763730862424,0.00989156209436226,-0.0038132298897405326,-0.004887377815554594,-0.010337698139214369,-0.0031239206614455117,-0.014469453376205754,-0.002664298401420906,-0.011961057023643917,-0.031556039173014194
2019-04-17,-0.0013942899110300777,-0.004527786360763453,-0.00031433633642674597,0.015355767215603056,-0.006243401752815014,-0.021384162591828737,0.004971268781903682,0.0020146218109053926,-0.00021353833013026957,-0.002089136490250665,-0.009052932976949535,-0.008482891039202745,0.0002544205571810565,-0.010135135135135087,0.004494382022471877
2019-04-18,0.004886881607077287,0.003764141856724912,-0.00023575441701295663,-0.01613177467710325,0.0008215370370328046,-0.010727036487326091,0.014888841921874674,0.0010723643313395037,0.0036309269542931233,0.0006978367062107083,0.011946597453454944,-0.0023033290671652384,0.0022892025944296623,0.0017064846416381396,-0.00615212527964204
2019-04-22,0.028761979431907392,0.02656245231628418,0.001257941312387878,-0.007173324809173542,0.0159834510402046,0.013654586249452594,0.0277965542406855,0.0013389237277638966,-0.004256224728665714,-0.010460251046025104,-0.0034721693322968816,-0.00230874729171604,-0.0016495368608044902,-0.003975014196479276,-0.019133370849746756
2019-04-23,0.006347936451801983,0.00913251341530974,-0.0032979593026108978,-0.002752497899020989,0.006653963096794335,-0.027337562460899245,0.0008450661024383965,-0.012301933407810495,0.0019234879247702619,-0.009866102889358741,-0.02229969616668126,-0.0049586776859503745,0.0015251652262329163,-0.01710376282782211,0.0068846815834766595
2019-04-24,0.000805228249544987,-0.006184067017150796,0.004884543396653118,0.006555133217462261,-0.009112362464676282,0.0028513114867452227,-0.0014542683929383848,0.008461382386868666,0.0057593856655289155,-0.012811387900355853,-0.004989286967676532,-0.0019933757591881207,0.003299492385786751,-0.007830626450116007,-0.014814814814814836
2019-04-25,-0.0029502644710134307,-0.010320235414702617,0.00023524016317133523,-0.013710355301293276,-0.00028593870028648105,0.021121059314516577,0.0016913885695288844,-0.002483534906765783,-0.0012725344644750614,0.00216294160057684,-0.01002867786104511,0.01864183161550037,-0.0011383759170250363,0.004676995030692854,0.005783689994216301
2019-04-26,-0.02958973763809747,-0.029289984269711522,0.007132760023246698,0.03214594945277649,-0.02235357472765276,0.020684187366280637,-0.014774212998435843,0.009487907504693638,0.0029730303673816127,0.010791366906474753,-0.004341495460730926,-0.019934660469005272,0.002279346587311659,-0.0064009310445155565,0.0005750431282345314
2019-04-29,-0.0015246099518391176,0.003159569752764879,-0.004903143208358163,-0.02525254106438879,0.0018038309701469135,0.010522194298320908,-0.008473813511180595,-0.010531928669330615,-0.004234596654668632,0.002135231316725994,0.013081348001990012,-0.009002940128051695,-0.0018951358180669953,-0.007320644216691097,-0.018965517241379293
2019-04-30,0.010549724133424698,0.006456690510426855,0.003284900142644487,0.002245252423098698,0.012798654116691566,-0.006941723068492278,0.019396980000677688,0.0037725516287696603,0.003402083776312903,0.0035511363636364646,-0.010760374680452434,-0.004037725968178307,0.0018987341772152,-0.007374631268436627,-0.019332161687170446
2019-05-01,-0.008516520887248191,-0.00485059261510179,-0.0010913816345279326,-0.03394796271056166,0.006246402155527742,0.01747566487070351,-0.02778825213529046,-0.017114038073495874,0.0008476372112735664,0.019108280254777066,-0.007251659299953306,0.0,-0.0007580543272267537,-0.002080237741456159,0.015531660692950977
2019-05-02,-0.019811586299941286,-0.028144609178857638,-0.009130695348267603,-0.006778470776584555,-0.007831086428048417,-0.011832023001751901,-0.022236154292701094,-0.0071697161234967055,-0.004446326487402064,0.005555555555555536,-0.005478437659896307,-0.012162182782147424,-0.003287394107978292,-0.010720667063728428,0.01941176470588246
2019-05-03,0.0014134059946444566,0.0021031750611502087,0.007482082669399093,0.014727057820446587,-0.0036577480586464928,-0.008497518153746886,0.004062790448231102,0.025240689623282186,0.002977456401531242,0.0027624309392264568,-0.005875866694890486,0.004104009001641984,0.0013954078396549718,-0.0012040939193257438,-0.012117714945181768
2019-05-06,0.005504578659813131,0.005004865679111292,0.0019543465411406835,0.004247732850340968,-0.0012558953952575003,-0.016751065174744006,-0.014754480628093258,-0.0033540778454674847,0.002968617472434376,-0.01997245179063356,-0.008496473765395085,-0.0061308524289070965,0.0022802128198631255,-0.01446654611211573,0.0
2019-05-07,-0.019090407792435093,-0.013654593961784589,0.001404422951314821,-0.015156850353467921,-0.014509562399974252,0.005150559353239492,-0.02399082435974864,0.00020187828325024526,0.00634249471458781,0.006324666198172846,-0.0011177603008550863,-0.011651795883201532,0.003159757330637003,0.0003058103975535076,0.005841121495327117
2019-05-08,0.007012099490889545,0.011726341825942788,-0.0031943713174424904,-0.003042183620711403,0.009128379790398489,0.028774125315326637,0.013496214568162301,-0.004576032392582197,-0.0035714285714285587,-0.007681564245810013,-0.0037299658135674374,0.0010402854261313266,-0.002141867204233372,-0.004280036686028721,0.0017421602787457413
2019-05-09,0.00028416430703326334,-0.006761078173968538,0.0032046080254024556,-0.000718037488592671,-0.0061277817819545,-0.005747075512830602,0.000202504891956945,-0.005746352028066615,0.003162555344718543,-0.030260380014074606,-0.0138524501897066,-0.011777015137859781,0.0018939393939394478,-0.017193736567393314,-0.022028985507246412
2019-05-10,0.0032675573082532328,-0.0006483130475318788,0.001714025065738145,0.0005389364912338213,0.0033274300354197983,0.009248527615991486,0.006935308592386447,0.0012919054662132723,-0.00021017234131992524,-0.005805515239477477,0.006074405713182518,-0.004206034843309947,0.0,-0.0040612308653545925,-0.00652045050385297
2019-05-13,-0.005522506010767758,-0.010055123798557553,0.011200143860110812,-0.01992819705821447,-0.005852557459004926,0.0007636859458299838,-0.012769555873324512,-0.0008827607466455056,0.00546562959848651,0.014598540145985384,-0.005660362963406551,-0.00035201021248543185,0.0035286704473849184,-0.007528230865746499,0.029236276849641918
2019-05-14,0.014381239620661734,0.012123162723958858,-0.004153545508397416,0.0018317918743420147,0.010056997528208322,0.01449823260065175,0.006620100760591274,0.002650686923565182,-0.0018816642274722684,0.037410071942445944,0.01442122031367532,0.035211267605633756,-0.0007534848675122552,0.033817951959544956,0.01855072463768126
2019-05-15,0.007439623739326606,0.0038847795922460904,0.0012358829972933805,0.006948273498943891,0.013307968719910246,-0.021812655534727443,0.018212239339356007,0.0,0.004608294930875667,0.02496532593619971,0.019079694635833366,0.01972784963594809,0.0027648611285659985,0.021705900336288497,0.021627774615822437
2019-05-16,0.011843474199155324,0.013705231664742579,-0.00871715529004291,0.0018159122820506912,0.017686835700872816,0.014609714479780544,0.02439505152646171,-0.018505949442201963,-0.0029190992493745016,0.025710419485791558,0.017621128717675738,0.0070046904236895635,-0.0020052638175209747,0.005086774386594772,0.04066852367688023
2019-05-17,-0.005645877810555033,-0.001749651856535639,-0.008171206225680905,-0.003806486229717798,-0.013046320715669024,-0.00303141234869142,-0.007032642692675228,-0.009047621933178651,0.0016729401923880616,0.01121372031662271,-0.018037518484321113,-0.02517391936788682,0.0005023232450080961,-0.021434950878237546,-0.004282655246252709
2019-05-20,-0.003323609843683517,0.005417465928631682,0.0012553751164672278,-0.004366756154613571,-0.010450937085711431,0.01596353274163964,-0.018267965327584124,0.0042515211730593805,-0.0020876826722338038,0.015003261578603988,0.010286579489667158,0.010193680341265887,-0.0016317308899209682,0.012169151201703698,0.028494623655914042
2019-05-21,0.0029178696805725046,-0.001743213919401465,-0.003212895278095207,-0.004568730776631114,0.0027970720598751164,-0.022446756084779973,0.004676795096446806,-0.0024984558802699786,-0.001255230125522977,0.013496143958869,-0.01309093128551131,-0.006727211847020853,-0.0011315061604224574,-0.011722272317403082,0.001045478306325176
2019-05-22,-0.016486595128497372,-0.024924646256331062,0.001257842441774848,-0.013769012097937239,-0.01457157808466214,-0.0267891065790391,-0.013915720277256516,0.002852529890984723,0.00356095517385846,0.0006341154090043766,0.0062638201959128725,0.01015916059604871,0.002391441157961083,0.007907542579075333,-0.012532637075718056
2019-05-23,-0.04549930729308449,-0.05714748333072894,0.008794027525820924,0.00018613690995517018,-0.04231124196409164,0.01376330557096006,-0.039122104271490654,0.011308457875369271,0.011479858067209303,-0.012040557667934104,-0.01940676637353378,-0.0036874811630931426,0.006152687091913522,-0.008449004224502121,-0.005288207297726055
2019-05-24,0.013724915523261494,0.012433106934903515,-0.0014010342152204203,0.0074446232596065975,0.004535286655095616,0.007757944295507357,0.011080301688656036,-0.003910215260725991,-0.0030953363598844597,0.037203335471456045,0.008588481566059958,0.011103592387035066,-0.002495944090852409,0.010042604990870396,0.040935672514619936
2019-05-28,0.020672559593466255,0.00869858966812398,-0.005066250974279041,-0.0011084503682384783,0.010754294917842966,-0.006158595888958951,0.01147582765879851,-0.01646007664598792,0.007037880356034032,0.039579468150896746,0.010366556248529779,0.04093173974365638,0.004003503065181935,0.03163603495028622,0.031154239019407504
2019-05-29,-0.009413830500123122,-0.0055799462252815735,0.0032118884339502607,-0.011466668007137248,-0.012547039807408011,0.019752083461645586,-0.005877242881057176,0.006372074952483153,0.004727646454265155,-0.0035693039857227493,0.016123071159687585,0.019821011665559274,0.0018691588785046953,0.01869158878504673,-0.02823179791976227
2019-05-30,-0.037148946220730616,-0.03774870207215053,0.005075745840949164,-0.004490120103196715,-0.026683613875561618,-0.03266235056279643,-0.03423810726139753,0.006123037791170294,0.0020458265139116083,0.04179104477611939,0.0018031426337754564,0.02633226926797616,0.0004975124378110429,0.019495412844036775,0.04892966360856277
2019-05-31,-0.03559151764703872,-0.05460328934893255,0.014528842822543409,-0.005450156314046106,-0.03822453726874642,-0.03651352087056581,-0.040775021560915725,0.004840919407991251,0.00857492854226205,-0.021203438395415497,-0.006839471899255711,-0.018631662239567137,0.005469915464942909,-0.0126546681664792,-0.02235179786200192
2019-06-03,-0.04977514639174818,-0.004672897196261627,0.012942182349370057,0.003590335234915365,-0.019166042400397987,-0.020782347154162384,-0.03368482652336502,0.011906423872864336,0.005668016194331882,-0.0064402810304449165,-0.009061254027450616,-0.0024898469447942606,0.004080118694361978,0.001424095699231076,0.033300198807157066
2019-06-04,0.011259831187192537,0.004319240229790244,0.0005292759265373981,0.00677843205595563,0.008303341291617583,0.005409809569742352,-0.00982023584037961,0.0019724057778796045,-0.005837359098228689,0.0023571007660576626,0.005486452732008207,0.0015600624024960652,-0.002339613348109837,0.0031285551763367003,-0.0240500240500241
2019-06-05,-0.02162336818125188,-0.033657428056613536,0.0037026026323612182,-0.01739291808995469,-0.022783405778420973,-0.01572842306826172,-0.018211324149567387,0.001493304276865448,-0.0018222312208948654,-0.024691358024691357,-0.009821770098643046,-0.010280335803640961,0.00037027894347074763,-0.013609299688120191,-0.032528339083292224
2019-06-06,0.017153176356729416,0.01760835607659561,0.007001375002596122,0.010277864274216064,0.004662958498691472,-0.02270821646762522,0.008742882864763546,0.007726740048439984,0.0008113590263691961,0.013863773357444265,0.019838388286160358,-0.005665779796614756,-0.0002467612584824419,-0.0011497556769186623,0.03922567498726437
2019-06-07,0.026268895649129487,0.026621059551565907,0.0026913693567918173,-0.00885454607358116,0.020410432449137206,0.005593808995521199,0.018329789609845104,0.008474603450315144,0.006485610052695545,-0.011296076099881147,-0.01368879917082555,-0.011396030937231627,0.002221399481673547,-0.014388489208633115,-0.010784313725490158
2019-06-10,-0.015800284176558876,-0.013521084168159003,-0.012302416194977517,0.01273520438512521,-0.010138081044024583,0.008558074565337526,-0.004945653477937517,-0.02594376959829603,-0.006846556584776509,0.0,0.0,0.0035222739241502765,-0.003570988794483476,0.0026277372262772936,0.005946481665014769
2019-06-11,0.0,0.00018779828287041056,0.0012833647654955094,0.004316772370938526,0.008747162072558767,0.017819183236858382,0.015026309683187078,0.0069154939399724835,0.0008110300081103361,0.028863499699338435,-0.0058436761255046266,0.0031908105279998544,0.0,0.0008736167734419986,0.020689655172413834
2019-06-12,-0.03724513823607767,-0.039985001873691584,0.0041465620467171505,-0.0061670703430625196,-0.023160138026571797,-0.005418929481665669,-0.03997037381340496,0.001087977264342621,0.0,0.005260081823495133,0.012490821497599391,0.016221393773928616,0.0016065249629262368,0.021821355833575806,0.015926640926640978
2019-06-13,0.022344507675702507,0.022291736473489143,0.005480836867634897,0.0007521976383380036,0.015000854269636932,-0.025565747023090113,0.020046264035601835,0.010120918802555057,0.004254457050243188,0.027906976744185963,0.01669089262464385,0.006885797205105737,0.002837754472547749,0.011389521640091216,0.017577197149643675
2019-06-14,0.011417337017825213,0.00439937925796996,0.0006720612655899405,-0.00995865708966448,0.012620374759013009,0.026666681706691397,0.007325975335966239,-0.005984849718861374,0.0004034698406294446,0.02488687782805421,-0.014632399739968882,0.005595236943324533,-0.0004921259842519676,0.009853603603603656,0.0056022408963585235
2019-06-17,-0.017255276951888887,-0.011045477716566166,-0.0010447163939767412,0.006263046505242453,-0.016344132350335605,-0.00041900540601869096,-0.02406926785815411,0.002164831726349181,0.001814882032667775,0.003863134657836609,0.019195898862029326,0.002472914352299016,0.0002461841457410685,0.017842207973236768,0.0018570102135562205
2019-06-18,0.019691512799173472,0.037935705933488606,0.005901265931284261,0.021124101770826798,0.01572661689400001,-0.024308403735597617,0.01809798428563747,0.011205576554830676,0.0024154589371980784,-0.010995052226498103,0.006751973638190911,-0.007092161207348124,0.0013536795471327245,0.0008216926869351049,-0.014828544949026856
2019-06-19,-0.005149657192908275,-0.002597461973697368,-0.0014852220676223604,-0.008311798302287121,0.0008753188773431564,-0.022336788764012683,0.008190981395622687,-0.0023364384834209107,-0.004016064257028162,-0.01945525291828798,0.0014119631357243367,-0.015838528271787666,-0.0018434312400147368,-0.011220580186097395,-0.017403574788334875
2019-06-20,0.042542822167599637,0.053757501759224,0.0359215005987763,0.011547825506196485,0.030009867641453747,-0.03998246010259965,0.029271084125904068,0.035061905556823314,0.00463709677419355,0.020408163265306145,0.007754645993885534,0.019248994070691472,0.009111056390051608,0.01356213672848039,0.00813786500718039
2019-06-21,0.011636928402064983,0.013768733597307126,0.0023691052480243613,-0.0034984445943078146,0.016717073708325536,0.00045774186065128397,0.03907519535095094,-0.012670508819067727,-0.007224563515954241,-0.01722222222222225,-0.005246576345914966,-0.022910197821933043,-0.0042703757930697694,-0.013926815947569615,-0.0009496676163343043
2019-06-24,-0.0052146680031369685,0.008183897234992132,0.012963829171500851,-0.00018484928395567923,-0.0036016040176978237,0.05352235075908385,-0.000646495734290653,0.006220144601580824,0.005255710531635316,0.010175240248728068,-0.003164562267856219,0.006337135492145762,0.003308418086018783,0.0069232899473830045,0.02281368821292773
2019-06-25,0.002929423984247226,-0.0012089756991272571,0.00042422086206861387,0.011088601388353103,0.007596009096101364,0.0021711309157157466,0.012022214097415995,-0.005010389390534553,0.003217373818620528,0.0016787912702853625,-0.012345692301947708,-0.005982348425601414,0.0014655593551538004,-0.006050605060506031,-0.004182156133828996
2019-06-26,0.022136737040057808,0.026802683520376513,-0.002332354775024914,-0.008956362908363213,0.024903795552044583,-0.007365770241767544,0.04964839546595745,-0.0005232080078952928,-0.006013229104028905,-0.009497206703910632,-0.00678573335920063,-0.007285455247428185,-0.004146341463414638,-0.010237963475373535,0.014932337844143717
2019-06-27,0.000902469392632943,0.0008420214914308666,-0.002266896590549128,0.0005533492138343199,-0.009536864080305407,0.014404187675288727,-0.01207877372214372,-0.005103714499999246,0.00483968542044777,-0.007332205301748496,0.0,-0.0038289142081141536,0.0026940974773450588,-0.007268660889013123,0.006896551724137945
2019-06-28,0.0,-0.016153442361484416,0.0009229812093713985,-0.002580721716086365,-0.004046094584589044,-0.006884593296251906,-0.002106218626877543,0.0031568783909379228,-0.0008027292795504959,-0.04488636363636367,0.015462075276282627,0.0028827477940249757,0.0002442598925256334,0.013517319065052158,-0.03561643835616435
2019-07-01,-0.022389262582080516,0.010603709918604043,-0.0170958192670031,-0.009609974330456184,0.004731038253087849,-0.017764352787586257,-0.006177588027545644,-0.00963746871469362,-0.0038160273147218593,-0.019631171921475343,-0.009206807046356458,-0.02650916048785623,-0.00219780219780219,-0.01583773270352873,-0.02651515151515149
2019-07-02,-0.040885277167728495,-0.04806228033938342,0.013712471373251489,-0.008210514476932218,-0.034548058404133,-0.011909991568584966,-0.031183618241781286,0.003177567579972118,0.007056451612903247,0.00364077669902918,-0.011436729809132906,-0.0042650519850143676,0.0035487028879099825,-0.010446075663467003,-0.020428015564202373
2019-07-03,0.022756380356119044,0.019377780490451357,0.009326481427904598,0.008278485098681898,0.006573732334030469,0.022321407189022535,0.02480882726183742,0.0064669111078512476,0.003603603603603567,0.047158403869407506,0.01301520651979482,0.008237232289950658,0.0008535544445800181,0.010271041369472211,0.028798411122145096
2019-07-05,0.0064243758080528846,0.002964739597016486,-0.014812725346178723,-0.00783733758485683,0.003318045261482494,0.05589520659959302,0.0066781333642649265,-0.021898743572218216,-0.010771992818671472,0.002309468822170979,-0.02069949729588072,-0.007189582375919157,-0.006091617933723148,-0.014685117198531494,0.0024131274131273805
2019-07-08,-0.0018683285117573334,0.0026082686533959176,0.0002148269768844635,-0.0009404014525911109,-0.0050918324551895155,-0.006203418772574243,-0.014615201121426113,0.003619781473185757,0.00282314982859444,0.010368663594469973,0.015306124931472098,0.0013167361097299324,0.0002451581269919956,0.0034393809114359186,-0.004814636494944624
2019-07-09,0.0007799571249689219,0.00294835213479816,0.0003579098067287845,-0.011859888505198923,0.008072556333825975,0.009155153933762428,0.013464511833150894,0.006411950102170216,-0.002010858636637858,-0.015393386545039855,0.0007178230429618626,0.012162989944047187,-0.0015931372549019551,0.00856898029134534,-0.013546202225447557
2019-07-10,0.044420173183440825,0.04495933584295497,0.00901608270907861,0.026100225191772797,0.04208108003893862,0.00783507372345027,0.04063515431103748,0.0052429303067738076,-0.0028208744710860323,0.0057903879559930704,0.0032281260866944272,0.003897408999087748,0.0011047011169755816,0.011611441517983545,0.003923491907797949
2019-07-11,-0.007312423183749361,-0.0038060490000796365,-0.004113131592249353,-0.00389906882187141,-0.0062280415566804415,-0.01145667605675571,-0.007829575176881765,-0.005281568763052302,-0.0072741968074357954,0.031088082901554515,0.003575272932594631,0.008087997252134604,-0.0035556645414418497,0.0036394176931691113,0.04787493893502681
2019-07-12,0.0030066835196926878,0.0001660850731974861,0.00398773438098976,0.0033551028244047654,0.0007581170885122557,0.015314644447422587,-0.006283009497915271,0.006238790750872081,0.0012212497455730276,0.003908431044109539,0.0014250415376642067,0.0054556535820105,0.0009843730773964054,0.011715481171548081,0.0
2019-07-15,-0.003597090218503518,-0.010463332718774865,0.0010639052230836388,0.005944652695919261,-0.014393252661619282,-0.018344914404525126,-0.02362164937177247,0.008508654306495833,0.0022362268753812753,-0.018909899888765347,0.006047672451182429,-0.005426050927829884,0.0004917025199753233,-0.005514199062586211,-0.05314685314685319
2019-07-16,-0.032039783021315826,-0.03289699293275816,-0.001558787873126799,-0.005170799284753058,-0.023929084764489295,-0.04235880332883035,-0.019945061086809823,0.020274716833886153,-0.0028397565922920753,-0.0130385487528345,-0.010254629012943717,-0.010269615354141504,-0.001965843469713735,-0.015525367341280849,-0.000492368291482026
2019-07-17,-0.010722589635903002,-0.014578274351946696,0.008586501614755049,0.006125857036662907,-0.006456977047846202,-0.0008673432198811337,-0.00692463670563459,0.018782003872651165,0.007323026851098424,0.001723147616312426,-0.011075365076003263,-0.002918268204591623,0.003447002339037386,-0.005913827090960333,-0.003940886699507429
2019-07-18,-0.027175613358199735,-0.026065508525089376,0.00337713824872532,-0.00221403759306682,-0.01590410348016036,-0.007378455155160446,-0.023686588012775345,0.01428309288354801,0.0014135702746365109,-0.026376146788990806,-0.0014451197646795366,-0.001626016260162566,0.0022083179977916423,-0.0014164305949008194,-0.023738872403560873
2019-07-19,0.008719536781307102,0.005967483464873746,-0.0007012131106650665,0.014977783162181568,0.014550382231395709,-0.015741151850537927,0.003434724920766019,-0.00018612030044762307,-0.00141157491429722,0.01472320376914027,0.01664258328433843,0.013680821521274478,-0.0008568980291345785,0.02297872340425533,0.01823708206686936
2019-07-22,0.012646023457548283,0.010605790783025038,0.00014039242552454922,-0.010930942701615765,0.005239190128845106,0.027099116251886102,-0.006845935934770897,0.013836294889318923,0.0012116316639740887,-0.019733023795705185,-0.013167289473682398,-0.008997487791498227,0.0004900759617740835,-0.014697726012201873,-0.030348258706467623
2019-07-23,0.009010488849909848,0.009782981592288076,-0.003648405994557402,-0.007552015126690792,0.011687279926442251,-0.005190347636351067,0.017834632674770257,0.003978000823171568,-0.004235578862444522,0.007696862048549358,0.010097392400567173,-0.006485084434441735,-0.0018368846436443986,-0.0028145229383619297,0.0
2019-07-24,-0.010183323002235345,-0.015677283467886993,0.0019013261661902092,0.003711948939130183,-0.006764849580543575,-0.03478257624548575,-0.0029024146529074146,0.009082606620551603,0.003443386672068005,-0.003525264394829586,0.010353409703998784,-0.0003263906837720487,0.001226843332106542,0.00592718035563089,0.021549512570548934
2019-07-25,0.00332382215033733,0.0025053576766718155,-0.006255288240531676,-0.0031435278084764873,0.00293392131674719,0.010810778882343053,0.013584178136755831,-0.01298780605834915,-0.0032297133629390906,-0.01297169811320753,-0.0010600275655693325,-0.007835435821520687,-0.0018380100477882744,-0.009539842873176219,0.0035158211953791874
2019-07-26,0.0011042703186341374,0.003213143586306977,0.003253395223501654,-0.007048716643731412,-0.0051715896415513996,-0.03342248176745943,-0.00313781057623419,-0.0008568418118258814,0.00020251113811253774,-0.009557945041816063,0.007074596828876123,-0.002632404768133201,-0.0004910385465258793,0.0008498583569405138,-0.00700700700700696
2019-07-29,0.00393948949900258,0.011921675442167157,0.0007754498314680447,0.012329531611950939,0.0032555954470865345,-0.012909118988902901,-0.005868564382205732,0.0026339519490707897,0.0028345818991699634,0.006031363088057962,-0.0014049529028246077,0.003629185355872089,0.0018422991893882745,0.002830455703368262,0.015120967741935498
2019-07-30,0.01585311804653,0.020749082597822932,0.007114663116113862,-0.014393811869927609,0.017481450682131028,-0.001868261766001189,0.017977930479629034,0.007759091427115727,-0.0010094891984655519,-0.013788968824940073,-0.0042209228964219525,-0.012820592562659883,-0.0008581586367537586,-0.007902907140841076,-0.012413108242303905
2019-07-31,0.006952981145776693,0.009130105098360985,-0.0025179937811333764,-0.004680789176644828,0.0056584553296916695,0.04492276666397421,0.0026885404928536083,-0.009033050031272638,0.006265157639450347,-0.0267477203647416,-0.019780977622980034,-0.0069929259783562125,0.0006134969325153339,-0.01678520625889046,-0.020110608345902503
2019-08-01,-0.07165871260021994,-0.07903722982918648,-0.0036462739365369368,0.0007524806116718796,-0.0522250703045154,-0.013882730305883717,-0.0799684389950519,-0.013764858205566055,0.013456517372966381,-0.01873828856964399,-0.002522511525197113,-0.0167672696020168,0.009932556713672547,-0.01967592592592593,-0.02360184710107749
2019-08-02,0.022975196523114638,0.031695997410389865,0.017383313918979404,-0.03571429531761161,0.02013060072628292,-0.03678467520664297,0.018058174052104192,0.006265109505425137,0.005747126436781658,0.017186505410566433,0.0184248635570452,-0.0027285752975412247,0.001335599805730947,0.003837072018890275,0.03152916447714138
2019-08-05,-0.03360798249911301,-0.01742725877402651,0.013143331710626871,-0.010916224453658918,-0.028885832100320474,-0.024045316839848896,-0.03564407980163686,0.0075822457378011965,0.013399014778325169,0.014392991239048802,-0.015253646577845115,0.008549931779017195,0.0076391415060022005,0.0,0.007641365257259336
2019-08-06,-0.014546108119143808,-0.019381926955764794,0.0053257196218403635,0.005518398781913181,-0.006319469073158168,0.01980682565923031,-0.017869666225795888,0.003670931527173016,0.0017499513902392572,-0.0030845157310301907,-0.010086479983317576,0.0006782374064797647,-0.0006016847172082285,-0.0029403116730373213,-0.02123356926188069
2019-08-07,-0.045978947194013076,-0.04736156749841003,0.023702814340790912,0.005488019723972837,-0.038815760278484435,-0.01326391072416,-0.039708358667574606,0.0457786905973705,0.007569875776397561,0.006188118811881083,0.01746723254120064,-0.007116252321523131,0.003010234798314304,0.0011795930404010502,0.008780991735537258
2019-08-08,0.020451743468628436,0.028381302771752104,-0.006369068762197561,0.014424927893485817,0.013346993127311357,0.02160349375367332,0.015676061512962525,-0.014863666709840295,-0.004045463301868613,0.011070110701107083,0.03576538028412668,0.006143303047674964,-0.0018007202881152873,0.019145802650957222,0.020993343573988632
2019-08-09,0.020041786158499608,0.037304892468957185,-0.0007344432274815071,-0.006917712328833647,0.017674189591887046,-0.004229352844816514,0.017196358571580417,-0.0002366552454460269,-0.0017408123791102792,-0.0018248175182481452,0.018991752824469854,0.006445130572382718,-0.0018039687312086938,0.01011560693641611,0.0020060180541625616
2019-08-12,0.0006834258732548726,0.007889913856436337,0.005813225567360636,-0.0015480598873490736,-0.0012168182947757122,-0.00660686136955102,-0.005256887469708094,0.008403870731493068,0.0133695020344895,-0.06093845216331506,0.004405257870495394,-0.016178018581264886,0.005301204819277094,-0.014020028612303337,-0.05555555555555558
2019-08-13,0.046610885375804045,0.039504790768057685,-0.0020594549629248116,0.017248106143215258,0.03959467520385984,0.019952520157979103,0.042757634742220274,-0.004871188758788336,-0.003059273422562181,-0.04996755353666449,-0.015856927227827056,0.020212381020386916,-0.004194630872483174,0.012188044109112006,0.0005299417064121847
2019-08-14,-0.029690044330765497,-0.03274954434074617,0.009120006448875229,-0.01447898886904564,-0.01789803030670567,-0.0018631517380403029,-0.03489981689524613,0.0175159764076398,0.012082853855005737,-0.01912568306010931,-0.002399715277378589,-0.016118159804310417,0.005295462751233604,-0.012614678899082521,0.00370762711864403
2019-08-15,-0.02101546754573158,-0.013760607058343477,0.0024407619976820616,0.0011598766915483782,-0.01789878583948601,0.04153067183421988,-0.02351114828823553,-0.003767491629301123,0.004927041879855931,0.004874651810584885,-0.0010309514176024548,-0.004095604802154429,0.0033520890697953387,-0.0034843205574912606,-0.010026385224274459
2019-08-16,0.007041041570242879,0.007343449645997202,-0.004672266188474938,0.0001930734774862053,0.001159767369731668,-0.014336945894473985,0.012466418661222223,-0.0053525166060734986,-0.0009428625306430183,0.028413028413028396,0.0020639651383644875,0.010623736234406822,-0.00023863500775567204,0.010780885780885763,0.003731343283582156
2019-08-19,0.018758565829940066,0.02442136283347396,-0.007999983858471116,0.0027026910094192225,0.011198097386122097,0.004545450112051208,0.004587125598438879,-0.010645829828271669,-0.007927519818799578,-0.016172506738544423,-0.015447952919850905,-0.009833821486962546,-0.003699725504236806,-0.01527817814932253,-0.01115241635687736
2019-08-20,0.0048543202658564155,0.0023127747773108442,0.0027992209434382076,-0.008856373868992073,0.011565141722881478,0.003619862834880916,0.010033663517666769,0.01229751617282604,0.004566210045662045,-0.015068493150684925,-0.008716875778933764,0.006849315068493178,0.002275994250119817,0.002049180327868827,-0.011815252416756183
2019-08-21,0.004497758841480959,-0.011714587249282982,0.0,0.002913819738132206,0.0016178724828987967,-0.021641055121560115,0.007554554506073563,0.00017522832875060956,-0.001136363636363602,0.008344923504867818,0.010903955772590956,0.0023809939014667325,-0.0015537229592446078,0.0055506865322816346,0.005434782608695565
2019-08-22,-0.006301842005359215,-0.005926756990768389,-0.0048517392504739965,-0.01084645197327272,-0.008614672941141488,-0.00506919632066305,-0.01552718968423683,-0.006481755388914268,-0.004361016306408838,0.00206896551724145,-0.006958902476812301,-0.003393281162463846,-0.0017955470433325127,-0.005229517722254551,0.010270270270270165
2019-08-23,-0.009679539954626004,-0.021318885956744693,0.019568507181138672,-0.01076949866738619,-0.013957515319232061,-0.0032422277638500807,-0.014812620871426652,0.022393353718444198,0.008760236145496147,-0.009635237439779787,-0.007007734986814285,-0.012938434295563517,0.005036575128912313,-0.014894859813084138,0.01712145532370246
2019-08-26,-0.010785294708505755,-0.009783991087537358,-0.00019646715748000698,0.005542335248610364,-0.012778164031217343,0.03624538590241544,-0.016009224424843094,0.013164707417442356,-0.002643005474797011,-0.0034746351633078154,-0.0003528662254055348,0.010693363810909684,-0.0013124925426559741,0.012451823302697784,-0.004734350341925264
2019-08-27,0.013798936082896063,0.024049234343882064,0.009631101815898768,0.0013779467692029979,0.013110893570193793,-0.012556105878375745,0.020661886250076922,0.029221480571754332,0.008517887563884052,-0.004184100418409997,-0.011295435781362273,-0.005119453924914641,0.0027479091995221694,-0.008784773060029227,0.001585623678646897
2019-08-28,0.016467877408408382,0.01547421207716626,-0.002076541967472423,0.0029487602983517824,0.019329249314951946,0.022252509972815693,0.019698181348409616,0.009096472577460046,0.0024399399399399613,0.016106442577030755,0.0035701671064827245,0.00857632933104635,0.0016680567139282232,0.007680945347119605,-0.0031662269129287823
2019-08-29,0.009753680545820265,0.016672648360131603,-0.007348191227290024,0.003331971920629284,0.007023237053313647,0.019991149597018643,0.0013671089210411935,-0.007484759134724017,-0.005055233102415291,-0.008270158511371473,0.009249385387280595,-0.006802721088435382,-0.003092660877839881,0.004104368220463117,-0.0052938062466914015
2019-08-30,-0.010641805933090609,-0.028390065885089855,-0.004847706789428474,-0.01035357955295424,-0.019205998325058316,-0.004790905037340143,-0.04232209250193597,0.0009907881999928758,0.0,-0.00486448922863103,0.00951704414621135,-0.009246617147367298,0.0007159050232670161,0.0008759124087591719,-0.039382650345928694
2019-09-03,-0.03590934920873601,-0.02105262939266561,0.017642057309485315,-0.008093148341348444,-0.013619932064658391,0.03194746235516854,-0.08857071503408409,0.04916145357905566,0.003951825366955264,-0.02304469273743015,0.0080307770421284,-0.0044935632486063914,0.003100035769643572,-0.0005834305717619115,-0.008864265927977844
2019-09-04,0.041881265219748665,0.04301074812551886,0.002846254184988517,0.026467640692342975,0.04264404389530174,0.036895628376016676,0.042434535008375907,0.016353072326790397,0.00018744142455484614,-0.010721944245889903,-0.0027710398815554704,0.014583375718858482,0.0011886366337809928,0.007005253940455258,0.020122973728339932
2019-09-05,0.004118616093208294,0.000711001008189438,-0.022511786954043878,0.017642512648942343,0.004414395627868384,-0.004089975761264686,0.008545911830540431,-0.03790421236714536,-0.01236881559220393,0.0014450867052022698,-0.011115025772724607,-0.01197809669330252,-0.007242075270093795,-0.014782608695652177,0.01698630136986301
2019-09-06,0.009680068009886522,0.003907659390487206,-0.006071052589394554,-0.003429248549525754,0.006248372195078344,0.02505137993935258,0.01824064052862928,-0.03687820112978912,0.00379506641366234,-0.011544011544011523,0.00035125497446508724,-0.005195704664273881,0.0005979430758191739,-0.005589879376287188,-0.008081896551724088
2019-09-09,0.017062060796876333,0.02353145798983669,-0.002655689901521985,-0.0019116329854272918,0.014418784618557945,0.0356570451972269,0.00660649053750717,0.0028383062430317185,-0.009262759924385633,-0.005109489051094873,-0.00772469511553997,0.0045264196995633554,-0.003705031672044945,0.0,0.030961434003259125
2019-09-10,-0.003355153921723919,-0.007778685568047061,-0.007921650066934682,0.0,0.001815627257166108,-0.0019342802193930142,0.00391270684083489,0.0012210038059117245,-0.009349360809005947,0.022743947175348556,0.00424624667066098,0.015251278670656454,-0.00527831094049902,0.016863905325443795,0.021074815595363505
2019-09-11,-0.025168317857350964,-0.02874567041840581,0.0027511074626627163,-0.004979893108474909,-0.014498755561700882,-0.010852666185147353,-0.01313805031818871,-0.0005543056747876474,-0.003274268104776601,-0.0007173601147776321,0.012332642417889117,-0.011266602464099162,-0.0016883743367100967,-0.006109979633401208,-0.014447884416924683
2019-09-12,-0.007071210252671434,-0.011838562285419019,0.0028773599354687818,0.010009633119942185,-0.009510310519774912,0.008620625224685208,-0.010765056484502211,0.0005546130999762866,-0.006956521739130417,0.01794687724335975,0.010094010447198487,0.022444750908177102,-0.003503261657405221,0.033957845433255196,0.017277486910994844
2019-09-13,-0.0026498814935695947,-0.0043565379887827715,-0.005204461874915967,0.021917241538503607,-0.003872483813533667,0.015540094059560916,6.440218651171392e-05,-0.033534700402170325,-0.013815917493675833,0.0028208744710860323,-0.0027567168312931933,0.007092219048389525,-0.006303794399321161,0.0019818799546997834,0.0
2019-09-16,0.1461307745596312,0.14676396127077207,0.008182943840697732,-0.022379687768593337,0.10970289220605611,0.025631182157534793,0.12832403066943177,0.02666885887042869,0.008484609313338609,0.05203938115330531,0.04146505989792981,-0.010060361761210057,0.003537879712089742,0.017236507487990993,0.006176016469377155
2019-09-17,-0.06476374686636033,-0.05659779470476367,0.001330583482459513,-0.0043876840660073135,-0.04520593664299377,-0.004848941242759253,-0.04411097347879078,0.006424316208394121,0.002739189982390977,-0.016042780748663055,-0.009621732383920056,-0.0037263077846493298,0.0014587892049597873,-0.00694444444444442,-0.009207161125319718
2019-09-18,-0.014717343651788561,-0.020728000321427187,0.0015945946800830502,-0.005364989206065651,-0.008192583164000178,-0.011619152589946946,-0.010387455461975281,-0.0122669106469242,0.004292682926829272,0.008831521739130377,0.0006700320773225243,-0.008500509854189042,0.0007283321194464509,-0.005594405594405605,0.010841507485802815
2019-09-19,0.012578664637599601,0.0003441827147410148,-0.006036468050373167,-0.001733736187705781,0.016013783404336568,-0.03754265224160469,0.025939617260286152,-0.0012362663128148155,0.0023314552166311397,0.004040404040404066,-0.002008750304827722,0.0020576340567792784,0.000849102377486588,0.004781997187060405,-0.003064351378958108
2019-09-20,-0.0018633966419054904,-0.0006881285875166565,0.005939685176889142,-0.0003860154027046647,-0.009277264316530975,-0.001576117711512448,-0.01311225046973663,-0.0019692705789580156,-0.002132196162046962,-0.005365526492287054,-0.017779228070848974,-0.003764565563180833,0.005938674100109065,-0.01147816349384101,-0.007684426229508157
2019-09-23,0.007622866724872335,0.00946805363428882,0.010880316998928219,0.00173750997284694,0.005386893951924598,-0.0027624189833131974,0.0032173154614103527,0.04859620416349952,0.00485625485625496,0.006743088334457248,-0.0030737756310551534,0.011679813896243285,0.003012048192771122,0.011045029736618472,-0.0025813113061434745
2019-09-24,-0.025783514829378684,-0.02302180232217743,0.0055129124389627915,-0.001927197655016144,-0.01472207879035703,-0.009497400039211179,-0.01751990019213101,-0.004462375344258529,0.009085636961144505,0.004018754186202234,0.00034259091123245433,0.003056006439675407,0.004924924924925023,0.0019607843137254832,-0.0025879917184264967
2019-09-25,-0.011251966745511766,-0.013964029050027915,-0.01794922031082391,0.002123992394912122,-0.006962801624314396,-0.00039949161501007246,-0.017590486431268815,-0.02997247390129687,-0.011494252873563204,-0.0013342228152101177,-0.005479446686014522,-0.007447466942819392,-0.005857040401625602,-0.0055912776069332315,-0.009340944473274493
2019-09-26,0.005609910117685191,-0.0014162122265466426,0.001927438828339234,-0.01348750884192973,0.0006141972109332539,-0.02957638585082034,0.022151127625087197,-0.008963328084461097,0.006589147286821806,-0.004676018704074858,-0.001033081463488017,-0.008185621808118548,0.002524948899843782,-0.0008434073657576091,0.014667365112624342
2019-09-27,-0.01322922870337695,-0.00886367667705179,-0.005572155498548947,0.008984375945874534,-0.006905065726991899,-0.00988464979079462,-0.005899395744116576,-0.013988008594587042,0.0001925298421254773,-0.0026845637583892135,-0.01344361897867763,-0.0030948897326815716,0.0008395298632766224,-0.006190208216094506,0.006195147134744561
2019-09-30,-0.018252319026010655,-0.0329100368021743,-0.022280051336141082,-0.007162157035605077,-0.01854141635693185,-0.030782079372955184,-0.028157907483512323,-0.03726067268161026,-0.00019249278152067006,0.044414535666218,0.012927984662304937,0.020696792432987943,-0.0005991611743558778,0.026047565118912708,0.017444843509492047
2019-10-01,-0.031095745765171268,-0.008322559006460062,0.01112099977563119,-0.004874262908234228,-0.0037258534089785744,-0.020171645010482186,-0.019440495519642664,0.017990231639343435,0.0023103581055063938,0.011597938144329856,-0.005519139312705756,0.02771210671231006,0.0026378896882492953,0.01490066225165565,0.00605143721633894
2019-10-02,-0.020376987185881767,-0.018276754228981895,0.012820512820512775,0.003722580929653052,-0.013431625167056316,-0.01576873126226297,-0.017919496722710315,0.022671747311893586,0.0038417210910488553,-0.012101910828025475,0.007977785044917862,-0.012495949471481915,0.0037072470700789673,-0.006253398586188119,-0.019548872180451093
2019-10-03,0.0003466884770284562,-0.003609396445896418,0.004063941096560608,-0.00624635251696104,0.0016017196687623247,0.03649310989398913,0.006729173316187165,-0.0003979064267201071,0.006697282816685801,0.0025789813023855412,0.02546454868264636,-0.007658967320885779,0.004646729417371542,-0.002188782489740082,-0.0005112474437627412
2019-10-04,0.0114364903462576,0.006863691231934865,-0.0005971895883765121,0.003928497468435932,0.00986139124481511,0.00987548387506254,0.011247537223693094,-0.0025588951542820926,0.0036114807070899424,-0.01028938906752408,-0.00033551415399935003,0.002684522795197042,0.0011859582542694813,0.004935563476830218,0.003580562659846631
2019-10-07,-0.00034264961674934646,-0.0011361744315606659,-0.005643341040734162,0.006456660531505065,0.004645040736289907,-0.020833343892546208,-0.0025423081597220065,-0.004732051241342461,-0.0035984848484847953,0.005847953216374213,0.007385005256573374,-0.004685388064521567,-0.0029613835583984782,-0.0010914051841746097,-0.0025484199796126372
2019-10-08,-0.0018851207974424078,-0.0022748612679576175,-0.0003338452402357195,-0.003304859678802341,0.003572708520423129,-0.006513185696707113,0.007327641964375298,0.0091653686600901,0.0009503896597604644,0.022609819121446995,-0.007997326534079363,0.016476106244272204,0.0014256861114412267,0.005736137667303964,0.0224833929483903
2019-10-09,0.0013735922742426077,-0.0007600401808005586,0.005944446102269962,-0.0005850951135304427,0.004816489713588057,-0.02360145835469518,0.003921864337125047,0.0063007355044431,-0.006076718571971118,-0.0037902716361338795,-0.004702764354864497,0.010254734464755222,-0.0032032269545616554,0.003530689842476953,0.0
2019-10-10,0.013374464735570024,0.018254403530847174,-0.007502773349037706,0.016783755747707074,0.0007815404165958384,-0.007162055799980305,0.022808850525328994,-0.011732861890017987,-0.008024455483377935,-0.03551046290424853,0.0023625246086926843,-0.004256672622624191,-0.0044037134015710855,-0.00027063599458732046,-0.01449275362318836
2019-10-11,0.02385786605442175,0.0214752855698086,-0.00809479345798525,0.005182332094288977,0.019158698175951283,-0.0018034033446967523,0.009548493243154432,-0.003310534421218758,-0.011171032357473076,0.046022353714661346,0.004377076007648473,0.009207457207401903,-0.006335923490735196,0.013535462912831697,0.030425963488843744
2019-10-14,-0.019170383070384434,-0.020292515445513692,0.006070007618794726,0.0019095338750598767,-0.021710267228912006,0.029810291390795607,-0.015621232201259772,0.00985001065524349,0.004285157771718007,0.0,0.0023466206839843906,-0.0029325314903327904,0.0026467757459094354,0.004807692307692291,0.0059055118110236116
2019-10-15,-0.010277958068023896,-0.014554931462511078,-0.009452286684638267,-0.007432824988774289,-0.0026630525209954126,0.025877199999623457,0.0007439126925679052,-0.01848702502191657,-0.007370054305663287,-0.011313639220616012,0.01638795242039026,0.005882313048917398,-0.003479721622270171,-0.006911217437533201,-0.007827788649706457
2019-10-16,0.011576378465235848,0.010414679469005206,0.007038457353749195,-0.009408652360087477,0.017068086792602966,-0.01539119861348226,0.006441983053584677,0.00248435787933432,0.0021492770613520396,-0.0038143674507310488,0.00032906314849223683,-0.009746589080496859,0.0016857314870559748,-0.0064239828693790635,0.012327416173570027
2019-10-17,0.008246410191289577,0.010682153079166978,0.0028898177608367437,0.002907514386220722,0.002831235951057165,0.0065132892219272875,-0.0014155736580333533,0.010662178994409244,-0.0005849093390524196,0.007657945118060061,-0.00032895490155659957,0.006561680052816987,-0.0006010337780982811,0.0037715517241379004,0.023867510959571403
2019-10-18,-0.00817896310657329,-0.0027814115525697236,-0.0027475021926520737,0.014688870653445818,-0.0005132834740161352,0.0008627502045019941,0.0003082175576591961,-0.0019387825468021314,0.00019508388607092364,-0.00949968334388851,-0.000987126683098749,0.005541109109099551,0.0009622323791196319,0.0026838432635534204,0.012844909609895261
2019-10-21,-0.007741486008881582,-0.008739260257975112,-0.0038972765408609167,0.003809520176478731,-0.00333830084613429,-0.03534483600243965,-0.009735057909051492,0.0013711724025344818,-0.0048761458942852,-0.009590792838874651,0.003952533908838207,-0.002593153299736639,-0.003124248978610966,-0.0008029978586723274,-0.016439643024894313
2019-10-22,0.012550910616646815,0.015944446674633905,-0.00047225663158245723,-0.004933590698725676,0.0015974019918874038,0.015192207142501024,0.0010576931563914815,-0.005078101065975726,0.003920031360250986,0.0019367333763717909,0.012139135327764228,-0.0025999944062680136,0.0014464802314368974,0.000803643182426983,-0.010506208213944657
2019-10-23,0.02462307181272938,0.033419523234683,0.005534233321464299,0.01544619600971675,0.010598385016759027,0.004401404109089402,0.026726399001336,0.004587940726382911,0.00019523623584527527,-0.0006443298969072142,-0.008752040662075689,0.005539303489216385,0.00036109773712089677,-0.0002676659528907388,0.005308880308880326
2019-10-24,0.008173941719256783,0.004645315630920965,0.006040673771744887,-0.0013145483066951957,0.011199895519671488,0.014899175690249011,0.006840588051995056,0.012673409805124214,-0.0007807925043920028,-0.0025789813023855412,0.02485285254342573,-0.009721321907536495,-0.0001203224642040146,-0.0005354752342704439,-0.009121459433509393
2019-10-25,0.005675406181455234,0.007647168925420278,0.000400277254096304,0.002820673895200132,-0.0033731253779492043,-0.006908476912928174,0.005892230130405629,0.006877486802908894,-0.003711662434069174,0.0,-0.012125113792759712,-0.00752623777686634,-0.002406738868832692,-0.013929815162068038,0.0033914728682169493
2019-10-28,-0.007255736207965824,-0.015001738023476485,-0.006335445148382801,0.002250066880589152,-0.008991702320257478,0.06347832604031622,-0.00011956556514569616,-0.0025194600604764306,-0.006862745098039191,-0.007110536522301203,-0.0058139019105275525,0.002307986268397233,-0.0028950542822677727,0.0005433306166802154,-0.011588604538870118
2019-10-29,0.00032484095927887147,-0.004837850763660501,-0.00201342281879191,0.0037418113585738766,-0.002803526888719543,0.061733351736205755,0.007711689672725397,-0.0025258237725912513,0.0025666337611056633,0.005859375,0.007147475907950396,-0.003289473684210509,0.0008468424872973834,-0.002715177844148764,-0.0004885197850512668
2019-10-30,-0.0159116665011918,-0.008642411493049451,0.004169435892316775,-0.0007455191525896909,-0.021826944650645386,0.03619565086668408,-0.012576413420658739,0.0024759791703918843,0.005710909807010722,0.011650485436893288,-0.0006451760568926268,-0.0026402237391708328,0.001692251903783415,-0.0024503130955622066,-0.004398826979472137
2019-10-31,-0.006269610036109041,-0.01598258347559922,0.012188637715869088,-0.017720624127444018,-0.018603651532103527,-0.021553358627616204,-0.02000603315744265,0.011170328315555755,0.011161151360877142,-0.0019193857965451588,-0.007424129943022106,0.007279886170044048,0.006274888379389498,0.0008187772925765113,-0.0009818360333824216
2019-11-01,0.024240396738652414,0.037283138545326056,-0.002249586052098018,0.006836356471375815,0.029339703688112007,0.03076342302085866,0.015019625465624742,-0.0005551365002619546,-0.004647560030983766,-0.0019230769230769162,0.009105713386845737,-0.0016425755914108997,-0.002158532198105245,0.008181074447777492,0.014250614250614246
2019-11-04,0.007132476109599883,0.006049824697014872,0.0,0.006035470496712936,0.0038280667917365285,0.03942524431096284,0.004831803083558572,0.0005554448479709873,-0.007198443579766511,-0.015414258188824692,0.02707058117950356,-0.004935834255103466,-0.003364980170652565,0.001622937516905676,-0.012112403100775215
2019-11-05,0.013359053630909612,0.012203725071385563,-0.018037102899121304,0.010498641675656062,0.008296794452716583,0.014533813517293437,0.006551674400784746,-0.027645120071694507,-0.009994121105232234,-0.003913894324853229,-0.009413276953537553,0.0009921240628383288,-0.005064512239237873,-0.00432082095598163,0.010789602746444249
2019-11-06,-0.019377341546161775,-0.015376569546637575,0.006347853885599886,-0.012615926060690619,-0.014719356126033034,-0.011879776389696284,-0.028902450909100708,0.0023977971626938377,0.006927949326999139,-0.007858546168958758,0.005701625179467262,-0.012553743499514214,0.0031511331959761524,-0.007323026851098424,0.0029112081513829047
2019-11-07,0.008908312635377946,0.014197037682711189,-0.01744732307872776,0.023675296296233217,-0.0038904721554675614,-0.01980197769386849,0.005718849919884583,-0.03348907804497092,-0.014546884214664879,-0.009240924092409286,-0.010078730545644676,0.02241556488405827,-0.007249003262051468,0.010928961748633892,-0.00822447992259312
2019-11-08,0.0035318253776268627,0.00157480577751401,-0.0019805371127277205,-0.016886932526141152,-0.0011456581944451205,0.006132741518573237,-0.0011005448568059961,-0.011019350316791798,-0.001595850787951325,0.005329780146569041,0.0022271617608826677,-0.002290615814955599,0.0,-0.005945945945945996,-0.004390243902439028
2019-11-11,-0.005279123743693104,-0.006638732651508383,-0.0039691019190591925,-0.0067213919514231835,-0.002033288732655625,-0.054499802272439335,-0.014568167507985952,-0.0012513742842187314,0.0005994005994005569,-0.010603048376408242,-0.0025396801176524875,-0.014102944831243969,0.0,-0.015769439912996175,-0.00881920627143562
2019-11-12,-0.0019298638034065396,-0.0010552474964288239,-0.00233598379530231,-0.006766964400073849,-0.008671974724790088,-0.006067513051088658,0.00279522422364753,-0.005070939558710852,0.0031948881789136685,0.012056262558606923,-0.012412456674138816,0.005655294926599996,0.0010952902519167917,0.0008287292817679148,0.022244191794364765
2019-11-13,0.00499512651843359,0.005633797519761785,0.006611098235205004,-0.0020817858761084107,0.007852007099033553,-0.00801226495735441,0.013689278599946508,0.013251824115854127,0.00398089171974525,-0.006618133686300487,-0.01611343825123368,0.0059544107946825076,0.0027960126428396848,-0.0035881865857024797,-0.015473887814313358
2019-11-14,-0.001443003914208485,-0.006127424381405566,0.006909829646058796,-0.006827190697433871,0.002823499257910589,0.018076989029993884,-0.012648932393946155,0.0068055252833170155,0.006542426645519406,0.0013324450366423157,0.008188666700861047,-0.003288391910323041,0.0035155776457751475,-0.00249307479224381,-0.0024557956777996326
2019-11-15,0.016377656996723333,0.01673420389781821,-0.003057480534521595,0.006301316105159049,0.015694242929007007,0.015489190865731528,0.011882638389713929,-0.004702281867396629,-0.002166633838881271,-0.0119760479041916,-0.011371032282711413,0.013196964432372615,-0.0015704276395264172,0.019994445987225662,-0.00984736582964052
2019-11-18,-0.013586107752242338,-0.011607795728913795,0.0024534692742719244,-0.006641337293886718,-0.02222788214778426,-0.04538689756844094,-0.008562653851072577,0.003070929194035177,0.002960915909988149,-0.009427609427609451,0.00690105430057919,-0.01921196281088855,0.0014519056261343977,-0.008712224339776697,0.008950770760815407
2019-11-19,-0.024503504371353624,-0.03225241327247208,0.0016316706602941267,0.01375358641195401,-0.024833359223451645,-0.021823848250568822,-0.010672430091218321,0.0069473079939521565,0.0035426097224955377,0.00611828687967364,0.010443854477762526,0.0026560018610453096,0.0008457170472393472,0.0013732491073881192,0.009364218827008441
2019-11-20,0.02446234907567657,0.03441408363314502,0.0,-0.0026380136691517286,0.018682048648995586,0.019521922303469275,0.03279909306686912,-0.00017542298351114205,0.0060796234555795525,-0.00878378378378375,0.007751992427776466,-0.007284808632553763,0.002776436504104307,-0.007131102578167847,0.0068359375
2019-11-21,0.025160250904370463,0.025739821484727532,-0.0069232830408855195,-0.00963538940558506,0.027799813320052102,0.003126180912650378,0.02904063041081395,-0.0029240434674705496,-0.0037037037037036535,0.0047716428084525475,-0.01634616078239437,0.004002709325858778,-0.0024076080414108247,-0.0044198895027623974,-0.012609117361784716
2019-11-22,-0.009066778489711491,-0.013827267804242593,0.0,0.010110639499381069,-0.007867555641320467,0.03817688077157344,-0.01766016720495267,-0.003812236341201758,0.0009782821365682537,0.0006784260515604323,0.006190896819898706,-0.006644518272425293,-0.00024134186074575847,-0.004439511653718142,0.012278978388998052
2019-11-25,0.004101627050542733,0.0041543683896108075,-0.004442621904492183,0.0,0.007722653966826032,-0.050281450229114455,0.0002986818270300784,-0.006711823157962815,0.0011727912431587217,0.004745762711864332,-0.014248660578592531,-0.0023411779499372676,0.00048280024140012756,-0.0050167224080267525,0.03056768558951961
2019-11-26,0.009740692888049907,0.006895389371704752,0.0021969472029548243,0.01019828140506207,0.008383460645025043,-0.0241010955103359,0.017852850556126176,0.009424479520846463,0.003319016009371234,-0.0080971659919028,-0.007227372432433987,-0.012068306179201072,0.0013270599589818577,-0.009243697478991564,-0.0014124293785310327
2019-11-27,-0.003267451306072422,-0.0051360937826442354,-0.00438417879160935,0.0,-0.007191714084979317,0.012550566215161041,-0.014958608565278753,-0.006928950426297487,-0.0031134461957579296,-0.01292517006802718,0.004963650869860281,-0.0030540358899958653,-0.002409638554216831,-0.0025445292620864812,-0.0033003300330033403
2019-11-29,-0.02544485350513881,-0.050593743082537945,0.008394076625114488,-0.012151814824937768,-0.03472894660691406,-0.08796482806311634,-0.04895191028407975,0.0033703408426912773,-0.002147179387077869,0.023432115782219265,0.001646336374016677,-0.009870639948861726,-0.0006038647342995196,-0.005952380952380931,0.03595080416272478
2019-12-02,-0.024187123640063146,0.014319393542630676,-0.0022515876178922367,-0.003595770948867205,0.003778799235294228,0.02104344559493687,-0.014840324867333998,-0.007837787803781748,-0.009780907668231587,0.0060606060606061,-0.015121663072570568,0.0013750220174522099,-0.0031419939577039813,-0.007128599942971214,-0.00776255707762552
2019-12-03,-0.001641472047385406,0.0025017761247119186,0.010873214670608755,-0.009306702301905445,-0.0032343894142659035,0.048089303881216905,-0.006610345650868821,0.01716557079468206,0.01698933227973143,-0.004016064257028162,0.0010013580628263075,0.004119506547607843,0.008364650260637596,0.0005743825387707346,-0.02346985734008289
2019-12-04,0.03584347773946628,0.04153301059588288,-0.002841260526727396,0.01380368588901204,0.02287354823261567,-0.01720608585647454,0.026425273377061353,-0.019153232992130453,-0.008547008547008517,-0.008736559139784994,0.009336468448898128,0.007179508046207372,-0.004327963452753103,0.008036739380022917,0.008482563619227168
2019-12-05,0.006190466502356218,0.0,0.001967452112661139,0.0017019334988916945,0.005252487003775563,0.011671578646082592,0.01053481068038531,0.008632407142660892,-0.0023510971786834256,-0.00881355932203387,0.0006607352976943925,0.016632701272798478,-0.0007244626901714568,0.007118451025057038,-0.005607476635513975
2019-12-06,0.015775359041308112,0.013178169668697892,-0.012052304512072065,0.02359826347373306,0.00988105034178166,-0.03831888479441581,0.01622359724833977,-0.027210397268242592,-0.0043205027494108705,0.002735978112175186,0.023770197807600812,-0.007011706522589756,-0.003141614306428231,0.00593723494486853,0.0009398496240602405
2019-12-09,-0.0021742412016693136,-0.003040545656351812,0.0001371209961862352,0.013094817425540084,-0.004046923550334869,-0.04370179659729512,0.00449194838007716,0.0030943926314153103,0.002169625246548401,-0.0020463847203274765,0.011286693933776348,-0.002353670826559462,0.0007272727272726875,0.008712759977515416,-0.0009389671361502705
2019-12-10,0.0014007212123055002,0.003727570637017674,0.002261307919822597,0.003276920769161862,0.010955641293479035,0.0143368390761196,-0.0013899105346847351,0.0038713455703465183,0.0005904349537493303,-0.00683526999316475,0.0035076116346317576,0.0006740198221277804,-0.0004844961240310086,0.004458066313736353,0.005169172932330879
2019-12-11,-0.009636231776133597,-0.008102689792935491,0.004649288213888214,0.009798566373679929,-0.01867209888227117,-0.009275578186131672,-0.015975847945939203,0.008917739444878281,0.005114083398898517,-0.015141087405368236,-0.007626303665545953,-0.012125315518769497,0.0027872031022782018,-0.008599167822468834,-0.007480130902290827
2019-12-12,0.007532889490641015,0.007147753499656906,-0.001837534502059257,0.0025157122768901807,0.011406032417782264,0.03789569192620945,0.0013529349451257833,0.006032001629402428,-0.013307240704500956,0.025856044723969296,0.025616370438257707,-0.0023865725147838024,-0.006646525679758319,0.005316172355903648,0.01601507300989158
2019-12-13,0.01588791777176035,0.015038854090215326,0.006068060755679117,-0.0032264072230359098,0.0182489579880738,-0.013745731918388793,0.021433439952793565,0.0039775212528694315,0.009321697738992496,-0.002043596730245234,0.007493028024151194,0.009911120423758302,0.005109489051094984,0.01029780128026725,0.0
2019-12-16,0.001839851501710843,0.002330604134504366,-0.0004065977201573867,0.014385888432278504,0.009111913001224048,0.01959933633239541,-0.000300603507772057,0.006326776221164954,-0.008646099430143495,0.059385665529010145,0.026959991309063014,0.01962770826723781,-0.004357298474945481,0.01597796143250685,0.01947148817802513
2019-12-17,0.011631499522900102,0.012124224436744546,-0.00027120299258476255,-0.0003545213817643944,0.014417634197730012,-0.009397724747440273,0.01383292302788286,-0.00240898178688731,-0.0001982160555005219,0.005154639175257714,0.020519019846095166,0.0033189513458828923,0.0003646973012398913,0.007321041214750634,0.01182355616189179
2019-12-18,0.0010589969204253258,-0.00016406829272264112,-0.0013563000360183874,-0.0008867023399605767,-0.006442483952415756,-0.014230268343759955,-0.0011271737555422767,-0.0014725836338304044,-0.004956383822363186,-0.007692307692307665,-0.01153162014097009,0.0019848035982275025,-0.001944343176570662,-0.00026917900403766737,-0.014382022471910116
2019-12-19,0.005591699513687987,0.004759575153041817,0.003802781256810217,0.005147370108419924,0.004553826923421989,-0.005686794124306616,0.01365958080072005,0.006193679883585768,0.002191671647738591,-0.0012919896640827266,0.010768788724654144,-0.014856388546306332,0.001826372823572342,-0.004308023694130303,-0.005471956224350261
2019-12-20,-0.0060114445502744696,-0.012740976452812691,-0.0023677446323991935,-0.007239959138348628,-0.0037940213854239513,0.02419712569777821,-0.0005858492677163207,0.004103628356630917,-0.005964214711729587,0.0032341526520052177,0.0,-0.0016756032514312347,-0.002430724355858005,0.004056246619794424,-0.005502063273727598
2019-12-23,0.0037798609360000235,0.0013236570627475075,0.00528924465070113,0.002134401747079684,0.00019787633177381636,-0.04896910595083748,-0.00041036283566309173,0.016055558989109597,-0.0023999999999999577,0.0025789813023855412,-0.00029600875878854627,0.011748909270592911,-0.001218323586744674,0.006194451925666478,-0.005071461502996755
2019-12-24,0.012200595963856031,0.009748845805109374,0.011197285386804312,0.007632272380497351,0.006972522796667935,-0.018970214799634122,0.012843785009119424,0.020341325865414372,0.003207698476343168,-0.003215434083601254,0.002960399420726123,0.0013271197895967646,0.0017077335935593574,0.002676659528907832,0.002780352177942591
2019-12-26,0.01071430436608023,0.009327437230096658,0.00680413141771985,0.009159775472444176,0.007759170884527933,0.05616942121363411,0.015460347345636505,0.007715218251082678,0.0005995203836930418,0.002580645161290418,0.014757968838157831,-0.0076209008813695744,0.00048709206039943,0.0013347570742126003,0.014787430683918634
2019-12-27,0.0035336498768310243,0.0006485232705808475,0.0029815145129650222,-0.009774870274326553,-0.0012182921347426712,-0.05928505810751561,-0.0036494206892182524,-0.0025147072319897656,0.0027960854803275037,0.0038610038610038533,0.010180292706438943,-0.013689502849801749,0.002190847127556017,-0.008797653958944274,0.013205828779599305
2019-12-30,0.004107963090567157,-0.0006481029607291466,0.0004623802016765488,-0.003172862593985748,-0.004391015332144144,0.012975030791129827,-0.010873950147416878,0.003305507993841106,-0.004182433778131878,-0.004487179487179471,0.012669122732751115,0.007109025548089676,-0.0009715812484819564,0.01075847229693383,-0.00044943820224718767
2019-12-31,-0.035651700093015326,-0.010051863307671494,0.003301419610432399,-0.011847990559383459,-0.0060276458520297505,0.001372270088318528,-0.017647361907282444,-0.004467379206407496,-0.0021999999999999797,-0.0012878300064391723,-0.019334561441033737,0.008067206374737346,-0.0008509603695598944,0.0037253858435337683,0.00494604316546754
2020-01-02,0.0037878787878788955,0.0019652625153272485,0.0032905561039815456,0.013958495198135301,-0.0020706905252155794,-0.030607544810224097,0.003769577674876956,0.007740660485293427,0.004409701342954486,0.009671179883945946,0.013917063464105484,0.0023341521216331262,0.001581700936853725,0.0013255567338281704,0.0026845637583892135
2020-01-03,0.03547167508107307,0.030565526684486866,0.01620200142464734,-0.012177862451580923,0.0184278791772281,0.0037700921304677504,0.026170642617942885,0.005677456998661734,0.010776292157254064,-0.012771392081736943,-0.004575345777151019,-0.014970059576280836,0.005952380952380931,-0.01456182155149588,-0.010263275323516341
2020-01-06,0.004519026164486517,0.00348931361404059,0.010973405974574524,0.0007146167582230412,-0.013340407011777966,0.0023473595087817323,0.003202181758988676,0.0016050103685949502,-0.0027640671273445605,-0.004527813712807194,-0.016374595585668894,0.005403600373301787,-0.0010868252626494712,0.002418054809242287,-0.008115419296663706
2020-01-07,-0.00928757778306255,-0.009009004120439812,0.003575595601353454,0.0012497714144246164,-0.0007375631462249732,0.01264634685224375,-0.018353840945835698,0.012101445609419947,-0.002771728370619675,-0.0006497725795971965,0.006425157570719708,-0.004366873554720541,-0.0007253384912959682,0.002412221924417146,0.00045454545454548523
2020-01-08,-0.04145297115592539,-0.04928229848466481,-0.009161486173001832,0.005349538314819435,-0.03650852137655414,-0.009713186411463903,-0.042619915841925815,-0.012448167780032993,-0.00655151876116733,-0.0006501950585175997,-0.005513599296483873,0.001686909616383625,-0.003024437454633433,0.0034759358288769526,0.004543389368468986
2020-01-09,-0.0010696774482380489,-0.0008387726312464316,-0.0036599930350791343,-0.0030152888133647693,-0.004136468643609836,0.011676719556392268,0.002365315302711446,-0.012604972456378927,0.0027977617905674546,-0.002602472348731344,0.002334345354211953,-0.0023576345700336843,0.0009707559762164308,-0.004796163069544335,0.017186793306196213
2020-01-10,-0.005966029880101642,-0.00873069922387304,0.0037378675070167677,0.0028465168787719097,-0.011127586281095558,0.0166205056279336,0.004175030143137803,0.009686468632766454,0.005181347150259086,0.006523157208088826,-0.008151347648758245,0.008440242731160286,0.0014547217844587124,0.0013386880856760541,0.0040017785682524565
2020-01-13,-0.01200379144960717,-0.016260146842582146,-0.005842680954052937,0.015256335708242252,-0.01576438349931808,-0.009082643873762897,-0.0013858905794350562,-0.005933585390046625,-0.0023790642347343294,0.009721322099805585,-0.012621083329246607,0.0010043112845969926,-0.0012105072025178076,-0.006149732620320814,-0.003985828166519045
2020-01-14,0.004517148431660178,0.0025826051386492743,-0.0038749676475047234,0.005067238371334826,0.006480513426495804,0.0022915282402009574,-0.0017498367193097275,-0.014057837797060269,0.0041732909379967875,-0.0012836970474967568,0.00029732866860721074,-0.006020026063440653,0.0016967640286025265,-0.0008071025020177647,0.011116051578479391
2020-01-15,-0.007598044347971844,-0.0072127455306035815,0.0062888686581550335,-0.002086245519081875,-0.016960692947749934,-0.030635642236084948,-0.010638261844387653,0.014088522820303151,0.0037601424896100966,-0.003856041131105381,-0.010401256254006008,0.009757717958854606,0.0015728977616455975,0.0002692514808830815,0.008355321020228734
2020-01-16,0.009687542915344238,0.012281596049237953,-0.001997278290509108,-0.006271738043266195,-0.00953191865380032,-0.020283011865598444,0.01099707118632609,-0.0026781417616651426,-0.002563091482649882,-0.030967741935483906,-0.008108122040530907,0.001666111262348835,-0.001449625513408992,-0.005114401076716013,-0.013955516790231104
2020-01-17,0.003559203308007186,0.0003417713193305527,0.006326693885167822,-0.0008765979039729865,-0.00043011480431309757,-0.03562825479543352,-0.008581152326169517,0.007720307036713336,-0.0051393556038742405,0.03661784287616521,0.009688153395415622,0.0,-0.0008468424872973834,0.006222943722943741,0.009287925696594534
2020-01-21,-0.004009285155715525,-0.0034164803520938536,-0.001539661495306488,-0.017897835022037456,-0.016135957066189643,-0.05391914075040072,-0.0024990644766337278,-0.014545108005082574,0.008344923504867818,-0.004495825305073864,-0.017990959567409925,-0.004990019858760242,0.0041167211526820235,-0.01478892175315949,0.019281332164767795
2020-01-22,-0.021365495148796265,-0.02742541086623773,-0.000706743490544226,-0.011256065893322065,-0.015853948941251805,0.005277039875413392,-0.03476933967669038,0.0011267229104050536,0.0013793103448276334,0.003225806451612856,0.008244288786676934,-0.004012076838995293,-0.00024116724948752832,-0.002456331877729312,-0.006448839208942347
2020-01-23,-0.018509700773476467,-0.0202679149076469,0.005979506504111276,-0.014817452102378836,-0.004777245103889993,0.011023636730679298,-0.01228159082067326,0.00011258841517802765,0.0047225501770955525,0.012861736334405238,-0.016353752514875475,0.0033568312201694983,0.0018091906886985587,-0.0046511627906976605,0.004759844223279908
2020-01-24,-0.021760191310385424,-0.025184413060551747,0.004154416529097649,-0.014856993024026433,-0.032150045611726075,-0.01713395243351279,-0.028842429033338113,0.015979208795374067,0.006658832745789267,-0.01650793650793647,-0.014162533588539139,-0.002007380782093393,0.0038526366482061203,-0.008246289169873577,-0.012058570198105079
2020-01-27,-0.02257371828777477,-0.01937625509632379,0.0036280779904294125,-0.033140938278128584,-0.03143021038446303,0.004754328421276766,-0.02059137468245542,-0.003156626740190349,0.008754863813229541,-0.017430600387346673,-0.01561524025146499,-0.0016761650032215414,0.004677380666826547,-0.005266075388026592,-0.0021795989537924942
2020-01-28,0.0032029438247882513,0.0063981963961805555,-0.004819950165462217,-0.006547259953849749,0.021673093700063983,0.016824429907568383,0.012938064025029394,-0.033222198486328125,-0.004435872709739663,0.01576872536136653,-0.0019035968407239423,-0.0006715302137357826,-0.0021487405992598463,-0.0025076623014766986,-0.004368719965050283
2020-01-29,0.005041220974951077,-0.002804744062557041,0.000382422683483874,-0.010079481795662093,-0.007226477232338047,-0.02947261662785894,0.018360783507626932,0.0016664364958800526,0.005811700891127369,-0.005821474773609281,0.0019072274328395533,-0.005040322477272596,0.0031104199066873672,-0.0022346368715083775,-0.013163668275559481
2020-01-30,-0.025413817469705835,-0.022313939631505852,0.008727195022131706,-0.011748569465147796,-0.037511002453884834,-0.025572711094282274,-0.024235666208067608,0.029889272889934704,0.004044684129429932,-0.01236174365647369,-0.028236081347449815,-0.01553531242382844,0.002265951103160413,-0.01875699888017912,-0.003112494441974256
2020-01-31,-0.0022302464586272386,-0.011123859285517623,-0.00037889206563779254,-0.0013869565242038417,-0.009209564487672739,0.006560942995668784,-0.0033473891274617973,0.0011141075165814751,0.0038365624400538145,0.004611330698287119,-0.02252689016044085,-0.0017152658662092923,0.002617801047120505,-0.004279600570613384,-0.012042818911686015
2020-02-03,-0.0637895305056081,-0.02812258968810999,-0.003601031748229011,-0.0027777656886521784,-0.0286857390762979,-0.011950003066029335,-0.010075895324845097,-0.01847322113102845,0.0015287597936173292,-0.006557377049180357,0.011690059292804422,-0.004123753288767129,-0.0005934013766911717,0.00515759312320907,0.0031602708803610824
2020-02-04,-0.008999112426097633,-0.009978048172218812,-0.01699209205395924,0.013728564860574055,0.0038024732583707976,0.029136873628585302,-0.020696243059134978,-0.006349178888547691,-0.010303377218088161,0.009240924092409175,0.01452620050874387,-0.004485810378630717,-0.005225032656454132,0.002850627137970463,0.0031503150315030926
2020-02-05,0.02446255962231958,0.0229792254711354,0.004772977488090024,0.012365103979049552,0.038828255228756214,-0.005876088310140748,0.02986419045270039,0.002339135468762965,-0.005976479660690148,-0.003924133420536324,0.019199484587592464,-0.0038128461127058255,-0.002626238510206491,0.0005685048322909836,0.008524001794526725
2020-02-06,-0.006331376299743563,0.003940901732797153,0.004686048612788207,0.007561076849546655,0.012155087122615038,0.0005373706401410328,0.007871919671401661,0.012522016637108502,0.0015515903801397446,-0.003939592908732803,-0.002554276005286016,0.002783640666446985,0.00011968880909640767,0.001136363636363713,-0.010231316725978656
2020-02-07,-0.008374277843018918,-0.012365084566858142,0.0022362788669072486,-0.015201076732613061,-0.013270068089733855,-0.0021482000677610635,0.01728972353074365,-0.0069705236411413685,0.007552285050348662,0.011206328279498967,-0.008642780401467598,0.003816709019246467,0.003949258018190571,0.0011350737797957144,0.004494382022471877
2020-02-10,-0.022030489003979525,-0.014904610583237776,0.003888802550604975,-0.000586217151528734,-0.018742836416394626,-0.049515611219634215,-0.0017061970993632603,0.005264562684337504,0.0034595425715933104,-0.0045632333767926525,-0.011301210264159423,0.00725892219884372,0.0021456669448087773,0.0025510204081633514,-0.012080536912751683
2020-02-11,0.013891455930364671,0.00746417054998294,-0.005778863191787997,0.012121266360223037,0.008806258469404415,0.012457505534186453,-0.004667052041873454,-0.010417810112793302,-0.004213752154759609,-0.0052390307793058755,0.003265789398443353,-0.0020590463832637074,-0.002735815391935237,0.0005654509471302305,-0.018115942028985477
2020-02-12,0.03295690889300529,0.02462954697757036,0.001149750163640162,0.006760642670007977,0.03012227470987483,0.0313199075314603,0.04411570434017231,-0.0054059815399737365,-0.00480861704173885,0.008558262014483287,0.010091190762372637,0.0030949946762146574,-0.0023854961832061594,0.0087595365922577,0.010147601476014678
2020-02-13,0.009858383725307895,0.004885675375140508,0.004912562876061788,0.005180343622842587,0.0028645231237003355,-0.009761392002491709,-0.0005060174301929621,0.006980188587206726,0.0011596443757246888,-0.009138381201044377,-0.00999037597264485,0.0006855731267889631,0.0005978000956479157,0.004201680672268893,-0.005936073059360725
2020-02-14,0.017394383024177396,0.012252063215663744,0.004825075045227001,-0.0053445082583665204,0.01053255374739237,0.006024116836073068,0.001961800822259052,0.006534077762818891,0.003281853281853264,-0.00461133069828723,-0.004882800191504777,-0.0027406228492503626,0.0016728402437566903,-0.002789400278940035,-0.002756086357372567
2020-02-18,0.007501749955777015,0.0,0.0109307192530812,0.0017270820539667664,-0.015192550872434873,0.07838864084084274,0.019895144312659818,0.02348294454573674,0.004618048874350578,0.013898080741231,-0.0029440678274893495,0.00377879106991319,0.001670046522724622,-0.0016783216783217147,0.04421925380009206
2020-02-19,0.023722925227441793,0.023823279474399994,0.004687499999999956,0.0009578763681779012,0.020569233624831984,-0.013124636234136955,0.03003471745449038,0.008879780127344583,-0.0011492051331162267,-0.00652741514360311,-0.004593155897343104,0.0027378088964689073,-0.0009527212099559312,0.005603810591201963,-0.0026466696074106677
2020-02-20,0.003213843789563686,0.009194930669005785,0.0056609490425738596,-0.006698535512139947,-0.005390190419171326,-0.01790285680940218,0.003847765877633469,0.0009293788833606431,0.005944391179290465,-0.005256241787122251,-0.00725113092445806,-0.0003413177594390193,0.002741685540588845,-0.005015324602953508,-0.009287925696594423
2020-02-21,-0.013657078983912885,-0.007437666795478304,0.017320302129691267,0.008863199095865415,-0.006479757980424994,-0.007812492724042275,-0.011439222433021756,0.011578999017521241,0.006290507052992833,-0.003963011889035695,0.01726422762039581,-0.012632235461093155,0.003209700427960094,-0.00252030243629231,-0.016071428571428625
2020-02-24,-0.03760685064853764,-0.036530549342836616,0.01690383633759951,-0.009740282211824991,-0.04351951969101997,-0.040944855972022576,-0.025142356377574338,0.01873549612794112,0.010608069710172474,-0.012599469496021198,-0.03753262537331492,-0.010719246101886126,0.006043370067543519,-0.018248175182481785,-0.026769509981851125
2020-02-25,-0.02397865883508632,-0.029749149722305135,-0.015247548210802098,0.0015428923995099986,-0.0277088449719054,0.010946896927421346,-0.04766638052782057,-0.03630482641692001,0.005810684161199564,0.000671591672263272,-0.008816555812132476,0.0013980911847295552,0.0035335689045936647,0.005433228481555696,0.00512820512820511
2020-02-26,-0.02766151841054787,-0.023446932822953848,-0.004189704482223999,-0.007702669571948428,-0.04405484250389813,-0.014076893799626067,-0.05057425286294048,-0.019633742499445828,0.002422661200149001,-0.005369127516778538,-0.005473823124113153,0.0167538840941317,0.001525821596244148,0.0022753128555177415,0.002319109461966562
2020-02-27,-0.023395096254171466,-0.03365482054287694,0.0,-0.001940569043579199,-0.0068027367730282284,-0.03789127209275156,-0.030448882084160855,-0.009424395016540799,0.002416806097787605,-0.01619433198380571,-0.008255926165726568,0.019224189283164828,0.0008203445447088065,0.00595913734392739,-0.02036094400740396
2020-02-28,-0.03181295204491308,-0.04947975840952801,-0.046280502691501524,-0.00991641396214027,0.000940097972233378,-0.038812762552170255,-0.01070466670666792,-0.07197880551029079,0.017062314540059242,0.005486968449931462,-0.018036783182094007,0.005725874846679746,0.01053864168618257,-0.003102961918194591,-0.0004723665564477786
2020-03-02,0.027315935384223833,0.0444593778617155,0.01802958486181372,0.021602539935111853,0.025560180098318508,0.04275535988746193,0.10326053436858196,0.01781910903407291,0.004923413566739532,0.022510231923601687,0.009184042168373097,0.012056282752611835,0.0031286210892236266,0.007923033389926504,-0.0051984877126654006
2020-03-03,-0.000770730527000052,0.009197867490390976,0.03127546645147916,-0.008266093826553966,0.0028128464054542057,0.025056895958533554,-0.005391053465241935,0.026979964778263144,0.006350934494647076,0.01867911941294187,0.009450488647102961,0.0052944259474132505,0.005429132493935507,0.0028074115665357446,0.004750593824228044
2020-03-04,-0.014076350436652674,-0.008478201002364627,-0.0006089763198755538,0.0052335628664836875,0.00013048479377797406,0.015000039074157145,0.015803619562530846,0.0033861034244195842,0.0005409304002885751,0.013752455795677854,0.020804451397198997,0.004608375478331483,0.0018382352941177516,0.00643896976483771,-0.013711583924349902
2020-03-05,-0.022296095557082674,-0.01881139966612022,0.015416518922981348,-0.004049346118870978,-0.029154725911163415,-0.030104031799061293,-0.021665052174659416,0.009018373004009206,0.008830419895476727,-0.006459948320413411,-0.011548918016987209,-0.01572745124037156,0.0037844036697247674,-0.010848400556328186,0.005273250239693272
2020-03-06,-0.09441890502548766,-0.10065365126354575,0.0026404370796919707,-0.0036786163690396556,-0.0693987070617309,-0.03611738832353051,-0.08726506730804784,-0.007380830298314933,0.03447659878528042,-0.01885565669700906,-0.0213058704847372,0.0029959850691425594,0.009368216611447489,-0.006467941507311559,-0.005722460658083017
2020-03-09,-0.24099844791455216,-0.2458817809757493,0.0022144787309947844,-0.019043927581536724,-0.1604822760953193,0.0409836385942739,-0.18149755183265182,-0.01237372153686156,0.032982213780003544,-0.007952286282306154,-0.041081464013326796,-0.015599010553835835,0.009054895302773147,-0.022360600056609115,0.0019184652278176895
2020-03-10,0.08323633758871174,0.10375848174309499,-0.009196789736675148,0.003961961467060293,0.07481298010725035,0.08886388786549326,0.017767626911920464,-0.005587866385741935,-0.032096288866599765,0.015364061456245803,0.004760200317006857,-0.0023601220250377697,-0.012563095905776756,0.011001737116386856,0.008616562948779327
2020-03-11,-0.03842021113047045,-0.04016301058212102,-0.010668405420007354,-0.008681861351029885,-0.009520720280105088,-0.02995866159247229,-0.0404459587627124,-0.010469658366176415,0.0043177892918826455,-0.0019736842105263497,-0.005102087983682946,0.0,-0.0029535385663977953,-0.006013745704467333,-0.018035121025154255
2020-03-12,-0.07180775716910459,-0.04487566897449302,-0.031741181193497225,-0.012340818588144398,-0.06316638159470245,-0.019701842208797005,-0.1916598909304198,-0.04590828171706751,-0.008082545141874453,-0.025049439683585972,-0.042124529328525284,0.009124745734113926,-0.001822946337017184,-0.014693171996542742,-0.017399710004833202
2020-03-13,0.018964395853945604,0.0073015727694072385,-0.04630975611591981,-0.00282143072676444,-0.01931369247828274,0.015209124244249583,0.00189419912972566,-0.09429234212869475,-0.01282940360610263,0.0027045300878971723,-0.001529598805438126,-0.00904223761500944,-0.00798995548453374,-0.009649122807017574,0.012788981800295085
2020-03-16,-0.11225995297948721,-0.09549318698424791,-0.019660835071461547,-0.03051738566797868,-0.07983123302166406,-0.02889240344047328,-0.23276249558118933,-0.11649142065869889,0.02476290832455219,-0.04315576534052601,-0.04289547349873912,0.0013517874441872912,0.01668392590035661,-0.029524653085326258,-0.03254006799417197
2020-03-17,-0.0439267796451811,-0.060975608135167336,0.026246718728858642,-0.03460493886802418,-0.010414695933728457,-0.04738296538057252,0.031163925218674837,-0.023723805411317578,-0.04027420736932308,-0.030303030303030276,0.010004001692266229,0.006749915904139092,-0.014486192847442236,0.0030422878004259246,0.0025100401606426015
2020-03-18,-0.1340062806408957,-0.2441558344129846,-0.031215145139910194,-0.06694017274252206,-0.07869067979453692,-0.07229612608413061,-0.10359847347086304,-0.05886600481816251,-0.032678571428571446,-0.025436046511627897,-0.00792388500017649,0.01910832195872314,-0.01240238860817644,0.0015165301789505925,0.018027040560841368
2020-03-19,0.14429261550173123,0.23809515337769716,0.0008799341466505517,0.018282803603789644,0.09169982547120892,0.03117211495491712,0.07417277644632381,0.030847931485629587,0.020121838656082636,0.030574198359433202,0.01757182949766345,0.035526275634765625,0.006976744186046435,0.021502119927316876,0.05263157894736836
2020-03-20,-0.052335785284660874,-0.11062645060031195,0.003652119912907814,-0.004318193862260622,-0.033982944042585284,-0.030229788512347366,-0.11620434490884535,0.020831598950035835,0.026782482808541452,-0.00506512301013029,0.006279428975141332,0.03303692762816168,0.00877598152424941,0.022828342721612715,0.007943925233644844
2020-03-23,0.0018532670592119604,0.04146234028187612,0.055929919137466255,-0.03241273613425366,0.009738722798531496,-0.0012468667613949602,-0.31978860338368087,0.07093695084472662,0.013218188227000383,-0.0007272727272726875,0.01950078049541082,0.02583023856449529,0.012477106227106294,0.02492753623188415,0.04311543810848395
2020-03-24,0.0044394720250249264,0.02782532540869198,0.059476675923340716,0.03680116609693296,0.06318268022030438,0.03183520543511009,0.07746476172073313,0.07591680008491841,-0.004522525656635912,0.01091703056768556,0.015684768821168094,-0.004496402795432064,-0.0054267947993216215,0.0031108597285067763,-0.001777777777777767
2020-03-25,0.008839770699457405,0.019991650881324485,-0.016805145864542737,0.01660977350180648,0.016199244047783834,0.0036297894567784983,0.23236428876993775,0.04272962244175482,-0.006115673597763438,0.003599712023038215,0.00338983635307466,-0.031315849760155334,-0.0007957258156189306,-0.005920496193966729,0.03294746215494215
2020-03-26,-0.038335131816665036,-0.0771743326791442,0.010904812978834055,-0.011638327334626442,-0.043268367275801745,-0.013261045128439508,-0.005486504911496715,-0.013277586525842322,0.0021097046413502962,0.0007173601147776321,-0.005255232464563719,0.0037301263410611796,0.0028441410693971214,-0.0014180374361882908,-0.018965517241379293
2020-03-27,-0.05353074560531379,-0.04823009443316684,-0.01587779623023844,-0.004981847037848874,0.017328420286803814,-0.0018326335036659147,0.054983476645348084,-0.009699466873921425,0.0052631578947368585,-0.007885304659498216,0.013207561564895443,0.0006194246231401301,0.0038570618264321954,0.0014200511218402934,0.003954305799648505
2020-03-30,-0.08704372441758157,-0.06601580944603092,-0.0011700378012791113,-0.015930853620978014,-0.04595230646816084,0.03427179645998013,0.020568225395110717,-0.029245398133369016,0.009249563699825547,-0.013728323699422007,0.000744895995512751,0.00742802182342106,0.004068256300146844,0.0008508224617129745,-0.0030634573304157975
2020-03-31,-0.0008787547259464512,0.01941261257771565,-0.023797765466052723,0.03607773857435159,-0.007161094035828541,-0.02958584013766763,-0.021007710428318616,0.0017052162541497662,-0.009164793359847878,-0.00146520146520146,0.005210248800737727,-0.01228878648233489,-0.0010129431626336727,0.004250495891187311,-0.0013169446883231073
2020-04-01,0.08795074846659312,-0.008300785160827329,-0.0032841184552284686,-0.021428614763580822,-0.07884597490491874,-0.03231705717037703,-0.046580531783252055,-0.012200307600225724,0.011518324607329822,-0.017608217168011753,-0.035542428126111525,-0.02052879036863331,0.00214060387561954,-0.02624153498871329,-0.03252747252747257
2020-04-02,0.21018596649341958,0.24667653178834636,0.03009758045216593,0.018704438610150254,0.06736034720170148,-0.022054169091352605,0.2128087484999317,0.04811145293306218,0.002242926155969549,-0.0037341299477221535,0.007293686741737471,-0.01841850716223059,-0.0006745362563237434,-0.004636337293538073,-0.015447523852794132
2020-04-03,0.13927855717806192,0.119273321254463,0.004920957273962578,-0.010300045452211082,0.07587178155290486,0.04445876526216819,0.04345203692214494,-0.010961897129797005,0.005680840075744431,-0.008245877061469287,0.00724087407450158,-0.019087653768950497,0.001799977500281269,-0.005240174672489051,0.013844023996308241
2020-04-06,-0.03107597051667399,-0.07974594977817817,0.026504284827250757,0.011312152270284148,-0.02325805904211231,0.06785927921109192,0.014459210679745427,0.046758118370696655,-0.01095515234508726,-0.009070294784580546,0.015134302455983795,-0.02044858825004847,-0.0052779337450870045,0.0014632718759144403,0.01183431952662728
2020-04-07,-0.03570343192334968,-0.0939417473200399,-0.007274866530635027,0.02393743981530716,-0.01740453423958388,0.06990182277964951,-0.07611179948508584,0.020581025017810006,-0.007442021460713044,0.011441647597254079,0.02422659785235237,-0.010774451875526059,-0.003612553623842829,-0.0008766803039158555,-0.011695906432748537
2020-04-08,0.03043612449988964,0.0617859095926403,0.0003603889766581325,-0.004588138037945888,-0.01635040916919539,-0.03725702256647301,0.045973463334360476,-0.017831644388190626,-0.005231037489102031,-0.004524886877828038,-0.010917002986097324,-0.0034036761114661918,-0.0004532064355313725,-0.0002924831822169738,-0.001820664542558026
2020-04-09,-0.041412929477236626,-0.09286567993367378,0.04251226475316172,-0.00021957952300588612,-0.03769665051025162,-0.02804259816614263,-0.0010324439171259803,0.05598465407286035,0.0031551270815075583,0.005303030303030365,0.00846208755165212,-0.0010245485159680046,0.0029471775107685616,0.010532475131656005,0.015047879616963078
2020-04-13,0.008259219589028088,-0.015377872493409939,0.004953402775092375,0.018880344436608132,0.022619797616304504,-0.0051933426050139175,0.03838775106466419,-0.03226006862758479,-0.004018871221387332,-0.0007535795026375469,-0.0186063565020409,-0.01333331246661329,-0.0012432188065099048,-0.010712217718587103,-0.0026954177897574594
2020-04-14,-0.0674227915904313,-0.10263271988938227,0.006820209772313124,0.01141994734961349,-0.050673656538811174,-0.04292343499774576,0.02374524298490699,0.038309994733504826,-0.002456140350877156,-0.016591251885369585,-0.005947949802270314,-0.003811524879597794,0.001018445173701421,-0.008486976880304309,-0.011261261261261257
2020-04-15,-0.06452702104043928,-0.011934349270711797,-0.016792850697309403,-0.014699567687261439,-0.032196546099509726,-0.03151510746573116,0.000555482153542286,-0.03888756434126872,0.016180091452690837,-0.020705521472392685,-0.007105480018097743,0.016347868546195743,0.0067827266561157895,-0.005903187721369552,-0.015489749430523947
2020-04-16,0.004694805282026149,0.0,-0.0039369655801569925,-0.003459414920291337,0.03556580057947878,0.05506879673817133,-0.021238168221125675,0.007574324026895063,0.004672897196261738,0.001566170712607784,-0.009416196127457144,-0.001369008888949197,0.0005614192679093133,-0.006235154394299336,-0.01943544655252194
2020-04-17,0.009345802722284358,-0.08052341791101081,-0.018135359683463026,0.021262653151211675,0.010567462906927894,0.039739046196993755,0.007942101243362476,-0.021010001386639,-0.008440999138673577,0.007818608287724738,-0.0003801643278800171,-0.012337134121101045,-0.0024688587139490847,-0.005079175380938161,0.007078810759792331
2020-04-20,-0.08938747278139458,-3.059660652724544,0.007340767684405947,-0.008073004410566686,-0.07163028392079507,0.0975470631877231,-0.0596594961893534,0.020935832560406764,0.004864489228630919,-0.024825446082234248,-0.011791607550227345,-0.009021533634245293,0.0015749803127460549,-0.007207207207207245,0.028584817244611038
2020-04-21,-0.2440359736250306,-1.2660111598392576,-0.013751777591560432,-0.028914162471660676,-0.18123451306401184,-0.05353432614099829,-0.23642076724728656,-0.047441497021024515,0.008298755186721962,-0.015910898965791564,-0.024249390757008937,0.012254901698886655,0.0020217904077277637,0.005142165759225659,-0.0036446469248291313
2020-04-22,0.053802427296024025,0.37662331847024166,0.030091765861830932,0.022276204405601074,0.005778018160680576,0.0647995781522952,0.25102888974051374,0.030975880174534343,-0.007030178326474568,0.02667744543249806,0.00867847376899089,-0.0027672718563015453,-0.002466091245376112,0.004814926271441422,-0.006858710562414272
2020-04-23,0.04712808271581714,0.1973875413452082,0.002661015668526945,0.002804645947141582,0.004650482890548702,-0.06395046549721062,0.00814531432719523,0.004647453264528867,0.002417544465550092,0.005511811023622082,0.0015643690263884569,0.001387528376691316,-0.00022474435329811193,0.005390835579514919,0.007366482504604033
2020-04-24,0.005157084423113689,0.026666699033794927,-0.005653982895085452,0.010327095123888519,-0.11953705570904172,-0.038016530879737,0.027346178153063505,-0.006124567714855145,0.0032730404823428927,-0.01096319498825371,-0.021866511516780762,-0.003463803109515884,0.0006743846240304663,-0.00834078045874298,-0.037020109689213876
2020-04-27,-0.0676306309151492,-0.24557264875658102,-0.006730476116006634,0.014480374434949095,-0.05613113058218633,0.0418098236371669,-0.01950997444806879,-0.003474465547873784,-0.00789835164835162,-0.03246239113222482,-0.0023951883341224445,-0.008342107446055347,-0.0032573289902280145,-0.0039050765995795045,-0.010915994304698584
2020-04-28,0.023511721797693674,-0.03442876287768171,-0.0008178190280367925,-0.0012594546680396723,0.03342068642401741,-0.013743802132764937,0.02915322696682221,-0.0025656542741497868,0.0070958809276566726,-0.009001636661211121,0.012404940727557046,-0.012267788817922454,0.0025918413342347346,-0.003618817852834688,0.011036468330134275
2020-04-29,0.1016618731245802,0.22042141275487603,-0.004150818816683666,-0.0018915142326073608,0.10098290968176715,0.041805979508627855,0.08992796789711122,-0.0001318991611100051,-0.00257776250214814,0.005780346820809301,0.018972389883784357,0.004968149306986636,-0.00033719231201523314,0.006961259079903082,-0.013763644992880852
2020-04-30,0.12111798719385525,0.25099599121175853,-0.011271617334156159,-0.008633373078129947,0.05385161422159035,0.04280366223191945,-0.0404290321515105,-0.01728232760952597,-0.0018952446588559324,0.02298850574712641,0.017455346920294268,0.022598847530436172,0.0006746120980436476,0.022242260294559557,0.019730510105871124
2020-05-01,0.04629996260781577,0.0498938708303831,0.006115692392080874,-0.015080734159040765,0.08771696368278037,-0.03027194213951745,0.09816572637162224,-0.002349298427154256,-0.0020714655618850886,0.0,-0.0034311915424538597,-0.007596727074117737,-0.001348314606741563,-0.00352837400764483,-0.01557338367154315
2020-05-04,0.02874433485365757,0.030839164905326344,0.007317807267077203,0.0023721542735282153,0.008792826658676534,0.054497378625547155,0.07203442399536852,-0.009486630882224123,0.00034596090641758614,-0.0024077046548957037,-0.013006892139505233,-0.014265853133568096,0.0006750675067506151,-0.015638831513720808,0.005273250239693272
2020-05-05,0.1386028839951996,0.204512025557537,-0.0014646434848216705,0.00731505990933945,0.11567680106446732,0.07074763184439559,0.09713939063084642,0.022755062856218977,-0.0024208888120352823,0.007240547063555924,0.00658915043880115,0.005294740785856122,-0.0007870474477175149,0.005095923261390967,0.002384358607534498
2020-05-06,-0.040361641191932196,-0.02320845713431885,-0.01185172081250807,0.004912379902119124,-0.08035717017910526,-0.08903470085116771,-0.027072002052732858,-0.0046489801473980075,-0.008667013347200547,-0.003993610223642197,-0.017327642182855874,-0.00596903708678842,-0.002250478226623165,-0.009245451834178353,-0.0014272121788773129
2020-05-07,-0.008748325534617574,-0.018340997843082074,0.022325198163132498,0.01402762716502326,0.015898092260756336,-0.025720140004687475,0.06215073864148857,0.03836657045503444,0.01346389228886169,0.013632718524458687,0.016457682945149488,0.0017661603292837835,0.005413330325927612,0.013245033112582849,0.008099094807050955
2020-05-08,0.05125594962009705,0.05053080987726388,-0.006911385803573311,0.00964158555804051,0.07430408322064164,-0.037486851731845294,0.02233196740955745,0.011438085934866837,-0.007936507936507908,0.009493670886076,0.011179606870013847,0.010930909861772475,-0.0024677509814918785,0.00861556743909686,0.000945179584120881
2020-05-11,-0.043267684284709396,-0.024252238763970202,-0.008538496624058811,-0.011002693432110022,-0.034026412155556685,0.0016456506067838994,-0.029405584195316914,-0.006607375671222493,-0.006608695652173924,-0.0015673981191222097,-0.0015249336209214315,-0.0013952717022336358,-0.0023614078488698453,0.004123711340206171,-0.008970727101038745
2020-05-12,0.01181236555460874,0.06793708941435694,0.005367766957965925,-0.009025975013892684,-0.03487972857553756,-0.05805035489245769,-0.0061674877622480695,0.0032617418865406034,0.007352941176470562,0.016483516483516425,-0.008018365312677411,0.008033595559249873,0.00236699729486034,-0.003520093869169849,-0.005717008099094811
2020-05-13,-0.026350867919985976,-0.0190069727721921,0.005573808885191767,-0.004871899889451803,-0.008349271272082848,-0.06046509919390952,-0.07163855276419218,-0.001529939913716416,0.004692387904066786,-0.010810810810810811,-0.013471916383244076,-0.011780990383156276,0.0019116158776566472,-0.015602001766264362,-0.021562050790608578
2020-05-14,0.06646106855823719,0.08975873737597717,0.01411981494086767,0.0008514659342577779,0.0762569543832321,0.04022273251730546,0.07247566953344942,0.03019852962576497,0.005362394049472474,0.0,0.011314901483542306,0.0,0.0014590347923681968,-0.0008971291866028963,0.0
2020-05-15,0.04400902268446005,0.06785199112736828,0.00880274382546209,-0.007443709740245441,0.028609762971620656,-0.020820920131194076,0.06090760439253318,0.056395628748340254,-0.0037852718513420314,-0.0031225604996096834,0.025462957001135766,0.00806447298220725,-0.0006724195898240026,0.0038910505836575737,-0.02007835455435847
2020-05-18,0.07107696533203134,0.0812096284357875,-0.01231890913949063,0.030640696699269165,0.0934375961273819,0.08323205492839514,0.057307758587059165,0.02452195157375292,-0.015371329879101947,0.00469851213782313,0.027840473033943658,-0.008347804857336993,-0.00527083099697212,0.007751937984496138,-0.006496751624187946
2020-05-19,-0.004596375785692275,0.021370217212365095,0.007160123567464316,0.007484459916483166,-0.03259143396434261,0.02636009576323639,0.018912069377064578,0.02450752858783911,0.0026311173478337224,0.001558846453624252,-0.008418724187610471,-0.0017537705692592942,0.0019165727170236124,-0.00295857988165682,0.0035211267605634866
2020-05-20,0.03174598631112735,0.03046159010667071,0.0036693180789062474,0.018365609710474518,0.0174609902097409,-0.03224044474053511,-0.0013394507362359809,0.006148033150682464,0.005598320503848786,-0.005447470817120603,0.009966794250382494,0.0031623115853238737,0.0015753347586362487,0.005044510385756595,0.03007518796992481
2020-05-21,0.00867136708506333,0.012839548191333483,-0.017194091172006765,-0.00628168950122443,-0.0016151499051415552,-0.03444381059118318,0.0012454275791000669,-0.03705153284518403,0.0005219206680584509,-0.005477308294209671,-0.009137426696745554,-0.010507880910682998,-0.00011234692731154627,-0.013876586950103298,0.004379562043795637
2020-05-22,-0.025790356898450217,-0.01975230557526131,0.008195277876162477,-0.017536698425669184,-0.007077885670820683,0.012280647940816403,-0.006602194107997117,0.01897897262176107,0.002956007650843251,0.0007867820613689513,-0.017336820734842107,0.005663738419524389,0.000674157303370837,-0.002095808383233533,-0.01405038759689925
2020-05-26,0.029604243359218074,0.033082660875822345,-0.017179711274783238,0.012245748696714243,0.008961333823281015,0.03581746860339874,0.010306287032585626,-0.005604564420151004,-0.007108183079056918,0.003144654088050425,0.02364868928488173,-0.0007040204249709747,-0.0014596900965641035,0.01650165016501659,-0.0039312039312039415
2020-05-27,-0.03953543165247586,-0.04483252312195285,0.003226184797320286,-0.014763179996499787,-0.01887364068265962,-0.039598427580921025,-0.05300790072658679,0.0068887154134940065,0.002793783830976171,0.004702194357366851,0.012101207120152502,-0.006692476003282821,0.001236927920836628,0.0017709563164107767,-0.004440059200789381
2020-05-28,0.0158318713439054,0.027430590475814087,0.0017540781818112805,0.0043705277907750695,-0.047834611921713566,0.06097562073114626,0.005235043497948233,0.011817235330315645,-0.0045272505659063045,0.021840873634945357,-0.007608731482564801,0.008155985081449435,-0.001235399820305516,-0.001767825574543358,0.019821605550049526
2020-05-29,0.0011334914845453348,0.05280340084061397,0.022412829772587184,0.005594684876457201,0.04224286046659431,0.012041573570433117,0.027441178840798663,0.03045543796326089,0.007521427322022101,-0.005343511450381699,-0.00036510511517628963,-0.003869066595734494,0.0030360958056898646,-0.0073789846517119395,0.012147716229348848
2020-06-01,0.08463056067948904,-0.0014089334852905866,-0.0007991678842106387,0.01978151956884422,0.06665290905518573,-0.04056242801667198,0.03976993385795957,0.017787370145919468,-0.00347222222222221,-0.007674597083653145,0.008035106919154655,-0.00035312888137351006,-0.00033632286995510796,-0.0002973535533750127,-0.01056168987037931
2020-06-02,0.03262004201343549,0.03865696387328699,-0.009312716890477302,0.00808243338226311,0.06132164981942512,0.001691038156312219,0.04837346984754798,-0.029891247182245007,-0.0022648083623693083,0.0030935808197989356,0.012318845937993705,0.0021194139547147106,-0.0010093080632499474,0.011897679952409312,-0.014070839398350299
2020-06-03,0.005559798392717807,0.013039921877987526,-0.016839648888047898,0.0008018013721327044,-0.025180874250193663,0.024760850192358408,0.0008942562504130613,-0.015708309657781472,-0.010302077876724325,-0.0007710100231302919,-0.00286327566846456,0.009164524053809853,-0.004490345756623215,0.008230452674897082,0.007874015748031482
2020-06-04,0.005026407598332172,0.0032179921946529078,0.013256672300937966,-0.0014019566272055473,0.00892356451679377,0.000549174487116888,0.026534477449975613,0.005747483041561807,-0.008468595624558928,0.015432098765432167,-0.0014357830097275759,0.012224939396542789,-0.002593594948128053,0.011953352769679348,0.02294921875
2020-06-05,0.05776437763536291,0.05720394007957941,-0.02570338299556474,0.025671837343636428,0.07122236078117661,-0.021953940985775744,0.056222792088943985,-0.03223476303701456,-0.008540925266903865,0.006838905775075954,0.01150250533193753,-0.0024153958555483968,-0.0047484454494064465,0.0,-0.016229116945107425
2020-06-08,-0.03546099354738985,-0.03438686818171077,0.013131298625037147,0.005084087540740745,-0.02546495354505196,0.003928220485548417,-0.015326290725869218,0.024365029967777563,0.002153625269203152,0.007547169811320753,-0.001421428892902754,-0.0024213496791853917,0.001363171646029837,-0.0034572169403630504,-0.00727802037845704
2020-06-09,0.009313751843653462,0.01963864956715322,0.009852823335096073,0.011867772124896758,0.02978690741138834,-0.012297414177975696,0.012803276649235418,-0.005260793737987046,0.008237822349570267,-0.01872659176029967,0.004626304590811703,-0.004507586062693747,0.0030629608621668414,-0.0017346053772766545,-0.013685239491691092
2020-06-10,0.013355979431389553,0.01694914922157742,-0.0006969471079459888,0.02172657401179845,0.015848217373646056,0.007357109076839841,-0.0003304529263650213,0.00011246209903847948,0.009058614564831258,-0.003816793893129722,-0.008147344880123475,0.00592121787987776,0.005202442886224734,0.0026064291920069316,0.003468780971258578
2020-06-11,-0.07620417781114985,-0.08232319310980873,0.011100190735312099,-0.02653373492700195,-0.07246370036414218,0.018539321854505353,-0.07529545902177048,0.005231796627868324,0.013729977116704761,0.01072796934865905,-0.017857142857142905,0.0031164281582576336,0.003937893789379032,0.0005777007510110455,-0.01382716049382715
2020-06-12,0.004669268709160734,-0.0022014813076161044,-0.001436946735163036,0.005799383457741447,0.01231613775947471,-0.04522891274419005,0.004915944561502572,-0.022776853759544524,-0.0065983677721827005,0.0007581501137225999,0.0,-0.0024163347515877565,-0.0022413986327468605,0.0060623556581986815,0.0055082623935904795
2020-06-15,0.025561623810172573,0.02371761307669029,-0.005813674881931297,-0.012684986329079773,0.032322449974905965,-0.03581739973610054,0.03682287257594696,-0.004753188845101564,0.0006991784653032074,-0.002272727272727315,0.00872726440429683,-0.002076145686905284,0.0,-0.002582496413199409,0.005478087649402497
2020-06-16,0.031218474966290044,0.03394402404328112,0.0053844656617869635,-0.0009733529996556189,0.039753730585110114,-0.03295390400416787,0.035686703618104776,0.014557814812127923,-0.009082969432314458,-0.0007593014426727773,0.00901225674342987,-0.0017337032267048524,-0.0022464337863641326,-0.0023014959723820505,-0.01733531451213477
2020-06-17,-0.006103515761424205,-0.01094325096284332,-0.0005182979637561314,0.010132510928602345,-0.00016910335492181794,0.014869918953191785,0.006626370047847718,0.007089382952379264,0.0028203772254538073,0.0037993920972645423,0.003929996829262761,-0.0003473640348584661,0.0012383203872565751,0.004901960784313708,-0.014616935483870996
2020-06-18,0.019651173054574533,0.023182325851930585,-0.0025927633459897903,-0.00038577450532739643,0.014044003556107798,0.0,0.034888507971073235,-0.014867372834294068,0.006855334856741058,0.002271006813020504,-0.0014235201062033909,0.003474635310684482,0.001686530245109008,0.002008608321377281,-0.010741687979539671
2020-06-19,0.016381602810690454,0.023429450150284747,0.01265092988442218,0.009262805359347759,0.010679107026385859,0.018925529855449597,0.011051953527237757,0.019379220334584613,0.0006983240223463749,0.004531722054380571,0.016393478281409468,-0.0062326449759377844,-0.000336738129980918,0.004009163802978222,-0.004653567735263708
2020-06-22,0.021095122856493065,0.017861612187991316,0.007644052717662664,0.01548754319912149,0.005943538451243624,-0.0029958029616901083,0.01549233267528849,0.0030842527797316777,-0.010293091416608502,-0.012781954887218006,-0.0059607318921928165,-0.0017421602787456303,-0.003256231753873795,-0.00028522532800911993,0.007792207792207684
2020-06-23,-0.010445699717103185,-0.0022244230010975974,0.008831507795699967,0.0016946529054566728,-0.012801645178147747,-0.016226003041556192,0.006272681198019603,0.0091687523239381,-0.0019390093424995758,-0.00990099009900991,-0.006349217028350895,-0.0006981228866710376,0.00033795201081443516,-0.0014265335235378318,0.0020618556701030855
2020-06-24,-0.054421760185210166,-0.058459268585404955,-0.0038720675724256415,-0.0035714384948652977,-0.04339148956621397,-0.024434919190737148,-0.07926729862698312,-0.02177162684015921,0.005298481102083974,-0.002307692307692344,-0.01845937012266008,0.0013972212054433886,0.0009009009009008917,-0.004857142857142893,-0.009773662551440299
2020-06-25,0.018357673990550882,0.018679372021116247,-0.0025350684817144753,0.004527389261296477,0.004170978525132041,-0.07201002462787776,-0.0018388560292805778,0.012742012802501756,0.001932536893886061,-0.021588280647648395,-0.003978253328047465,-0.004185602218128581,0.00022502250225020504,-0.0017226528854435985,0.011428571428571344
2020-06-26,-0.000730786354553481,-0.0059400706349500565,0.005478410355776342,0.0035680852744262026,-0.016701267552965193,0.008771937586134149,-0.03424886171203778,0.007828736875045372,0.004909696650885476,-0.0007880220646178104,-0.012345684142522795,-0.011908910320435617,0.0022497187851517886,-0.004889272361230934,-0.026194144838212585
2020-06-29,0.01682102922986184,0.03143671165775985,0.0005054779076945071,0.002806950544204767,0.02560948806517005,0.14314380332173693,0.026705960009435037,-0.0023859054106238897,-0.0003489792357355137,0.02917981072555209,0.015441178842399372,-0.005671769120517145,0.000785634118967371,0.001734104046242857,0.024261603375527407
2020-06-30,-0.013425978683423656,-0.010831241735823616,0.010835419580731198,0.012688904118096866,0.010897512746412596,0.02457580779639912,0.013512298610956597,0.03120138143812401,-0.0026182579856868227,0.037547892720306564,0.013033985954539196,0.020677318335004413,-0.001121453403611028,0.020484708597807266,0.009268795056642576
2020-07-01,0.021385108646096773,0.014005582649587511,-0.011441252755311049,0.001289841426824756,0.01824971700315481,-0.04568820147363373,0.013998872374038074,-0.022005336173147483,-0.0024501225061253074,0.028803545051698576,0.008220141029278372,0.02235426017094544,-0.0015717974626697773,0.010743567995476377,0.017857142857142794
2020-07-02,0.026409722640732713,0.020843843229927828,0.005674462299792626,0.006072873072863638,0.026258738221921263,0.037701953091893836,0.03476044555611102,0.006121439617524649,0.0008771929824560321,-0.016511127063890907,-0.008862105923910013,0.002733132079280276,0.0010120319352300289,-0.0013986013986013734,-0.01754385964912286
2020-07-06,-0.0009272349581196382,-0.000492016162679354,0.001955307262569761,0.011889529381699182,0.008610259397136666,0.05536336628340499,-0.014612415962040881,0.014251273639299455,-0.0017528483786152238,0.011678832116788218,0.01645211040356398,0.006473573752928008,-0.0007863401482812726,0.006722689075630228,-0.0010204081632653184
2020-07-07,-0.000463959252305135,-0.00024617612521593557,0.009144145198808129,0.007772911046856734,0.0012884817641092283,0.025136613516913098,0.02756282434163726,0.006701283574320316,0.0057945566286214945,-0.0043290043290042934,0.011963411388992151,-0.007109025548089565,0.001573917931422253,-0.0036171396772398667,0.00561797752808979
2020-07-08,0.004874630351600295,0.006893220122030863,0.005911901777745365,0.009686166726909251,-0.007158310478413421,-0.027718573817205217,0.012470600884953775,0.024318182772284258,-0.00034916201117318746,0.009420289855072372,-0.010431194089766005,-0.0057960510064974935,-0.00011224604332693566,-0.0005585032113935018,0.05129507364144237
2020-07-09,-0.021714077651337926,-0.03129590577604835,-0.009227687016971187,0.0047965801229983285,-0.008506216092133423,-0.02467102909053054,-0.03129601710393359,-0.010429191941294325,0.008033531260915217,0.008614501076812608,-0.009486948668327444,0.012002743232994106,0.0022451728783117186,0.0039117071807768244,0.01690821256038655
2020-07-10,0.02101542470868223,0.02347300177303513,-0.001053345361253788,0.020862805454828104,0.014135150163872678,0.014614897716555886,0.026069609075502154,0.005349000758211986,-0.0031185031185031464,-0.03060498220640573,-0.0028378830149152767,-0.014571393499187235,-0.0020161290322581182,-0.0075146117450598515,0.018052256532066435
2020-07-13,-0.012025912062409327,-0.01109742962777116,0.006770603810742681,0.01905085789394234,-0.014260358780400217,-0.03656508956184279,-0.007559862694237696,0.03824473685611918,-0.0010427528675703845,-0.019089574155653488,-0.004980480041167801,-0.026478617650200986,0.0,-0.016825574873808202,-0.02053196453569761
2020-07-14,0.00421349016929673,0.0047382156767130645,-0.00038583935907332556,-0.008837533536224185,-0.0022067602530218,0.004025352985294717,-0.020417704349529053,-0.013090437107914021,0.0036534446764091566,0.002245508982035904,0.01823383058283934,0.0021194139547147106,0.0014590347923681968,0.006560182544209869,0.0
2020-07-15,0.020745905780715557,0.022586245389272452,0.000220593585903206,-0.015603499095301232,0.019659181356011413,0.01832757428220111,0.013708494402209448,0.01203019123692406,-0.0031201248049922414,-0.025392083644510843,0.01123594452133525,0.007402099032710163,-0.0005603496581867429,0.004533862283933043,0.049547403525488365
2020-07-16,-0.00959127597308751,-0.01092234841277584,-0.007442937278958728,0.0053996968375589205,-0.013576432951141526,-0.030933603845002433,-0.02419934394825496,-0.009550405407277807,0.002782124847852563,0.012260536398467359,0.01631948726228849,0.004198783269020012,0.00100919488674589,0.008180535966149538,-0.02814344076259645
2020-07-17,-0.005303194556162127,-0.003926376623610062,0.005387963622057956,0.0005197954755158385,-0.007166731453970843,-0.002901912413069918,-0.007618129899003012,0.009642495145050667,-0.0027744061036933942,0.00832702498107496,0.02220702454269574,-0.0017421602787456303,-0.0008961577237593943,0.005036373810856087,-0.0009341429238673982
2020-07-20,0.003245233927426261,0.005420084254153412,0.00408841127848758,0.0038094953428078338,0.013452530236975235,-0.044819568974471924,0.0032666948991662004,0.02230130024303789,0.0015649452269170805,-0.014264264264264304,0.0003342322478721016,0.007329864235656736,0.0002242403856933528,0.0055679287305121505,-0.02384291725105192
2020-07-21,0.024029596692706656,0.028179310769008703,0.014581269750199244,0.014662763352386587,0.03601780179224012,0.02071902450916796,0.04167686762431955,0.06822695059660089,0.0015624999999999112,-0.016755521706016796,0.004677560582056817,-0.010395010175169417,0.0008967604528640205,-0.007198228128460715,0.011015325670498122
2020-07-22,-0.0006768677685793367,-0.0014298751168455581,0.011497343072389032,-0.011050672825178354,-0.00726562009600451,0.0035821147059573732,0.0024223788908366295,0.07377775790309293,0.0019067429363841537,0.014717273431448463,-0.0046557828755993125,0.0035014004853961556,0.0003359838727741149,0.0030674846625766694,0.01279014684983415
2020-07-23,-0.022126880153049533,-0.01980911219160819,0.013350503855022566,0.005501128645781561,-0.01306367598038316,0.06186791951068171,-0.018864954307750703,-0.005978446787097136,0.002595155709342656,0.0015267175572519776,-0.004677560582056817,0.013258854543067411,0.0004478280340349805,0.007784264664998597,-0.009354536950420989
2020-07-24,0.0006926524669974565,0.005356737821715862,0.003968253968253954,-0.014532405279465421,0.0017542520531783623,0.012885155371113122,0.020816825160907992,-0.005970761912013733,0.0,-0.005335365853658569,0.00033562676152820714,0.0013773894796531572,-0.0003357206803938917,-0.0016551724137930934,0.018885741265344702
2020-07-27,0.0016151290857815415,0.007507811860502311,0.01765480895915683,0.0020819021600293475,-0.0017511800419941492,-0.040929204779738715,-0.007861150874343692,0.07313220038098467,-0.002415875754961161,-0.003831417624521105,-0.0067113711648050245,0.00584598445114648,-0.0007836113287809088,0.0019342359767891004,-0.021779425393883223
2020-07-28,-0.004376840068574972,-0.01346148026765237,0.007042970267186588,0.005886412700247146,-0.009568587072830592,0.03806227564900655,-0.0071389967921882125,-0.00857979595982783,0.004324511330219716,-0.01538461538461533,-0.006081091312703735,-0.012307713174412371,0.0016804839793860271,-0.010755653612796512,-0.008053055423969724
2020-07-29,0.012262812686895552,0.005604277219918519,0.004525377423947319,0.00017210456636829186,0.009016948046401518,0.03000001192092938,-0.019042309314582395,0.0011126069012439288,-0.0008611780916293332,-0.014062499999999978,0.008497620644176918,-0.006922810807384883,0.0003355329381500294,-0.005854474491218342,0.01766953199617949
2020-07-30,-0.018514317103794697,-0.032711467745195955,-0.005682387348831419,-0.00034414990296682824,-0.03303275939506778,-0.013484345486015403,-0.0169956052437491,-0.03922937240039048,0.005688674366488566,0.0007923930269413404,0.010448246213186518,0.010108030526939427,0.001900715563506239,0.0002804262478968145,-0.006100422336930977
2020-07-31,0.008383805818932721,0.008767592807422453,0.010554496980200723,-0.01566536062482493,0.004290806533129521,-0.01640239007782429,-0.027286073094128782,0.036375279258229254,-0.00017140898183065634,0.0007917656373712667,0.031020691106601994,-0.0017253278849590492,0.00044637875237141245,0.006447995514437865,0.003305004721435356
2020-08-03,0.01963053819388616,0.018375908998204737,0.0016302991095733521,0.017138868608345126,0.019554691459899853,0.16787106259806284,0.021902032281805983,0.008309571312163477,-0.0037716440939482565,0.004746835443038,0.024587519658155754,-0.007604499765922923,-0.0010039040713887282,0.0,-0.019294117647058795
2020-08-04,0.006341987986857811,0.016825224814602135,0.027975584944048837,-0.0063617915040998785,0.014102605485183384,0.04378867422139199,0.0009892671345548276,0.06650265605537453,0.006539321975563617,-0.029133858267716528,-0.004420568023718818,-0.011842542055740979,0.0027914247431888306,-0.01532033426183843,-0.024472168905950054
2020-08-05,0.01665536481401575,0.011750548076848277,0.014002992987691698,0.0076138000094228,0.003734952952874071,-0.0009120352889925298,0.0069999009452610395,0.0332539484618426,-0.0037613267225167224,0.008921330089213253,0.0053916927558441685,-0.004934876114988773,-0.0017815388041421132,-0.001980198019801982,0.004918839153959631
2020-08-06,-0.001771043161396868,-0.005688501341111651,0.009808155485634629,-0.002060807834050493,-0.010450514083561235,-0.011866738050778425,0.004334253952439138,0.056181801395174036,0.0008580744808648344,0.000803858520900258,-0.00567824292882102,-0.005667643128312472,0.000557724484104849,-0.0014172335600907138,-0.018600097895252077
2020-08-07,-0.015302697369127927,-0.01740165742455102,-0.02000575253572856,-0.03958011085992341,-0.024001897582251686,0.03371822425398663,-0.016692407500682682,-0.030084130424835376,-0.0036008230452675427,-0.011244979919678766,-0.005393403357393467,-0.0024938089654051865,-0.0014492753623188692,-0.01192165767811526,-0.011471321695760595
2020-08-10,0.013288291268278574,0.01746718546054371,0.0057692066922461205,0.024368421434860288,0.013935535517849873,-0.037980251526283815,0.017969546745076004,0.062325193197583006,-0.0017208742040957237,0.008935824532900094,-0.0051036633322237845,0.00785718645368294,-0.0005582226191804818,0.007181844297615703,-0.00908173562058523
2020-08-11,-0.010891346081041031,-0.007868336365353779,-0.04579100092152699,0.004722748009953426,0.0012127177010425871,0.008360374590671515,-0.0201741330295353,-0.10981571448134642,-0.011894500948112396,0.0032206119162641045,-0.00416803673899524,-0.0007087604478362985,-0.0044682752457551045,0.0017113519680547196,0.008146639511201537
2020-08-12,0.0208988832623771,0.025474586470687344,0.0013872224755380191,0.005222877790304725,0.015180895093898528,-0.00875175189883759,0.03262771724446312,-0.0031493924167711462,-0.0019190509420795587,0.009630818619582593,0.03026402286607688,0.0007092631455007936,-0.0004488330341113622,0.014236902050113853,-0.007575757575757569
2020-08-13,-0.01034561341725504,-0.010077255892442571,0.01098000226478324,-0.028749629612990546,-0.015192452075912355,0.013940507472627761,-0.007235940363154114,0.06700059046604934,-0.005418633106100357,0.03418124006359302,-0.012499988079071045,0.027994307422951836,-0.0015716210148181142,0.01880965749578878,0.01119592875318065
2020-08-14,-0.0035587155398179027,-0.005445155014064396,-0.01045471748411253,0.01854495278733781,-0.0011307599045478067,0.07974336894205636,0.007936569998821197,-0.05882139437142764,0.00017574692442878792,-0.002305918524212136,-0.0022151801892150713,-0.0013788138161625607,0.0011243534967393387,-0.004133370074400622,0.006542526421741357
2020-08-17,0.012723207690429783,0.020947419739937745,0.025079444619534152,0.014705901995269777,0.0019405848667539694,-0.007215602856975201,0.02040810071431709,0.06054092010964496,0.0028114566859953616,0.02003081664098616,-0.0072946858412971105,0.02968579642237512,0.0014600179694519433,0.009961261759822815,0.03299999999999992
2020-08-18,0.0019836930726626623,0.0,0.007204695434959829,0.02518977024692437,0.01718995867359907,0.0333476139845188,0.010236229637269556,0.01468726775254603,0.002628351147713426,-0.012084592145015116,0.008945709056566775,-0.007039811169536336,0.00044858136144432237,-0.0005479452054794054,-0.01742497579864477
2020-08-19,-0.001979765824910218,0.0009326396851616625,-0.021260706014044395,0.01615620935157769,-0.007457957541292415,0.003723650284045643,0.0058457151182280676,-0.026168464398357294,-0.002097168822090212,-0.006116207951070374,0.0028499098418404145,-0.0016880485462320571,-0.00011209505660803032,0.0005482456140351033,0.008866995073891548
2020-08-20,-0.010359211308589189,-0.008152771293572503,-0.012079403257529542,-0.01623054783992295,-0.0034372486992513274,-0.030502933452522973,0.004649300692743941,-0.007065743718964512,0.005078809106830118,-0.0015384615384614886,-0.011683007210042784,-0.0064255134786136425,0.0013452914798206539,-0.01041095890410959,0.0146484375
2020-08-21,-0.012249510758720272,-0.005636488213858093,0.00025687130747487075,-0.01902355471180528,-0.031042032771222416,0.04081630791191859,-0.009564143610188869,-0.015301195050063887,0.0013939710751000867,0.007704160246533087,0.0035143965825186196,-0.012253150903717147,0.0,-0.002491694352159457,0.014918190567853706
2020-08-24,0.01758743226224202,0.006613102935469906,-0.004006188406843858,0.003089007827674184,0.03278147061244163,0.026552311452584743,0.06463666465771967,-0.004455812531780845,-0.0008700191404210633,0.014525993883792054,0.007959248685593279,-0.003790510190367802,-0.0003358710255262354,-0.0011101859561476468,-0.0123281175912755
2020-08-25,0.01617548249410694,0.017128098557745552,-0.008302380358563899,0.0029085028185604767,0.010019275481535805,-0.009550310114924798,0.02106649891969581,-0.01256204460776933,-0.005050505050505083,0.027128862094951023,0.0101073814392445,0.008647526624765423,-0.001455930115354498,0.01555987774381773,0.012481997119539123
2020-08-26,-0.0047972354508313275,0.0009227431818994436,0.015287829435443046,0.00972367115806283,-0.012221293535727096,-0.0112495441645738,-0.025288355987852063,0.04479319753481681,-0.00210047260633639,-0.0007336757153337814,0.008130148216139998,-0.0003429564520658346,0.0,0.00629274965800275,0.009009009009008917
2020-08-27,-0.012050816047672663,-0.008066339687586965,-0.010192073963668391,0.0018583678474326515,-0.027315755700918487,0.047948001691890285,-0.055931201012131226,-0.015311705126547004,-0.0098228380985792,0.011013215859030812,0.0331885744143392,0.011663786951918942,-0.0024674742036787656,0.019303969548667643,0.019736842105263053
2020-08-28,-0.0008871349610107826,-0.0016263869269335096,0.021887638084699956,0.010118034488434624,0.004542792461034173,0.030244307398186843,0.02413391829565148,0.022214008751771264,0.0001771479185119773,0.005083514887436413,0.0024016215268476415,0.022719607818584953,0.002023836294130943,0.014137103227527259,-0.005990783410138256
2020-08-31,0.005105428327002448,-0.008377952062475491,0.0018734878354020879,0.015358933413151199,-0.01652688506673794,-0.010161817745556356,-0.029950574587860324,0.029952902789744273,0.005313496280552554,0.007225433526011571,-0.01287811659287097,0.009946949400824412,0.001122082585278239,0.0007890583903209514,0.009272137227630983
2020-09-01,0.006625509272208285,0.0035202466330217508,0.00015164703923353784,-0.010358389943047719,0.029010982483480108,-0.03916355876428468,-0.040279025022926795,0.0017230996906738572,0.0035236081747709314,0.0028694404591105283,0.004854364437391068,-0.005909449358103891,0.0012329074198609291,0.003942181340341744,0.021129995406522717
2020-09-02,-0.02523039665819815,-0.029232929117551487,-0.017282365364725272,-0.002159829095986776,-0.034367878424349185,-0.016224728998172067,-0.01853511276749331,-0.04342482303827522,0.004915730337078594,0.0007153075822603494,0.016606257693174697,-0.0016512550203332532,0.000895555804321102,0.007853403141361293,-0.01439496176338284
2020-09-03,-0.008102647037560917,-0.003372666714269945,-0.003548054978657289,-0.014985040286229268,-0.01750104640375627,0.00040222344979978786,0.0024126491963241126,-0.01886307492396222,0.0036687631027254586,-0.015010721944245908,-0.005939915625735037,0.009593200566215598,0.0015658203780337665,0.006493506493506551,-0.008215426745778132
2020-09-04,-0.03199455087760539,-0.038675332739444235,-0.001806171902058007,0.029918872394553597,-0.013873481962615397,0.040611206689448176,-0.022989514450453052,-0.00594727484939539,-0.013925152306353383,0.007982583454281489,-0.011652207213162624,0.015072003282939228,-0.005136795086543855,0.0007741935483871476,-0.00644270593649332
2020-09-08,-0.0675105738025441,-0.07568524268505195,0.004601097099254048,-0.011160321763738712,-0.06487190513942676,-0.0726429518798909,-0.06320077358446807,0.010836849205919652,0.005119152691968276,0.010799136069114423,0.01481251017675378,-0.008392432822415086,0.0025816589965204084,0.0036101083032491488,-0.01204261232051873
2020-09-09,0.025389697516936982,0.03509251834681648,0.006021034137599468,0.00912860206938615,0.027210229149084997,0.002499918043616711,0.014961911508182268,0.0033874181873898568,-0.0031612223393044925,-0.002849002849002802,-0.010723878868758696,0.012044210750094653,-0.0006717420510523597,0.006937307297019579,0.0014064697609001975
2020-09-10,-0.017896531646275138,-0.01971090709693113,0.004808442527325596,-0.01743420196124379,-0.021426633798340422,-0.03449706906657535,-0.019297782417540543,0.007716571459625232,0.002995066948555225,0.020714285714285685,-0.0024088533141460866,0.0006433329397164123,0.0008962581223392885,0.0053585098239345985,0.011235955056179803
2020-09-11,-0.0057413762943521185,0.0008043591047672827,-0.00834904241021961,0.015734828093578956,0.006651887386865951,-0.023245760603520238,-0.0025507768911863238,-0.01560946083678838,0.0019321974354471472,0.021693491952414323,0.018412332951556643,0.023465084055767305,0.001231251399149258,0.020812182741116736,-0.01157407407407407
2020-09-14,-0.005523505161669218,-0.0018752613471143542,0.008111261645763923,0.010711941156344329,0.003487550145089502,0.018069585019285794,0.010868524969876558,0.018325283864247366,0.0005259467040672483,-0.020547945205479423,0.016004655422845238,-0.00690949036314481,-0.00022358859698157207,0.01367478866235694,0.02763466042154561
2020-09-15,0.023226411380182777,0.027375214807086934,0.001273106921710676,-0.0011413614218128698,0.005396035631519247,0.02251084288504246,0.028279787702335746,0.004296910626192307,-0.0010513404590852815,0.023776223776223793,-0.005834216900934441,-0.006008932133811706,-0.0004472772000447822,-0.027225901398086783,-0.018687329079307147
2020-09-16,0.041697569511635946,0.049111837201311515,0.002186984505600398,-0.0016323460925544708,0.015464349613196093,-0.04022016472079282,0.044635765404587247,0.000329074476291602,-0.0012278547623223446,0.015710382513661303,0.02523464640399875,0.020680878945122938,-0.00022373867322966756,0.019919314170448787,0.0069670227589411216
2020-09-17,0.0255802459765877,0.020169356981290187,-0.01045418705198553,0.0027795488945969726,0.03896807875694286,-0.09925006996381236,0.029859575888058654,-0.013525824824580424,0.0010537407797681642,0.00941492938802968,-0.0008585798647955389,0.02992520719704972,0.0,0.017058096415327517,0.0262915129151291
2020-09-18,-0.0034641504347477925,0.003417119489312892,0.0062567059947296055,0.015326975556283484,-0.0006897857439757127,0.0029383162581499978,0.00996406196390387,0.0015934506802135484,-0.0026315789473684292,0.008660892738174608,0.009166419255883795,0.02118644106934564,-0.00022378874342621202,0.014584346135148252,0.03370786516853941
2020-09-21,-0.03962926625030039,-0.043784947952720366,-0.026247388329241783,-0.026979318270680896,-0.04460741522898104,-0.10400393018107823,-0.048115879214753465,-0.10096936894620756,0.0035180299032542273,-0.023117569352708034,-0.02724947763118013,-0.011855364766921728,0.0011191941801902416,-0.020124580737901243,-0.03521739130434787
2020-09-22,0.006756819577056428,0.007377183686060995,-0.0015701873957576495,0.009737582952666246,-0.01011475656566152,-0.0005449845826985822,-0.010874164365221373,0.005885001452941463,-0.008939526730937786,-0.0013522650439485862,-0.01750809106518214,0.011697642375168238,-0.0010061486864170188,-0.0026894865525672884,0.005858494817485349
2020-09-23,0.0011984476413613443,0.008333379893192383,-0.020549356088052195,-0.021412232969633904,0.010400496892086109,0.1586695801226503,0.014601116265049896,-0.05842400496868938,-0.0012380615493455815,-0.0020311442112389555,-0.02910601709328886,0.01423071000374021,-0.0008952551477170445,-0.005148320666830131,-0.016129032258064502
2020-09-24,0.004069862750353703,0.00951668082171242,0.00454934697545073,-0.008184363866814093,0.00830708486399323,0.05788230895996094,0.012189964279598176,0.004518992431934876,0.0028333628475296635,-0.013568521031207648,-0.010094769966977002,-0.02426196481281373,0.0005600358422939156,-0.01429275505174965,0.001366120218579292
2020-09-25,-0.0004768826518495306,-0.0014884984184290184,-0.005647597340325383,0.0013472375767582534,0.008507125495553325,-0.04848753207594392,0.015472083023977845,-0.004368882776191407,0.0003531696980398902,0.004814305364511773,0.014833112891931899,0.009287016827089767,0.000447777902160551,0.0024999999999999467,-0.010004547521600737
2020-09-28,0.012166082025458769,0.008695614263878104,0.008573112351385692,0.005549948170223695,0.011809680065627548,-0.017765249872486732,0.02668424599487418,0.0222009677699766,-0.0010591350397175514,0.004106776180698102,0.013702824629980848,-0.012763395283082013,-0.00011189437171310601,-0.006234413965087282,0.011024345429490046
2020-09-29,-0.03299555776124108,-0.03226595093171636,0.011103385114802355,-0.0020070385916691746,-0.02676617268304793,0.21894337110696016,-0.03601801584529152,0.03621214243698323,0.0021205159922248473,-0.005453306066803054,-0.012616460561485798,-0.015935111886009268,0.0011190689346463056,-0.0032622333751568533,-0.0013630168105406293
2020-09-30,-0.001949744546368093,0.02367015229078917,-0.004045792018402383,0.01508298181210277,0.03282243533943907,-0.013276125289563123,-0.0007489640983315837,-0.038843257948727006,-0.005290072297654769,0.03906785469499652,0.015211439496427559,0.03788580774988004,-0.0017885088307623143,0.030715005035246712,0.05186533212010924
2020-10-01,-0.0004884116579009223,-0.03729487703814094,0.010973383713070328,-0.05448240300099583,-0.017810412484523863,0.0,-0.04030640203950342,0.03243290276836186,0.0003545470661230343,0.009894459102902431,-0.021576189063581497,0.015601965270871654,0.00011198208286677946,0.0,-0.013408304498269907
2020-10-02,-0.04055704458917864,-0.0431302151599533,-0.004540037061267044,0.040160560980950555,-0.03555552164713538,-0.03521962342506457,-0.025078121185489022,-0.009176212738783218,-0.0024809498493708615,-0.007838014369693003,-0.02174581802878417,0.012753605497056064,-0.0007837868099876966,-0.0026868588177820785,0.005260850504164916
2020-10-05,0.05143876837832617,0.05856955542044817,0.006552736506594048,-0.004532474636856909,0.04451604326253289,0.07260051206209295,0.06283937113093696,0.022151771826652844,-0.009593178184402196,-0.0006583278472679366,0.027238598142968584,-0.016599850870882116,-0.0036978933213805965,0.0007347538574578039,0.01918883558656792
2020-10-06,0.03293777137796394,0.03697085423538371,-0.005885072080355713,0.0001687022574823338,0.048795552745406034,-0.036328882701250564,0.03433548933660391,-0.02579381065311237,0.0026905829596413078,0.01449275362318847,0.01462967150702621,0.031140807623354805,0.0008997863007536022,0.022026431718061623,0.014548566538296948
2020-10-07,-0.015474790710420905,-0.017703403944474116,-0.00943000814100503,0.023267497756308764,-0.023388831615516636,0.03412697076136695,-0.027690123417468016,-0.0009217120111419952,-0.0059033989266547016,0.009740259740259827,0.0006007947495831889,0.018910562906782724,-0.0023598157096302863,0.006704980842911823,0.024884015183466834
2020-10-08,0.03215047440241947,0.031038744432762222,0.002274130868823221,0.002471633530712447,0.027136442469398725,0.008058383459788487,0.025564233995663432,-0.00046124118427093297,0.0030592046068023127,-0.004501607717041778,-0.00210146178139603,-0.004986115769996524,0.0014642937598559058,-0.0009514747859181716,-0.02016460905349793
2020-10-09,-0.011305991618404287,-0.014323869197832795,0.016410730825070052,0.012327384599178925,0.0008387543083765436,0.04339544710379517,-0.023059485588123985,0.051684371207477264,-0.0008970218873340929,0.02067183462532296,0.02737664866008771,0.010857443663550237,-0.0006748397255651462,0.014761904761904754,-0.002519949601007987
2020-10-12,-0.02637099868510895,-0.028817689973340332,0.00140176166059236,-0.006007420512235684,-0.030336081683687066,0.05107628898907124,-0.022855746156337564,0.006262698411732215,0.0019752199676781323,-0.015189873417721489,-0.029575463868283802,-0.017625981241817468,0.0005627462014632378,-0.029798216799624577,0.0008421052631579773
2020-10-13,0.017497591583819805,0.01952828941932827,-0.0177821807216495,-0.006043805615259745,0.010284390042176073,-0.009024652033840397,0.005953975498672381,-0.045191445224517235,0.00465949820788536,0.005784061696658016,0.0175015643251899,0.00504622296431001,0.002137232845894177,0.00991535671100352,-0.00042069835927638355
2020-10-14,0.02049467411657413,0.020895525787210767,0.0067033006470189616,0.0016433446149530795,0.020102621961858524,-0.07670756554339642,0.012175534690486822,0.011541969310898903,0.001070281840884757,0.013418530351437807,0.0,-0.00027895705304215035,0.00011224604332693566,0.01173371647509569,0.004629629629629539
2020-10-15,-0.0036934406403337228,-0.001949362311646996,0.000838869367680628,0.011648909208558988,-0.003186611772079795,0.05273148016246121,-0.014284600392969415,-0.007018532454792226,-0.0007127583749109156,0.01828499369482972,-0.016310884692973482,0.03822548113934454,-0.0006734006734007147,0.005680473372781103,0.03602848764139077
2020-10-16,-0.005328997753694775,-0.0019530766148807555,-0.0013096547582513995,-0.0058384326271074816,-0.008075985870986013,-0.0007207543752599799,-0.009491484465867117,0.007274777083119854,-0.001961483594864477,-0.004334365325077361,-0.005426484787901864,-0.012362284407584578,-0.0004492362982928544,-0.011532125205930832,0.011322280630812864
2020-10-19,-0.007221089473266162,-0.001223073281657605,0.002780070651458022,0.005220238866630478,-0.017810217118417015,0.007933672690755289,-0.005561264324263959,0.01181829836853554,-0.0023226728604609503,0.008084577114427782,-0.013943706449405124,0.015510237298044238,-0.0010112359550561445,0.004047619047619078,0.0027988804478209506
2020-10-20,0.01267012972924686,0.015429763045927691,0.0019354884849578369,0.020285620961209894,0.013297584614559543,0.04221825663562817,0.022025257436375734,0.011355829635558479,-0.005730659025787954,0.008636644046884578,0.023977947226071272,-0.003483435873591789,-0.0015746260263187484,0.00924828076831874,0.00797448165869219
2020-10-21,-0.03313253730841992,-0.03449108385801525,0.0073613738155040576,0.016223915502667996,-0.02863227472566876,0.03776172024113911,-0.04007064046370301,0.01042628327457873,-0.002341498559077837,0.012232415902140747,-0.003302329805358828,0.018553358455835056,-0.0009012053621718641,0.007518796992481258,-0.0035601265822784445
2020-10-22,0.017493399239016716,0.015238586783746122,-0.012904910294927463,-0.013930153244672061,0.018247210310124107,-0.005292766263589654,0.015609903476336395,-0.021113607865267614,-0.004332912077992468,0.0060422960725075026,0.014758971461124482,0.009503712300759526,-0.0018040365317397722,0.0016324626865671377,-0.011115522032552616
2020-10-23,-0.016250556796674864,-0.01943899919763703,0.00031501396284161487,-0.007777819322319024,-0.00809857017660165,-0.011972069742866354,-0.016578850907276288,-0.0015406489114542232,0.001450589301903893,0.007207207207207134,0.012466666689312511,0.010460251212981886,0.00022591212018530094,0.0093131548311991,0.016057808109193106
2020-10-26,-0.031362254223953,-0.032371321210157955,0.0002624396456090139,-0.011838087122444496,-0.025623216209399113,0.017839102685864416,-0.023970497141133418,-0.010192120428379359,0.005793952562013427,-0.003577817531305927,0.010260875633490318,0.008281605221475585,0.0020327498588368353,0.0036908881199537724,-0.020150138285262797
2020-10-27,0.018289710707155793,0.02619290159654364,0.003253436218211947,0.0004856374518416029,0.03200213807365082,-0.0016533981941211362,0.02860733291530715,0.00615357818799378,0.002880288028802802,-0.00418910831837227,-0.010156659414387481,-0.014373732073371004,0.0014651189000338682,-0.005056308894507033,-0.006854838709677402
2020-10-28,-0.050485480401391336,-0.055092249734359444,-0.017103443079984793,-0.01067960947807245,-0.03757445689853389,-0.007618417191282312,-0.05422417310932748,-0.04900920288362254,-0.00035900197451088633,-0.034855769230769273,-0.020228743156247564,-0.019010384877522823,-0.0003376097231599928,-0.023100023100023126,-0.01136825010150222
2020-10-29,-0.03757662183389621,-0.032629078379736165,-0.005959957142873895,-0.0016355499346552005,-0.02315561819517653,0.10180242373649495,-0.027649410937027552,0.0006431700128544104,-0.006823487161070174,-0.007471980074719831,-0.010771897527774743,0.0005308778417114635,-0.002814364516492196,-0.0052021754551903054,-0.008213552361396315
2020-10-30,-0.005046545383953105,-0.010505868749095648,0.006370462748427563,-0.0027850914333674703,-0.00652332417796353,0.01605573202012689,-0.001902020277257166,0.011911387358885639,-0.002169589585970022,0.0,0.01663639486430535,0.004510512694511082,-0.0013547076089410748,0.0045162823864985935,-0.008695652173912993
2020-11-02,0.04030972165336677,0.02849959294974891,0.006702471100751506,0.009857063222012297,0.02866921070949857,-0.03279669961591436,0.002382141255569792,0.016471183021310676,0.0016307302047471328,-0.0025094102885822034,-0.012496339661273947,-0.009244585165281372,0.000565227221343001,-0.005442498816848107,0.015037593984962516
2020-11-03,0.0189889104590637,0.023091508894586665,0.009458401275594497,0.004392378579701761,0.013305719677162875,-0.05702834314813365,0.023669162053917114,0.012455210360543312,-0.0041606367583212345,0.008805031446540879,0.017776444019286686,0.0055985232453876765,-0.0014687605920234992,0.007851534618129818,0.0008230452674897748
2020-11-04,0.038277524371890914,0.039564569423894635,-0.007433036568633256,0.004535205010636645,0.0411675551042856,-0.004249758541760573,0.028972096901244804,-0.018144413873852128,0.013987284287011903,0.010598503740648413,0.0180580412195106,0.02253446374581425,0.006449422946367855,0.018885741265344702,-0.003289473684210509
2020-11-05,-0.007276236730326069,-0.009195417530535654,0.02668500103323934,0.0011286632252689444,-0.0033233337034391797,-0.03414316855629962,0.007039060216448512,0.05476865525449215,-0.000537441777140768,0.009870450339296788,0.031404531847121,0.005444582627625927,-0.0007869589657111264,0.02108433734939763,0.005363036303630331
2020-11-06,-0.03615928490597098,-0.04253677460519012,0.002516900668201316,0.014333990440371203,-0.023084772725697533,-0.01835482747392514,-0.028228318630961646,0.018870938397207215,-0.005915038537372297,-0.00610873549175317,-0.003665099059521726,-0.01392468815488257,-0.002362736273627375,-0.002949852507374673,-0.011899876897825235
2020-11-09,0.07477821814672247,0.08481425895652728,-0.049853937178914176,0.0007939210150802456,0.06485199936900243,-0.010041566396849722,0.07036139958558185,-0.07646418347911521,-0.018031013342949875,0.0018438844499077955,0.003961499407016511,0.004445638687670783,-0.006992218337656508,0.00591715976331364,-0.007475083056478371
2020-11-10,0.028537713229423556,0.026557450248452463,0.011863675426207587,-0.00031728622084348235,0.02942393409480837,0.03147950863589788,0.028775790294348402,0.0321300273052445,-0.0011017260374587279,0.03803680981595092,0.016347289699489398,0.027857280706653942,-0.0010221465076660774,0.030090497737556454,0.018410041841004254
2020-11-11,0.004356767348081325,0.002176019131038487,-0.007887469961394111,-0.006824348586799589,-0.00534933221861944,0.02780604288041988,-0.015241637654680784,-0.007976752910099472,0.0038602941176471006,-0.013593380614657202,0.029672758016497047,-0.0053190872615698215,0.001250568440199995,0.0043927081045465055,-0.01725554642563676
2020-11-12,-0.006164394120245054,-0.007961443304718707,0.006284955627217981,0.004474253498006009,-0.010033751404713742,-0.01814577042988108,-0.015987771492850245,0.001608241545799416,0.009522065555759074,-0.02156980227681249,-0.0021546412268591553,-0.011713791597975587,0.0039741115022140505,-0.005466870763175202,-0.016304347826086918
2020-11-13,-0.017229497381853975,-0.024075824160634363,0.006886191217375881,0.010340448544027048,-0.023595185232082594,0.006384346282468867,-0.027396090314304122,0.01930835096721184,-0.0005441683294031829,0.005511328842620955,0.002159293730151113,0.0,-0.00033928975344943435,0.003957783641160839,0.008924776880578023
2020-11-16,0.024310447526956214,0.03015198236398864,0.0008483181516656391,0.014013576983037401,0.020511481293685074,-0.09949912195090882,0.01901554561662211,0.0010904527262358688,-0.0016333938294010864,0.014007308160779441,0.008079699122825135,0.0030919393727941724,-0.0005656748500961761,0.010512483574244502,0.0075821398483570945
2020-11-17,-0.0015974371362783568,0.0021770718978155745,-0.0014302750144876697,-0.007298125918920317,0.008300125330301666,-0.0018539541681171778,0.005580736744152048,-0.006092111413295687,0.0038174877295036325,0.00960960960960966,0.00187014945908337,0.0166966355094178,0.0019243830654289695,0.014087559601213773,-0.004598662207357829
2020-11-18,0.013485717773437544,0.009413453699630203,-0.005941303547252863,0.0004692292355994443,0.020095294316398116,0.007429413662093598,0.00841132537839795,-0.008199702148564136,-0.0001810938065918144,0.013087447947650155,0.025599975585937518,-0.0022738603442179484,-0.000790871088012679,0.005129301132720698,0.004199916001679904
2020-11-19,-0.0031574061607274606,-0.0019129128871639978,-0.006617228375318307,0.0017198493683623362,0.005300569139451428,-0.04424774715532864,-0.00034392224302504104,-0.0163712851179737,0.00416591197246885,-0.007633587786259555,0.009100423742850916,-0.003038697665231349,0.0012437810945273853,0.0014884116521369783,-0.010037641154328703
2020-11-20,0.017194531864588525,0.00982270797616236,0.005855505997347521,0.028094244812972624,0.01227667137862487,0.022376576993563768,0.010924697980066567,0.013106920247544895,0.004689754689754633,0.0017751479289940253,-0.003865022431618237,0.0025400050012549524,0.0010163749294183066,0.002972399150743099,0.0025348542458809575
2020-11-23,0.024466243576910074,0.02158955668965734,-0.018478944207857007,-0.010323340046358931,0.01881371599180226,0.02301881815284812,0.024506476375420805,-0.029735462302524218,-0.003411131059245953,0.007678676904902648,-0.0028453339572096503,0.0005066675532510168,-0.0013537906137184308,0.008890770533446224,0.00927096502317748
2020-11-24,0.03907944384266382,0.0429632702071534,-0.018065117183644452,0.01242519566854261,0.037390327228356224,0.02360757303954575,0.04501665563683699,-0.014053535586777688,-0.0032426589803639105,-0.0017584994138335475,-0.012710710076965892,0.008609759303707776,-0.0004518752824220762,-0.00020981955518251105,0.02087682672233826
2020-11-25,0.015670706026647663,0.01781338765928875,0.0004987390148722959,0.003636389120223127,0.019933774178242825,0.043603534746478045,0.02328721450574811,0.002747771074925076,-0.00018073377914329392,-0.01350557839107458,0.003152888269966736,-0.0035149232723855617,0.00011301989150092062,-0.006086044071353602,-0.03762781186094066
2020-11-27,-0.008845922645066007,-0.0039378759304531386,-0.013071157898608465,0.026419038644757364,-0.004399292137895583,-0.018301096330329614,-0.0042719053199563595,-0.03438094591781593,0.005784526391901634,0.013095238095238049,0.013619708056764379,0.004031257566441182,0.002034128150073533,0.006545608108108114,0.014024649383765464
2020-11-30,-0.012245748211929919,-0.004173042648869529,-0.0034794731226440723,0.006177422422610546,-0.0178195657465805,0.013717916011916964,-0.025818947861741437,-0.0008424200840525531,-0.0005391804457225424,-0.013513513513513487,-0.021188622187560235,-0.013550800242118854,-0.0001127777151235243,-0.01950912523599746,-0.027242246437552353
2020-12-01,-0.0035722206996743333,-0.017423928382634846,0.02162528888324866,0.013886827814529434,-0.00634264787569383,-0.0006939122354894245,-0.02282014479408412,0.06652172374746335,-0.012048192771084376,-0.0119118522930316,-0.01267158206709662,0.0010175372431284746,-0.00496277915632759,-0.005562687205819428,-0.025420077552778975
2020-12-02,0.017503202511683025,0.016386073058090034,0.00887491086633041,0.0020184456785807825,0.014027994406639932,-0.03472227051302046,0.015978382131421887,-0.0003329308533965847,-0.0027302511831088783,0.010247136829415249,0.0018716495178692227,-0.010165184243964398,0.0,-0.0077452667814114085,0.022104332449160102
2020-12-03,0.00953365978181675,0.007950543729170034,0.005955646762575428,0.0011511329582580831,0.019836105110799584,-0.09820144054565261,0.01758209639713737,0.0025806566344492854,0.004015331264829447,0.00835322195704058,0.032292475181562086,0.008472369173218919,0.0017002947177511274,0.013226366001734657,-0.010813148788927363
2020-12-04,0.011086038301722834,0.013584551712886084,-0.0005974556517972518,0.010060318048594308,0.0069618461841736146,0.027124084175929486,0.005389503139058283,0.004815843497162131,-0.006726049809125612,-0.013017751479289963,0.013185065085559389,-0.010183299705468052,-0.001923729772547289,-0.004493901134175027,-0.009182334936598147
2020-12-07,-0.009340082933454896,-0.01080847423566067,0.01413043478260878,-0.0015651223330228614,-0.0027085064367493583,-0.06563112452180875,-0.010011795000615109,0.02222865456695855,0.004758418740849146,0.005995203836930418,-0.008165340802184451,-0.005915606649127381,0.0023809523809523725,-0.0038693035253654084,0.00838481906443067
2020-12-08,0.001024784507528853,-0.0034965002902287434,0.004769573640976743,-0.004132860405840932,0.005360243462317671,-0.0029093806219989693,7.964372769087014e-05,-0.0023038360751711506,0.0030965391621129434,-0.005959475566150174,-0.01517880547467465,-0.01241911460017786,0.0005655468838365874,-0.011005610703495927,-0.013129102844638973
2020-12-09,0.00040950978094156376,-0.0017543425226828058,-0.019414381535057146,0.004006851497704078,-0.005544880174199629,0.017924128428012498,0.015924819271070145,-0.030546090974595375,-0.0034501543490103037,0.011990407673860837,0.012539173394538583,0.00707356982736651,-0.0012434998869546021,0.01112808204233029,0.023503325942350273
2020-12-10,0.028448615887940676,0.027680103446007465,-0.0005983005634688787,0.017816420135414734,0.02630640220935576,0.045454572081593536,0.031899019202515255,0.00422063647577442,0.00564868804664731,-0.00414691943127965,0.005159978627458983,-0.008844937436185196,0.0019241652518393604,-0.004963314630988314,0.022963604852686226
2020-12-11,-0.005572115010883061,-0.00448907845131441,0.0033743066776392716,-0.01302337737472059,0.0008358018105163456,0.014884491660392518,-0.006759780780213331,4.1590057753726484e-05,0.0009059612248596416,0.009518143961927406,0.015913828571652466,0.00813649895935864,0.0013556258472662286,0.006723053567555759,0.030495552731893305
2020-12-14,0.006403836041765754,0.009018724208607942,-0.006237795699875259,-0.0005674957666155223,0.01217894318796775,0.035121512495764895,0.008717583565691411,-0.0019556831918629003,0.00018102824040555632,-0.011785503830288757,0.013390569852905765,-0.00859156016169782,0.0,0.007755277897457891,-0.024249897246198082
2020-12-15,0.009345742641669874,0.013407048966049828,0.012663104389140978,0.004542882477852617,0.006875763243981314,0.0,0.005837287772268329,0.024848811710301177,-0.004343891402714961,0.013118664281454917,-0.022936972566516056,0.019432837844747253,-0.0014666064981949667,0.012612227447627244,0.010530749789384952
2020-12-16,0.0063042458649122946,0.004199932117292304,0.0020481467459738667,0.004522270639716552,0.009218775413581515,-0.0018642342163028847,0.019671419734312856,0.016435508980275015,0.00036357025995270575,0.005885815185403098,-0.0035723244336380855,0.01622871611247878,0.00022596316800371774,-0.00042220814861726463,-0.002084201750729431
2020-12-17,0.008222360099642056,0.011292365515966019,0.01683612997642059,0.012099038839018306,0.011705805126894786,-0.015315699324341181,0.026018182478235063,0.044626765814694824,-0.0014537524986371064,0.012287887653598561,0.022535239060390788,0.008618488964472482,-0.00022591212018530094,0.014783526927138357,0.01712614870509599
2020-12-18,0.014757248961809744,0.01530185803205164,-0.0007934828505226088,0.008757326135217403,0.01190474387105045,0.02427926088429233,0.005403020741522768,-0.005785477944655781,-0.00309372156505916,0.011560693641618602,0.0035061204252053724,0.019100292083675585,-0.0006778895040108202,0.015608740894901052,-0.000821355236139576
2020-12-21,-0.02583234821048286,-0.027698509937247873,-0.0032293798015221586,-0.015295585159424085,-0.023529455330947968,0.0018518059014955845,-0.025222127246951276,0.012678734462502783,0.001825483753194579,0.005714285714285783,-0.002745211160202987,0.016769390364904435,0.0014697569248163234,0.019057377049180424,0.004932182490752224
2020-12-22,-0.016303241383718303,-0.015081717540615047,-0.006639048053870722,-0.015393245861138771,-0.010694463126089904,0.02772645094235715,-0.015363137058615028,-0.032118116545839404,0.008928571428571397,0.007954545454545547,0.014764768921557536,0.006548659439657767,-0.0030480921201173627,0.003217373818620528,0.009406952965235194
2020-12-23,0.022364195106523654,0.023394267618290998,0.004170414668330791,0.009664627458081831,0.024562122388697816,-0.06187047953438052,0.031728272226147824,0.015333781136056546,-0.005598699656853889,0.008455467869222133,0.019728711519416908,0.014939788450677671,-0.0015853244253198895,0.009220284626177522,0.020664505672609357
2020-12-24,0.001757815454038747,0.0022859645218877844,0.0027154973921696968,0.0022522232263726405,-0.005008302857679614,-0.03450926043161262,-0.0022430668841761925,-0.0005033527428810469,0.0039956411187795915,0.008384572386808342,0.011850101488479314,-0.010446401440035502,0.0007939208347509386,0.0037735849056603765,-0.004366812227074246
2020-12-28,-0.008383706326774543,-0.012647742403923634,-0.0014867920722226868,0.002808986130333757,-0.0073825752502635344,-0.08459087777146224,-0.008122467159307312,0.02514425011738486,0.0,0.012195121951219523,-0.002868043294625644,-0.003598848473923333,0.00033998186763373184,-0.006529481598733677,-0.020334928229665095
2020-12-29,0.004522208798194871,0.007979863012151256,0.0013295043435128662,-0.004761893631251901,0.005273822292395591,0.070281967974128,0.014769331285296117,-0.012169259536383037,-0.0005426917510853446,0.020810514786418377,0.018216641881497964,0.028172435711372623,0.0,0.03206532563234421,0.00691900691900682
2020-12-30,0.004893325489397915,0.008333365122477288,0.005576504256123549,-0.002814520275376431,0.0020177704270190056,-0.01824080914259385,0.01736432459936399,0.013390480332519994,0.0010859728506786848,0.018240343347639465,0.004472660752269375,0.012646355729471592,0.00033986631924776134,0.0063681976071015,0.03597413096200475
2020-12-31,0.008959857481602773,0.0024793166963146263,0.000897829909134451,-0.00818516624598542,-0.009061602509588429,0.04830722804038823,-0.002549491697309003,-0.005889464369025044,0.0019887904538058443,0.02002107481559534,0.01546762808604285,0.004625346966306454,0.0007927519818800022,0.008820709491850431,-0.0003901677721420693
2021-01-04,-0.013706546234168338,-0.018549083210795736,0.027175347297483388,0.011098473252610264,-0.009686370477245743,0.01654196720960499,-0.025205941572215007,0.036153715548643106,-0.0009022013713461119,-0.0005165289256198191,-0.009231514169755317,-0.016574543716887935,0.00033948172456721437,0.0009503896597604644,0.0023419203747072626
2021-01-05,0.049128955060417256,0.048509059745994954,0.004007011674690419,0.02462710273713653,0.03891930501474006,0.046880979805180356,0.05768812648045629,0.010518939473908917,-0.005959906086328348,0.016537467700258324,0.033310046471240584,0.019194713144060627,-0.002036199095022617,0.025446259020129203,0.01869158878504673
2021-01-06,0.01305971609826484,0.014019642672962185,-0.02343432677854984,0.0026095389434688254,0.006452009373810297,0.0051814129857303826,0.015770253223477804,-0.02168944148878771,-0.01326308139534882,0.0066090493136756745,0.0006762574139793642,0.01814422142220473,-0.004647472228519578,0.01129629629629636,-0.00993883792048933
2021-01-07,0.0014733302427025752,0.003950242123644809,0.002619721295168187,0.012465698752580856,0.006149022139926519,0.004786454735145496,0.005220316139797898,0.008415867489014683,-0.0029460504511139574,-0.002020202020202033,-0.0009011244892396242,-0.011955758941829653,-0.0018221159321262226,-0.003479216260758089,-0.008108108108108136
2021-01-08,0.029606483610305823,0.027739519902017173,-0.040865359620382735,-0.005953142086638441,0.02691629649344418,-0.010626618869960636,0.04019693532347279,-0.09624999842223003,-0.0027700831024930483,0.0045546558704452345,-0.013303273345819044,0.01552508628531668,-0.0021677124928694003,0.011209114296214517,-0.00544959128065392
2021-01-11,-0.005893942153275655,0.0001913920599532215,0.008390554761477098,-0.029808130647797526,-0.003798621655290657,0.017407381668666844,-0.013940213715676997,0.026726855765900392,-0.0024074074074074137,-0.008060453400503764,-0.014396647111111993,0.015737410503837923,-0.0017150697461696396,-0.0009085953116482193,-0.006262230919765188
2021-01-12,0.01652896130371362,0.018373188219572345,-0.003566078172749676,0.011503964377961973,0.014744147020999021,0.0021842162386227493,0.02117305296261507,0.005745095127490885,-0.0009281603861147625,0.05078720162519046,0.0,0.0429394088938142,-0.00022906883518492016,0.03455802109858119,0.04765655769988175
2021-01-13,-0.009190534481005708,-0.005638023721524332,0.005802013624058633,0.003328733386920746,0.0013778464979703475,-0.009444250886318728,-0.002704431269587415,0.005357692853611873,0.007060572277963528,0.014016433059448996,-0.010433590349992472,-0.018675759937545222,0.0027494558368656996,-0.007735583684950753,-0.006766917293233088
2021-01-14,0.006421633728782128,0.01247400962607248,-0.0018868941473574319,0.014100049318434005,0.012821354933012286,-0.022368943440241096,0.003292879553975059,0.008855792637126214,-0.00682656826568262,0.018589132507149664,0.013823808537235305,0.005406574465828484,-0.0014852050725465693,0.01807228915662651,0.014383043149129415
2021-01-15,-0.023395954230122085,-0.022587252032214677,-0.011612833378245369,-0.01772084447237121,-0.01636407697236386,0.026631696222165324,-0.016410360429543136,-0.035772528416316174,0.003529630317666621,-0.005147402901263476,-0.03281723985717677,-0.003656661027686803,0.0021739130434783593,-0.013748694744169843,0.008208955223880654
2021-01-19,0.014519112049223626,0.011841079538914112,0.005628682780694838,0.00915903220980141,0.0036411630587565025,-0.06978443023011704,0.006346545566746409,0.018287957773261754,0.000925583117364015,-0.010348071495766664,-0.003584174830362219,-0.027417987634583363,0.0005708414202534318,-0.021881065819657652,-0.0048112509252405955
2021-01-20,0.0032200411495955095,0.0049075526326343155,0.014291951704148653,0.00316284940109135,0.0010633167070170924,-0.0027493988499347477,0.0037708918522725288,0.017999127172373397,0.00018494544109493027,-0.0076045627376425395,0.020143888182717617,-0.01798003574587259,0.0002282062984937383,-0.011726501894281038,-0.00669393826701381
2021-01-21,0.0003565735095132361,-0.002066127101495785,-0.00032144419284085846,0.002193254810008982,0.0001249894973067711,-0.018905118797055698,0.0025908079979171106,0.0034196492491453956,-0.003328402366863936,0.004310344827586299,0.020921470862582447,-0.009493629627933209,-0.0005703855806524771,0.0005476451259582849,-0.010482965181579984
2021-01-22,-0.012299441095836805,-0.01618672300136037,-0.005198602880791325,-0.00547120264842571,-0.015369254609026162,-0.018064969495150796,0.0005168380141407081,-0.01154055959577982,0.0025974025974024872,-0.045302813543156906,-0.02670964400785114,-0.03788225842329007,0.0010272799908686014,-0.04269293924466333,-0.039727582292849006
2021-01-25,0.008482245479108697,0.009565716388390433,-0.0005387350642740429,0.00137535813612355,0.011357861905717748,0.0637775521606414,0.00800673551355402,-0.0027033475821531816,0.006476683937823857,0.0219780219780219,0.01585044148780601,0.018975331793604777,0.0025085518814138563,0.024204307223175237,0.022064617809298692
2021-01-26,0.00053684285475053,-0.003032022854352112,-0.00231776998220401,-0.003433607319859533,0.002823283499127305,0.020753228615470798,0.012555271080289199,0.0029070675752904673,-0.0005515719801434393,0.040566959921798595,0.02258968914125159,0.016061438078335932,0.0,0.019910681056940716,0.025828835774865055
2021-01-27,-0.001788561516616105,0.004561829708899623,-0.003241666173676494,-0.015573306976733536,0.006569040443526575,0.039156662466513836,-0.0022774727932914907,-0.005993179597846732,0.0033112582781456013,0.0032879286049789513,0.01389206587272418,0.00022910905730966213,0.0011373976342128334,0.003284072249589487,-0.010522360015031929
2021-01-28,-0.0050170683946290096,-0.00964992121585273,-0.0037942435402282815,0.003219902433631905,-0.004475109012152867,-0.034782592921265953,0.0036776416410562174,0.021004136096423265,-0.005133846718005097,0.000936329588014928,0.0029200599006860006,-0.021759046878592092,-0.002044989775051076,-0.01563920712856881,-0.017090770983668846
2021-01-29,0.006302940689940195,-0.0026748068253782398,0.005114546106532281,-0.002651416927027306,-0.0008116234903561281,-0.03753759075165031,-0.006570254929686881,0.0382492263934231,-0.004976041282712895,0.023386342376052305,-0.0006719505704104733,0.009131336550576297,-0.0015938069216757667,0.01237760945871047,0.02472952086553315
2021-02-01,0.008410833876558943,0.025862039356128852,0.008986074350221696,-0.0032181004640605693,0.029055290943967194,0.11154447171545612,0.011192406751043826,0.09286249568985294,0.0016669753658085096,0.004113345521023826,0.007844067619828143,-0.001160092807424573,0.0011402508551880963,-0.003467153284671509,-0.018099547511312264
2021-02-02,0.01969832547309358,0.022595688173889794,-0.01636353860212436,-0.006457047072809585,0.016819446466171062,-0.0017543425226828058,0.01628828720224096,-0.10252397664597701,-0.003328402366863936,-0.011379153390987717,-0.014454114036796195,-0.005807200929152101,-0.0018223234624146212,-0.007690899102728466,-0.00960061443932414
2021-02-03,0.017403411345863207,0.01698320550915855,0.0009272123645893693,0.011161344365486547,0.009494814153885534,-0.019683653326819095,0.020173220829078353,0.018723448553313204,-0.003525046382189201,0.016574585635359185,0.0036101048852397177,0.017523364485981352,-0.0010269283432222664,0.012179368887248465,0.0054284606436603156
2021-02-04,0.006500189429803793,0.009696551065604853,-0.023922415671138286,-0.003493096987691069,0.005915403927327256,0.05234847854070401,-0.002305007014374194,-0.024369398032744294,-0.0022342208154906285,-0.0036231884057971175,0.010341706142237284,-0.005510892988483063,0.0,0.0009115770282588365,-0.01658310836868493
2021-02-05,0.008497620644176918,0.011026123722783554,0.012170639472082634,0.020471103347166952,0.007762449010952022,-0.024531525760335904,0.002735914162351083,0.030164373988428084,-0.004478447471543245,-0.0027272727272726893,-0.006230502622455947,-0.006003246517835903,-0.0007995431182181711,-0.004189435336976355,0.00588235294117645
2021-02-08,0.020559508216481115,0.019701016299795926,0.011693299046814598,0.010992020479232423,0.01989842759494964,0.006636414237761734,0.015461140756227731,0.020581911494617522,0.0024367385192127777,0.027803099361896066,0.021719687058156856,0.014169584444867933,0.0,0.015364916773367376,0.022612085769980528
2021-02-09,0.008751630899576313,0.006727607062894991,0.0017991761618010305,0.014813836495268795,0.005092142342631112,-0.01630809570892877,-0.0007165511645789158,-0.00631120015607467,0.0,-0.013303769401330379,0.019504697979731977,0.004809908552813269,0.00022862368541387568,0.010088272383354413,-0.009531071292413262
2021-02-10,0.0062203481284348605,0.005483202389950925,0.002829905399659882,0.013927961891853746,0.0024477703581395893,0.026807751034156446,-0.01206979840836786,-0.011753559082205767,0.002430815258040342,-0.03910112359550566,-0.01784182766309861,-0.03738323218081652,0.0014857142857143124,-0.03406456215444975,-0.021555042340261732
2021-02-11,-0.005368502106740558,-0.007498272399807271,-0.008628589984841728,0.0005282934923538374,-0.009312878617258935,-0.01477155020152554,-0.0019353665581233193,-0.0011819305871335617,-0.0016787912702853625,0.012160898035547207,-0.001313144241564479,0.01562871488111739,-0.000456464681045321,0.009970457902511054,-0.0031471282454760274
2021-02-12,0.021099131966065388,0.02111949702589211,-0.001970712480853898,0.0038284202003711076,0.015361639536976446,0.01534167011381582,0.025633247876652332,0.01039124839996286,-0.0065396113602391726,-0.004158964879852123,0.00898531312326889,-0.003963585249813328,-0.002283365681013838,0.003290676416819016,0.00513022888713488
2021-02-16,0.014736475483711375,0.00975278299061988,-0.013273339085118074,0.012098896175921636,0.024274575728250758,0.07451923490231915,0.04750368703592467,-0.00014638619806417452,-0.012413014858002613,0.025058004640371223,0.026715888744074823,0.002808945822013742,-0.005607048861425823,0.009293002915451876,0.03258735767569698
2021-02-17,0.015627433111524924,0.018151543154644845,-0.014563619328446409,-0.0031185248879128658,0.01284173954635559,0.028763232364701574,0.021208212954632044,-0.00018306190089467655,0.0019043991620644185,0.0013580805794477513,-0.010577533216796886,0.007703124083947355,-0.00023014959723821615,-0.0007221520129987447,-0.020532319391635023
2021-02-18,-0.006372335344280944,-0.010140643409782824,0.001240947152121974,0.0209854344644127,-0.0007073936420198823,-0.0425598259151877,-0.00894784058679543,-0.008676851390065687,0.0005702337958564119,-0.00497287522603973,0.0029933587401793638,-0.013435297999865092,0.0008057090239410591,-0.006323396567298967,0.028726708074534146
2021-02-19,-0.015954957811584625,-0.021150012716708022,0.0013521264304576786,0.04429977198503532,-0.0073513259469102366,-0.004218043923323922,0.007022273063357343,0.006463092166000495,-0.008548632218844943,-0.013630168105406626,0.013643133483909997,-0.0037567647955978334,-0.002990224266820052,0.001636363636363658,-0.017735849056603747
2021-02-22,0.03703700559543499,0.037981092779372005,0.017441206016760136,0.01528117302402876,0.01958415845987016,-0.03779730754031185,0.019259468129575907,0.030493150951466097,-0.004406974516190876,0.01520036849378159,0.007360721228898859,-0.002828144529758103,-0.0009228284692582855,0.0047195498275549586,0.020361121782558556
2021-02-23,0.001992717459678106,0.0029272480983124627,-0.001382437495160982,0.008428620379531404,0.005057575597616326,-0.025059301876829698,0.009176338680479956,-0.014136643397869242,-0.001347190146266386,0.004990925589836603,0.02839241654135516,0.008035910771536425,0.0006927606511950568,0.016079494128274696,0.002635542168674787
2021-02-24,0.02554685786719868,0.025133826784161206,-0.004429924077660741,0.027104505852087124,0.02157388167903851,-0.008683521151802709,0.019907425194183315,0.006176389579150232,-0.003854307188282946,0.009932279909706576,0.03816486261010321,0.0042203699717906495,-0.0019614630206530315,0.012624466571834914,0.021779947427713164
2021-02-25,-0.002386689438011569,0.004903472834673517,-0.012514600197156556,-0.008137717574270398,-0.0008908681238439797,-0.026979726234664048,-0.00174084808015873,-0.007897520118156032,-0.011414200038692202,-0.008046490835941,-0.00351975571615315,-0.00980616812784807,-0.010982658959537539,-0.012467076382791875,-0.012495406100698325
2021-02-26,-0.011214115293069482,-0.03195338923819424,-0.02624759206101568,-0.04020153245141933,-0.0262771262720618,-0.0021606201184074525,-0.00808541742748714,-0.04468642551177737,0.006653620352250478,0.0013519603424965165,0.0074568499792422305,-0.0021221265822493063,0.0009351256575103051,-0.0005334281650071215,-0.024934871604019304
2021-03-01,-0.03689700178511457,-0.013983749761814046,-0.0033549564231309947,0.0061057748129131895,-0.02009156480474361,0.002165298505921731,0.03510920034699616,0.009279559424290262,-0.00019440124416791882,-0.014401440144014455,-0.01110244824951534,-0.007088846676432503,0.0036202265561136038,-0.009073118662159763,-0.01717557251908397
2021-03-02,-0.01554400824487323,-0.014676771085198381,0.0061520461903292745,0.02718776167009551,-0.006101612549372359,0.022326264798994355,-0.0033454561251021753,0.007618156911513907,0.0017499513902392572,0.024200913242009126,0.009848335542481657,0.007377380999242122,0.0026762857807773877,0.01543985637342904,0.03029126213592237
2021-03-03,0.021850062443612206,0.02560667413049167,-0.010267609026584301,-0.018551404486247036,0.015264670206090125,-0.00810144488042075,0.00795286739148926,-0.018361267169955675,-0.005822981366459645,-0.018724921979491715,0.001560327982117471,-0.007323353827861867,-0.003713589416270202,-0.002298444130127253,-0.016961929890689786
2021-03-04,0.04167314158986968,0.04161232216961652,-0.008800616171192654,-0.039007932972285775,0.032848499977401024,-0.024857930973756992,0.023619233873565904,-0.03501917226555773,-0.008980866848887104,-0.007269422989550245,0.02005847370206304,-0.004997634560945596,-0.004775771694816577,0.0031897926634769647,-0.0034509202453987253
2021-03-05,0.039256859910754116,0.035406461569869485,-0.001293556320948408,0.02405411116136502,0.02531644375808284,-0.016387500163880242,0.03343504618248638,-0.006959190283485794,0.0007880220646176994,0.028832951945080065,0.019091255815355757,0.004544352711666644,-0.000351123595505598,0.013425189895778233,0.0065409772989610815
2021-03-08,-0.01614767498163594,-0.01573601670085989,-0.012069473064468594,0.004037190265848034,-0.018261342328483643,-0.013698608371661147,-0.007749210477300261,-0.0006730885847407997,-0.0029527559055118058,0.005338078291814874,0.012738858965328115,-0.0040476481119792185,-0.0035124692658938805,0.002440299808262214,-0.011467889908256867
2021-03-09,-0.010551014701678296,-0.01598771509203245,0.023182374501825143,-0.02047035771677319,-0.0006287454735135478,-0.0007507858236887044,0.0007321185201081271,0.03597468123133418,0.006515301085883607,-0.005309734513274322,0.020162784404338163,0.0021516242895707194,0.003172365174480163,0.0024343592418709648,0.015467904098994678
2021-03-10,0.005628034681656402,0.006717704902752919,0.002853995191557379,0.005597720956706631,0.005243008696721674,0.01126971151619971,0.014291276289480237,-0.0017592715719935148,0.0023538642604943316,-0.025355871886120984,0.0038077802114677706,-0.021708029194954737,0.0016397282736004826,-0.020641803989592367,-0.008758568164508707
2021-03-11,0.025478581570866465,0.024518841430783755,0.00046458748700639596,0.024987707463103526,0.021957999382969273,-0.008915278681392858,0.028131787749561266,0.0022987271067189674,-0.0015655577299412693,0.013235965312642595,0.019869914414621714,-0.019751294764602023,0.0007015902712814714,0.002833864682961318,-0.022281982328082983
2021-03-12,-0.005888209807371703,-0.006210179545016681,-0.0016254074059534052,0.0006034412610413931,0.004133874327957088,-0.02548728584663129,0.005612761393408272,-0.010779049319199374,-0.014504116032928227,-0.010360360360360366,0.007616016864124164,-0.014179134843361307,-0.006076186024772112,0.0001766160367362435,-0.007072691552062915
2021-03-15,-0.004911932408106723,-0.0033531659603187602,0.005465694892935469,0.00024120793066839674,-0.009453614892248718,-0.044615362043210594,-0.021116344491100558,0.014412716797853387,0.0031821797931583795,0.000455166135639562,-0.03163999395978323,0.02800910029125303,0.0012932047966141003,0.0026487727352992874,0.020973486347447556
2021-03-16,-0.007113790408074028,-0.009022730438869253,0.0009831559624065012,-0.01627881650549956,-0.008312353909133763,0.03140099423620191,-0.0016154371445414872,-0.010627331194779988,-0.0015860428231562196,0.008644222020018244,0.0,-0.0031909371930404218,0.0,0.002641775272983482,0.0031007751937983663
2021-03-17,-0.005702579223994975,-0.0030864902502700797,-0.0021954178603766916,0.012012695862411826,-0.013763130708385196,-0.01327085066761391,-0.02574720823794474,0.002155992679317986,-0.004368546465448819,0.006765899864682012,-0.008894566656554637,-0.002954967222348115,0.0011741223435481896,-0.0038643948708940723,-0.010819165378670781
2021-03-18,-0.06941178265739889,-0.07120740840208939,0.0031266426323874885,-0.0026646511978744014,-0.06395261498058169,-0.018591838445767506,-0.05031510011460305,0.01117934887384009,-0.007379337854008794,-0.020609318996415715,-0.019780184002556545,-0.016547250655592816,-0.005981001524569041,-0.017986245812026125,-0.014843750000000044
2021-03-19,0.019753476992938168,0.023666636149088482,0.005310217126623273,0.0015787629683894355,0.02135411119724151,0.021765473760117615,-0.0005144008634134778,-0.0011017563753171755,0.0004018485031143104,0.020585544373284526,0.006539582793862353,0.02435957155222268,-0.0005899008966493424,0.01723828335428257,-0.0055511498810467685
2021-03-22,0.0013947616455562972,0.002116591859179895,-0.002066932127726906,0.006184139286641965,0.003841348216995888,0.018540406210695526,0.00859452914569303,-0.020956967858288045,0.00803374171520388,-0.015688032272523578,0.04640802022589785,-0.027702838838081556,0.002951245425569571,0.0008826125330980705,0.0003987240829346206
2021-03-23,-0.059269601799224136,-0.061575970146321324,-0.007479431668260372,-0.014702420985707065,-0.04395123165225845,-0.028659999872572617,-0.032350255115664917,-0.02101699526893641,-0.004383343295477182,0.004098360655737654,0.011530983469847822,0.0055471045274742,-0.006238229755178959,0.004056437389770684,0.011956954962136335
2021-03-24,0.059549312256341524,0.05921056237925115,0.004695365892163128,-0.004036202766378838,0.043856120819827815,0.003987237190562043,0.04882935520622245,3.966074021177768e-05,0.0038022813688212143,0.0036281179138322184,0.008067328670286367,0.00551658042721237,0.0013028544356270544,0.006674863867907943,-0.01575423395037412
2021-03-25,-0.038192870040420046,-0.042824434763252484,-0.00467342246372715,-0.021245224894051118,-0.04261614498346411,0.020651329666534934,-0.034238299074596634,-0.007102926589216296,-0.0003987240829346206,-0.012200632625395391,-0.04349338935124725,0.008977571330462952,0.0003548616039743546,-0.012912231722212564,-0.019607843137254943
2021-03-26,0.04229215334331582,0.041154368013920584,0.004173713607376284,0.023462961448402764,0.035587567503675865,-0.005058370343102858,0.024155380550323846,0.002797526041765863,-0.004587155963302725,0.010978956999085021,-0.04547108077146256,-0.0014829611825614153,-0.0028378857750975817,-0.009722467739084362,0.001224489795918382
2021-03-29,0.006349754747516867,0.009676892582832108,-0.011603127108290145,-0.00870407614242752,-0.00011044971541251947,0.011341433224846709,0.014181863330883004,-0.013749375353181104,-0.007613704668403165,-0.010407239819004488,0.009146332820563874,-0.014603945288327647,-0.00308312581524961,-0.005355230274901812,0.00570729718711771
2021-03-30,-0.012927114864415001,-0.01640679197042183,-0.01652840063360783,-0.01484050900683187,-0.011382517494908151,0.014307788616941819,-0.003107495505005664,-0.025295973542059813,0.0016151827175450162,-0.013717421124828544,-0.04720543888251261,0.0002512084953085747,-0.0013084334483168814,-0.018844221105527637,-0.024321037697608405
2021-03-31,-0.009354513249620111,-0.022956224726055297,0.017756413077116395,0.00502127599970148,-0.010004466017722646,-0.005718592077794793,-0.017948699968432624,0.016417225806875102,-0.0028220116911913395,0.046360686138154916,0.048751469066705466,0.06278251942142599,-0.0019056693663649371,0.05121638924455829,0.02700457000415457
2021-04-01,0.020774310289656484,0.0387086024583132,0.008519065917824475,0.00012495683390589818,0.03404279003180677,0.011886464123626705,0.03532483783801599,0.017049364285848245,0.010511421063270632,-0.007975188303057101,-0.014928139232129989,-0.03071833559787407,0.003699284009546444,-0.02418653210370625,-0.01132686084142398
2021-04-05,-0.04178228583057009,-0.04556548742549782,0.0002314420321753996,0.03634324557512736,-0.03232142980339059,-0.04850322998910084,-0.030262583468018245,-0.006897893777622066,-0.004000800160032014,-0.011612326931665917,0.013044317883041279,-0.009507616523653617,-0.0023778385447628114,0.007667617689015582,0.011456628477905184
2021-04-06,0.00949316392763433,0.011594207800246004,0.008213761436147937,-0.005423002467278781,0.01224329967327753,-0.021903556405840297,0.002651587612324313,0.01813186593117866,0.006025306286402854,0.0018075011296883048,0.02101868522608452,0.00024613858360877927,0.004409486354427283,0.004247035922845477,-0.004045307443365731
2021-04-07,0.006694264547485007,0.007416123599016666,-0.0008032268583261226,-0.015146007036366704,0.007691826220355358,0.026058586704029274,-0.007374267332423079,0.0008329330690239889,-0.0009982032341784297,0.011276499774470095,-0.019844208663947538,0.006643730924166702,0.0010678690080683229,-0.007048458149779724,0.0012185215272135785
2021-04-08,0.0006333267198224135,-0.0028442694050623274,0.00953145143468026,0.00971942874347076,0.001050985627891965,0.0007936878869925224,0.003842633720324784,0.013315913492105036,0.002597921662669922,0.0343443354148083,0.01002843158554989,-0.005622141960968108,0.0013037809647979959,0.00461401952085172,0.020283975659229236
2021-04-09,-0.003955696154779198,-0.004697966215862492,-0.007621375677333342,-0.012915797423161957,-0.0012156080250022017,0.001586022356704353,0.0014290755545820488,-0.010090321002094615,-0.0017939007374925264,-0.00431220353600692,-0.009928860685443519,-0.013765918765925478,-0.0020123106060605522,-0.00865571453806746,0.015904572564612307
2021-04-12,0.00524222418360476,0.0064059519566785905,-0.0069349480270687325,-0.005061031154931284,0.00022125866437061603,0.013855932507344182,0.004026298099893522,-0.018094906095994845,-0.0013977635782748132,-0.01429190125595492,-0.026490023682161024,0.0017447200103570815,-0.0008302692444549509,-0.014967925873129007,-0.016829745596868895
2021-04-13,0.0061630751765442415,0.008040193234541748,0.00859931022909377,0.0032258091233969832,0.0035951359707906416,0.022647343560040722,0.0028933970035989187,0.022693403672872092,0.0055988802239552715,0.019332161687170446,0.03070938761764852,-0.017168434937228638,0.0034425451092117143,0.00542691751085389,0.002786624203821697
2021-04-14,0.04570447221292229,0.04935196420143062,-0.006465968708899705,0.023991996023959183,0.04160926564645773,-0.0003817974558124604,0.03026776746049209,0.0038556703568439765,-0.001789620202823583,0.024137931034482696,0.02281732843716955,0.008101296726661378,-0.0011830119484206314,0.014753508456279318,0.028979753870583602
2021-04-15,0.005407038156368005,0.004908908172657878,0.01756608831554507,0.021859989779098754,0.004709019267690406,0.01527882405911174,0.008007842102834228,0.01728395043270603,0.013545816733067761,-0.006734006734006703,0.011983733242391992,0.009291766891080355,0.0055667416794977775,0.005851063829787284,0.008873456790123413
2021-04-16,-0.002539674217798993,-0.005200094880527084,0.007584277775313453,-0.01193721552362137,-0.0016852146583290484,0.008276927934441236,-0.005799760233505702,0.005509383566158599,-0.0062893081761006275,-0.007627118644067843,0.02623433152520338,0.0007464999131703287,-0.0021201413427561766,0.01057641459545211,-0.0019120458891013214
2021-04-19,0.004193596267321187,0.003960082302711498,-0.005392638944641037,0.016746453238300596,-0.0016879965167267974,0.02574627015048403,0.002255035991865828,-0.010268651934501882,-0.0031645569620253333,0.01110162254483349,-0.0010651761288943407,0.013177492869494545,-0.0010623229461755868,0.011512297226582868,-0.0003831417624521327
2021-04-20,-0.007158886429327493,-0.014831215297645972,0.004405313981518555,-0.006117652444278532,-0.006552195935848326,-0.008002936997653642,-0.013255116028619507,0.00015484147651578795,0.004166666666666652,0.0244932432432432,0.03643147717049122,0.00711654943922535,0.002481389578163684,0.015347473702362446,0.011498658489842883
2021-04-21,-0.01877722706519991,-0.01745676131584084,0.008265829380382561,0.014796401595327247,-0.014041790271035803,-0.012834648278389649,-0.016853394793814758,0.02825629864348267,-0.00019758940920766577,0.031327287716405694,0.03206445373233979,0.00462961482636759,-0.00023573785950026238,0.017153532608695565,0.020462296324365248
2021-04-22,0.001224767780594771,0.0013040233585079886,-0.006190382988717769,-0.0013997531771160476,0.003830169885291612,0.02117390864600388,-0.004386413843279535,-0.014718642568042895,0.0019762845849802257,0.03996802557953627,0.0387107805983693,0.023526588635025547,0.00011789672247108918,0.02404408081482723,0.054957296695135494
2021-04-23,0.010856254860968306,0.011557855786187288,-0.002356874956158772,0.01460109822377742,0.006825000791183644,-0.006911623464828098,0.010634540908702306,-0.003705972448307282,-0.0009861932938856066,0.00768639508070712,0.003039005523318039,0.0009478528352711013,-0.0008251797713073605,0.004239360834827899,0.0
2021-04-26,-0.0069580862233517005,-0.00370131227060555,0.0012936925945796762,0.02417684104106632,0.0026687991778089337,0.021978000864594893,-0.00856841034469269,0.005138657818125392,0.000987166831194486,0.038138825324180115,0.039866050653778684,0.015151500920837613,-0.00047192071731949614,0.018996590355577103,0.04118268215417098
2021-04-27,0.011728813787808878,0.016637034111379068,-0.0007302549158142435,0.06632196028100812,0.01447962939459324,0.029749084523916558,0.021126059634768657,0.007668544131459232,-0.0063116370808679045,0.02204261572373256,0.019015455929745517,-0.007695867273583068,-0.002596789423984891,-0.01226896112173359,-0.007775524002704537
2021-04-28,0.012797327575334139,0.014617127481985293,-0.0027546797164136327,-0.04343239508778307,0.01726398505708371,0.01809956403339852,0.02563849305867283,-0.012532230558667812,0.0003969829297341132,-0.013299784327821751,0.0376222741130785,-0.009870768994198031,0.0004733727810650734,0.00516212292305207,-0.011584327086882507
2021-04-29,0.01917646766614345,0.01800816653441273,-0.0031568721511163744,-0.009698070759184163,0.011761110381742101,-0.00478630399763158,0.013367409785056239,-0.0010735738124046934,-0.001984126984126977,0.022950819672131084,-0.04292964779526531,0.003085730710217227,-0.0008280104092737162,-0.009789760873054054,0.016890727335401534
2021-04-30,-0.019107316295835397,-0.02199661987672563,-0.0003393641574842565,-0.003115944551469574,-0.020546553980036686,0.006870484656400722,-0.014334066902757736,-0.007676615340125981,0.00039761431411533543,0.054131054131054235,0.03742993333326394,0.008045418474631028,0.0003551556765715169,0.018476499189627127,0.006779661016949046
2021-05-03,0.004609629124070702,0.014312614131922974,0.013633590723512334,0.014288932438382806,0.01603247337709912,0.01194134626373855,0.01531555503336457,0.0421614561392456,0.0023847376788552754,-0.010472972972973005,-0.002191082791190513,-0.02300466618067787,0.0022485207100590987,-0.00684277530235522,-0.022895622895622858
2021-05-04,0.019538184466028286,0.01860760765059477,-0.008817975442325987,-0.001540930217619474,0.024027887608219167,0.0003371299709187259,0.02364978393139361,-0.014994663699821609,0.0023790642347343294,0.01707067258449979,-0.0052701013499929505,0.01753961455757369,0.000708466170740385,0.010735459061048003,0.015851137146795313
2021-05-05,0.0011614668154000807,-0.0009134599750061367,0.0046734509167369875,0.0006614328810143899,0.0018511195999320051,-0.009774197436618559,4.643797975067976e-05,-0.0013941274877050658,0.0007911392405062223,0.011413225914736591,-0.017807198510903843,0.0018889912466795167,0.0009439528023598154,0.003170577045022105,0.025440976933514214
2021-05-06,-0.012616049276861552,-0.014017952269492095,0.017597882354132288,0.01762501059725663,-0.00649189067297018,-0.003403672766032928,-0.017477823292519346,0.03622364558063618,0.003162055335968361,0.008297378028542912,-0.007341892110481085,0.008013255978978506,0.0009430625957798089,0.014854614412136646,0.011247105524313517
2021-05-07,0.002790460443901077,0.0029362145587148447,0.008591781723726655,0.031825035138222324,0.010605701817038238,0.010245891961531806,0.006244994642152113,0.0,-0.004137115839243477,0.017445687952600375,0.001962222693101312,0.03460366464942899,0.0005888587916618171,0.009654313298038009,0.012103369316323276
2021-05-10,0.0005858365003292842,0.0003081146779084776,0.0034401390213711913,-0.006819091816269385,0.0029840859815193355,-0.008789730687752129,0.0030560937756596296,0.0006190444406954931,-0.002769535113748778,-0.03202846975088969,-0.004218119778280904,0.004293771517478895,-0.0010593220338983578,-0.0006169031462059937,-0.040077569489334164
2021-05-11,0.003366559689124582,0.00554529606446863,-0.0008162821179411583,0.009506723620509083,0.012446689515410503,0.00784447562100854,0.0030467825225566347,0.006477655513916547,-0.003769093433842463,0.015374331550802145,0.014523435803837526,0.011476161506661864,-0.0011782726522917564,0.010802469135802406,0.02323232323232327
2021-05-12,0.011232627407544049,0.012254948938686727,-0.0072435743884633474,-0.005441042681240793,0.01361614571595049,0.004737792807068653,0.009860294665714253,-0.015402924904723947,-0.008562325766626855,-0.0026333113890717463,0.02385932242418609,0.003114558167929715,-0.004010852896071726,0.014045801526717527,-0.006581112207963091
2021-05-13,-0.03274663377178144,-0.0342009999032471,0.0006583010422049895,-0.00988951725819387,-0.03314807458705604,0.0013472375767582534,-0.030402616271532845,-0.006867183301233704,0.0038160273147218593,-0.050825082508250796,-0.009030042433921137,-0.060767341466797076,0.0020135023096055082,-0.02905751279735025,-0.037429612454455086
2021-05-14,0.024757583253701698,0.024287105283134602,0.007730249772992082,-0.008819485802251226,0.017642069004715433,-0.004036355103657185,0.014938227705507012,0.011425824882069113,0.00400160064025612,-0.04728789986091797,0.005438017954194185,0.0,0.0016548463356973464,-0.005272135214761997,0.0010323468685478066
2021-05-17,0.01091544185698412,0.013767689439655673,0.01604918143290668,0.012328448785552837,0.011884864975372444,0.049983115036603465,0.014906374238237152,0.033159052636350106,-0.00019928258270229815,-0.04744525547445255,0.008185901602340007,-0.02030698017359056,-0.0004720320981826953,-0.010132501948558081,-0.03781368167755239
2021-05-18,-0.010797581484098484,-0.011770013864614959,0.0002141917001989846,0.0029651465005564592,-0.0019413456046463162,-0.031199705584876725,0.0012047412855096251,0.0019107907539352986,-0.0005979669124974718,0.008812260536398497,-0.004349761439003119,-0.00988191410901429,0.0003541912632820665,-0.00834645669291334,-0.0025008931761343334
2021-05-19,-0.029835474453186905,-0.032524008595155696,0.007226980728051391,-0.03083093924587932,-0.023973912621054194,-0.015936286831790825,-0.027257214453798695,-0.010807366135635044,-0.00398883127243721,0.0,-0.03203723615704268,-0.01850042797413043,-0.0027145048979110298,-0.022868032396379245,-0.02686246418338112
2021-05-20,-0.023252369736049938,-0.02067552652575244,0.00021260930856370486,-0.0016342023624400515,-0.021274500533831397,-0.013157906379201223,-0.026070425128002506,0.0015710020894483812,0.006007208650380402,0.009494872768704976,-0.010681496486139919,-0.005208348313336164,0.0034319526627220043,-0.0032504469364537103,-0.005888847994111157
2021-05-21,0.020426997674505287,0.024657576354655486,-0.0027632037699806267,-0.018769089877876843,0.012115605578198352,-0.00649574486000104,0.010404492871957549,-0.02064025638377387,0.0015923566878981443,-0.007524454477050413,-0.004105904253190129,-0.0054849468301017,-0.0003538153084090556,-0.004565465514430156,-0.0014809329877822908
2021-05-24,0.030403319819981123,0.03884871263870715,0.004156257809488695,0.01012016912023217,0.02705970597599383,-0.006882306132912075,0.02378537925323876,0.015069324934787964,0.002782193958664525,-0.0034116755117513664,-0.005497031945250974,0.0032590080983661007,0.0014157621519583774,-0.00229320229320229,-0.017797552836484987
2021-05-25,0.002775378965047981,0.0003027500702874608,0.007163703900238794,-0.0042937917409684445,-0.0032321945869175916,0.009355575050180587,-0.00018891550118116385,0.005378905244637799,0.005747126436781658,-0.05629516926588052,0.023952176474357323,-0.03473269362838438,0.0025918944392082643,-0.007223772779510806,-0.008682521706304236
2021-05-26,0.0032046790358801758,0.0021189555062068877,0.0016859595215357182,0.0024325866434342647,0.004814874771086997,0.02437344941990549,0.01549140823818207,-0.006562756748324738,-0.00039408866995072067,0.006852075775896749,-0.015144730833048903,-0.006471654359305412,-0.0004700352526439966,-0.005457251529684126,-0.012185833968012205
2021-05-27,0.008566811592292334,0.009666204478147034,-0.0028929098155140442,0.029450716833624435,0.0054762128751855155,-0.008713144494204683,0.0007906257730916355,0.0023695825664244996,-0.004730928444707239,0.06405124099279424,0.017204586604256278,0.01693590465538586,-0.0016458970138725215,0.022281343531759257,0.0427910562837317
2021-05-28,0.0024474254417794494,-0.007928179377626243,0.0035870913136444305,0.003428649671583628,-0.0057867865051192124,0.009465894818071252,-0.005390843941749157,0.002650503357894074,0.002178649237472685,-0.01166290443942819,-0.015267125884443344,0.013323116499274867,0.0012953367875647714,-0.0042290175666883645,-0.018853974121996298
2021-06-01,0.008904247752955285,0.02110979391316503,0.0013140604467805073,-0.004377940580742368,0.013206137893275516,0.03951775891011566,0.01411083356383891,0.003215094934082563,-0.0025691699604742935,0.04872478111914735,0.024319781909950988,0.00809105488503481,-0.000940844407856023,0.011760862463247257,0.045214770158251705
2021-06-02,0.01565834126862775,0.016391030572105336,0.0025721912934710822,-0.013299071701802334,0.017185588169927213,-0.009342797362648203,0.01091964610262397,0.0036677221164960194,0.002377650089161909,-0.019963702359346636,0.04436856938492295,-0.011788342270204644,0.0009417304296646112,0.009041007426541903,-0.008651766402307137
2021-06-03,-0.0005606295218332225,-0.0002906330368847021,-0.01916329395155958,-0.02793477987071291,-0.0025627366392926287,-0.011056961880552718,0.0035095051225062512,-0.02575752920877039,-0.0027673453251630953,-0.01925925925925931,-0.02173911393869188,-0.006091355067219251,-0.002469716570622116,-0.008480000000000043,-0.016363636363636358
2021-06-04,0.008133527568530807,0.011771620647109238,0.009982357702693179,0.014760144453455526,0.00865961843726426,0.018414993855684125,0.004405405121526984,0.015258581193736243,0.008919722497522375,0.03134441087613293,0.03616554711624942,0.011746695689017983,0.004480075453902277,0.022268839761174775,0.01700554528650655
2021-06-07,-0.005564077469397022,-0.005601829564242378,0.0035941061459434653,-0.0005509768094774659,-0.0020283405340265626,-0.008718098619073689,-0.00832012409194216,0.004376044401494861,-0.001571709233791796,-0.0051263273526180875,-0.007148787959287639,-0.023473038929860524,-0.0007042253521126751,-0.014838200473559549,-0.011268629589240242
2021-06-08,0.01021126561403296,0.01184457106836323,-0.0023172657999340762,0.006174279097897584,0.009169918870520766,0.018892537133306186,0.011809824354505505,-0.010213896064653505,0.004919323101141293,0.0011041589988958211,0.017647888856215488,0.007495461210217158,0.0024665257223397408,0.012658227848101333,0.007352941176470562
2021-06-09,0.0,-0.001284853152949239,0.0005806458888100163,-0.005807631797711488,-0.0025761490519260466,0.0003196699213698917,-0.007435779825878175,0.009742033421510143,0.0048952418249461616,0.01580882352941182,-0.006798078256331941,-0.00872240636982824,0.002108963093145899,-0.011075949367088556,-0.004014598540145964
2021-06-10,0.004153910513605474,0.004717007366684234,0.0004748216375956016,-0.01025023833974692,0.006527373633669509,0.006391812481841397,0.0044040049989417795,0.0010719592153869417,0.003312548713951591,0.011943539630836053,-0.01578428986201652,-0.012422328852972675,0.0011691804045363963,-0.011839999999999962,0.0021986075485525003
2021-06-11,0.00234426097916951,0.008820639330011204,-0.008858916163173802,0.011470005135823191,-0.010590683877802487,0.04668151085455685,-0.011798174279654572,0.0041406793388421015,-0.0005826374053213845,-0.0207439198855508,-0.04938966467153916,0.004454878569870813,-0.0007006890108607333,-0.022992227979274582,-0.004387568555758725
2021-06-14,0.002338673314564055,-0.0004231618550520899,-0.007288758964579256,-0.002091825720878182,-0.004291017508988304,0.016990289506414236,-0.006815776524107697,-0.0038036454082265303,-0.003886513797124014,-0.03688823959094234,-0.015228489419825464,-0.02452385649842903,-0.002103540960617045,-0.02403049386808087,-0.009181050312155659
2021-06-15,0.015509157891187675,0.017494434836540007,-0.00509137674886051,-0.042365381622809783,0.0003315007454249841,-0.03341288443306634,-0.0003224009470856881,-0.012310851815877655,-0.0003901677721420693,0.012514220705347023,-0.0059126651767987815,-0.004011767917854736,0.00011710973181866535,-0.004415011037527616,-0.01927353595255743
2021-06-16,0.00540615674317757,0.0004159564358627854,0.0026933850109047697,0.012096721030495639,-0.004213382322598602,0.003395036404824525,-0.006588393315843821,0.004371486644494382,-0.004488680718188864,0.008239700374531811,-0.053378069487413415,0.01825998502147419,-0.005503512880562056,-0.011768719085792245,0.0018896447467875443
2021-06-17,-0.017609861128403792,-0.01538462351873171,-0.046524107902705,-0.0473533773206799,-0.017400339752710714,0.0006152240863346314,-0.010203059391903246,-0.07035969165718825,0.011958439521662312,-0.059435364041604766,-0.08860963471953465,-0.04667724587879918,0.0015306723183798887,-0.0819813600276148,-0.03583553376084492
2021-06-18,0.005883966809002716,0.008445924357947998,-0.0032680012782029255,-0.005257572389050336,0.012773296566948034,-0.011681557505820672,0.015977797647853675,0.004411094298109486,0.007555211158465802,0.035150078988941624,0.027399668471314476,0.032918378690136585,0.00188102515871158,0.04982139499906002,0.03716744913928016
2021-06-21,0.0189089831214051,0.02819659812494102,0.007857560437570577,0.006006029054705486,0.016052021996198595,-0.007464986024518061,0.013190046873338579,0.0021958242599930955,-0.005575850797923443,0.006104540251812285,0.0380248269061394,-0.0008033952808577105,-0.0007040600797935115,0.013610315186246336,-0.0018860807242550015
2021-06-22,-0.0012016550794602399,-0.008145615988127686,-0.003084861699863106,0.011223864199510158,0.011378579053110016,0.02099652540969732,0.01247212806471909,-0.006419366550551642,-0.01044083526682138,0.0007584376185059138,0.005635609606688519,-0.026266465157408492,-0.005284170972287505,-0.014487632508833892,-0.015873015873015928
2021-06-23,0.005079600256835626,0.00027380609265548195,0.0033757172935664492,0.02278897661026158,0.0039051433238144195,0.02302027319052513,0.019152163217530882,0.01005881434460787,-0.0009769441187964523,0.006820765441455157,0.024064660346689193,-0.025048103197634175,-0.0012985479872505978,-0.006812477590534272,0.015745007680491474
2021-06-24,0.004920802037156946,0.0030104161903514726,-0.0037569099195167155,-0.0045023734512562585,0.0013430228835022984,0.02550256212349189,0.006175807745590456,-0.002336407120018258,0.0009778994719342737,-0.01656003010914564,0.009174306856993386,-0.02371548312977656,-0.00011820330969269932,-0.009927797833935048,-0.015122873345935761
2021-06-25,0.008205436297178847,0.010231923175643143,0.0006191803267199258,-0.00289928931744321,-0.006012121714646601,0.022820382988966825,-0.007453180733178133,0.001343718901328561,-0.007424775302852682,-0.02564102564102566,-0.04768742650851954,0.004048653740556851,-0.002364345667336565,-0.030264357338195103,-0.021880998080614167
2021-06-28,-0.01969020732463933,-0.01539499449921189,0.0016311746338748545,-0.004884835889923056,-0.014469842874254346,0.03461099820251756,-0.02089319292274172,0.0052143116228184905,0.008267716535433012,0.061272584446190104,0.04354383400910944,0.012672793035101382,0.0030809337599242426,0.02049257379206626,0.014128728414442682
2021-06-29,0.0010712617933552604,0.0009600835455807477,-0.009602951679020366,-0.0003505500012483953,0.0017467745339430074,0.003594141850679078,0.01010563085626548,-0.013197065601864955,0.00019523623584527527,0.02812731310140637,0.02952977230035181,-0.009101285982597851,0.0,0.002026529108327235,-0.009674922600619196
2021-06-30,0.004949105224920647,0.006714138684990489,0.0045361760664246464,0.004676716911946377,0.003204644909253984,0.0055096364451752144,0.0024117651631387904,0.011325030065880703,0.00409916064805782,0.036717062634989306,0.015744382107660826,0.07778417502374446,0.0017720023626697223,0.0663724949439235,0.04962876123485738
2021-07-01,0.009450274330209174,0.023955384605798935,0.0029352412022176644,-0.012684766759884725,0.012918642334613706,0.0030136760812609076,0.010336853877584318,-0.003439715247037567,-0.003499222395023316,-0.0003472222222222765,-0.001841662673997213,0.0167775973181592,-0.00176886792452835,-0.0022413793103448487,-0.0193596425912137
2021-07-02,0.00435129017655056,-0.0009304757636671157,0.0036582619435918673,0.009429505158373042,0.010620584938252353,0.010652836435412372,0.014199972999695998,0.01557047460977068,0.004486929379633242,-0.03126085446335536,0.027367754523999865,-0.004976411621874233,0.003071470761961015,0.0034560221185415685,-0.019362186788154934
2021-07-06,-0.02153077890340649,-0.023815870520370153,0.006112208851736911,-0.005604896656516312,-0.03405082470003751,-0.0170270170130985,-0.031133125856567356,-0.012348535196490928,0.007380073800737907,-0.059160989602007885,-0.044747049946501805,-0.06554354908273352,0.004122011541632276,-0.06061649733080765,-0.0398761130468448
2021-07-07,-0.01475913715467081,-0.015946650600259793,0.0044030903071325955,0.016674518764572932,-0.007506294889670917,-0.01127306209686152,-0.009963140457029174,-0.0016822940808743914,0.0073260073260073,-0.005335365853658569,0.014569955796606582,0.006197217484595008,0.0024630541871921707,0.01668194317140248,-0.00846774193548383
2021-07-08,0.009396737553296841,0.010249383995051264,-0.0010543390709745193,-0.013282486858339215,0.014982561695989105,0.025583984636189827,0.022302727817535173,-0.005476888282407444,0.004019138755980922,-0.022222222222222254,-0.00787526435156094,-0.005319217102829343,0.002574002574002643,0.0027046520014424313,-0.004066693777958541
2021-07-09,0.019293041718643655,0.02220996795947272,0.005777149592350872,0.01896285827672184,0.016412022935139214,-0.003796078932324365,0.01631790864863647,0.00939659558052175,-0.008006099885627171,-0.012931034482758674,-0.0286381346706287,-0.007880630141198552,-0.003500991947718468,0.009890307498651385,-0.0061249489587587025
2021-07-12,-0.005162135988019179,-0.006169515819942961,-0.0025957976556107987,-0.006777715769774595,-0.0025055411964559626,0.0204137308594301,-0.006457273716900858,0.00022885854598930777,-0.000768639508070712,0.06272330289797545,0.04133949723866892,0.0068084933233598655,-0.00011710973181866535,0.020299145299145227,0.04354971240755967
2021-07-13,0.017695504747968105,0.015519589062886974,0.002214962038830315,-0.00196625012078111,0.016094529004654134,-0.014137095831547875,0.01804849177632839,-0.003890578117922594,-0.006538461538461493,0.01158012700784461,0.025234642922841166,0.0005635734304620943,-0.003162333099086423,0.0038394415357765332,-0.009842519685039353
2021-07-14,-0.022617280374621296,-0.028172793974512,0.00834298877410422,-0.008691599465173172,-0.018723672615197584,-0.00974026309128262,-0.010697520633959123,0.00501629408182902,0.007162214479287554,0.008862629246676468,0.0,0.03238524303671131,0.0035248501938667243,0.020688456189151605,0.025844930417495027
2021-07-15,-0.01725522844657834,-0.020237874786326326,0.0021917808219178436,0.013093344247333771,-0.014415675406382111,-0.012568306758456549,-0.018835847842891384,0.004915023571517851,0.008072266000384465,-0.17386530014641288,0.010205618088043655,-0.01063828104624509,0.0025758107949889197,-0.0137966274910577,0.041860465116279055
2021-07-16,0.0016332532352494322,0.0022330220419752855,-0.007654455986878084,-0.00011544014719999662,0.00033134380339117087,0.016602086723271903,0.001466449653449109,-0.02267296958308651,-0.0005719733079122546,-0.014621178555604741,0.014856634025717907,0.0013785497192499996,-0.00011678150181015923,0.0050086355785836645,0.030505952380952328
2021-07-19,-0.06753626632197018,-0.07505917801000395,-0.0031956191890495367,-0.028159311707983914,-0.060616113385838166,0.028579210224509932,-0.06354274411800831,-0.025255109817758248,0.014307516215185112,0.0,-0.02371534438715106,-0.009361300384881144,0.006774118196682943,-0.018388039181990057,0.007581227436823212
2021-07-20,0.010638235183915379,0.015055706527669743,0.0012160475909599455,0.014962642374489521,0.01385252504568979,0.025668135095447964,0.009998125775066535,-0.005930119044184945,-0.004513823584728183,0.028327338129496393,0.004948180980351324,0.01584216898392743,-0.00011600928074251282,0.01085434173669464,0.003941239699032595
2021-07-21,0.04152855005306466,0.04271736815530014,-0.004416473386428144,0.002105961061478423,0.03691549129601057,0.021413876330632187,0.03997188416895048,0.010449677479608566,-0.008312866049499323,0.0,-0.023276598578510055,0.01176467248418267,-0.004176818656456693,-0.002944232767578825,0.014632405424696682
2021-07-22,0.021597639292425752,0.022901856905556794,0.0011090162875260212,0.015294865757946141,0.021849630182719793,0.011113834480058982,0.025488318705408686,0.005032050756421214,0.0028576871785102043,-0.012680367293397499,-0.007027178290654246,-0.017847419696596867,0.0010485844110450504,-0.015980545422963344,-0.026028842771720018
2021-07-23,0.0042010781236963,0.002224948193114251,-0.0019940043963972975,0.013454418678154223,0.000609517983295893,0.014239361307384346,0.00796235394607292,-0.005795362131177262,-0.002849544072948351,-0.030558015943312644,0.010153902493990286,-0.02643173397814602,-0.0008147113594041411,-0.010767872903795217,-0.011917659804983716
2021-07-26,0.005398131364585668,-0.002220008788571315,-0.001443055603168153,0.04141617339927062,0.008013541559011017,0.010344900079711561,0.007419351247173855,0.0030533612121776965,0.0005715374357020409,0.004568296025582397,0.011727027111190225,0.0,0.0004659289458357474,0.008386866523911518,-0.010233918128654929
2021-07-27,-0.0002684113163275992,-0.00361566017229209,0.00033353583400175246,-0.009370280920352858,-0.00330083924225677,-0.031935707661407964,0.002512675444177548,-0.02621071772333683,0.005331302361005319,-0.0018190086402910532,-0.0025590571754380287,0.014705830315882018,0.0019792758179066894,0.0038931162626083538,-0.0036927621861152504
2021-07-28,0.0034907961213421768,0.010327953217171393,-5.5615987073265316e-05,-0.014738212099811077,0.0056439114571702476,0.018383327486444223,-0.0025496497592890632,0.009093899442337516,-0.0037878787878787845,0.0009111617312071996,0.004376711533016664,-0.007525032835316137,-0.0015105740181269312,0.009695046712497879,0.021126760563380254
2021-07-29,0.017527498333302916,0.016991343656641567,0.017502917627735037,0.00915380409370914,0.015491679180140938,0.0037091656611698554,0.01871589039975241,0.036530375193480014,-0.0013307984790874583,0.015930814747382893,0.0057099509540583515,0.001123262818389481,-0.000349121377865691,0.001571229050279399,0.023956442831216007
2021-07-30,0.003681772098106384,0.004482398659995557,-0.010157260857305284,-0.008738884920520662,0.004567457137415465,-0.035723079670219926,0.00616659937464048,-0.009160070703083445,0.0034266133637921303,-0.01971326164874554,-0.016584500303158167,-0.010939674323939386,0.0017462165308497202,-0.0135959560746034,-0.002126905352711761
2021-08-02,-0.04506750109898061,-0.036375861028019485,0.005296246118967396,-0.010824697832868102,-0.02891700683103826,0.0053653316972563925,-0.038547745791119525,0.0011359812265727687,0.007778410168848504,0.021480804387568497,-0.018231494284503214,0.013045961497133884,0.004067402672864651,0.0028273546562997964,0.03658969804618106
2021-08-03,-0.006585206908469643,-0.009823246655234374,-0.00444516288167407,-0.011056015668489683,-0.004401110313083212,0.023379926039950316,-0.0017144295179966074,0.00035218446913498624,0.0,-0.014765100671140896,-0.02089139943420637,-0.026315856922799585,0.0,-0.018678414096916285,-0.006854009595613442
2021-08-04,-0.02803488891071093,-0.034155273754276405,0.00022050847221533054,-0.012092168501613987,-0.024595549519843996,0.032530430487928585,-0.0091598170850401,-0.004693766694243151,0.0011295180722892262,-0.00862851952770205,-0.007902639424410607,0.015238696079833636,-0.0012731481481481621,0.008080445322319996,-0.01000690131124915
2021-08-05,0.012929862142970983,0.01379302701342966,-0.0030862362005718014,0.0035796925953024417,0.015380130551442273,-0.004329034612322702,0.01955551571316194,-0.006641465217983145,-0.0030086498683715712,0.01832340815391653,-0.004779341004823023,0.010761789088881368,-0.0024336539575848803,-0.0007125044531528513,-0.006273963053328724
2021-08-06,-0.008276111091431448,-0.011723803756369944,-0.025319281447276465,0.0,-0.010208866454346599,0.0,-0.01617255436208842,-0.03817700424405246,-0.00905318747642403,-0.0013495276653171517,0.015047200389640247,0.005323603051210712,-0.0037174721189591198,0.014081996434937682,0.008768853034023083
2021-08-09,-0.02347943570535216,-0.026361972093488895,-0.020758877030653933,-0.01346215928720329,-0.02034066691089942,-0.019323653692280396,-0.009792180010299911,-0.04347651784922746,-0.0030452988199467512,-0.008558558558558582,0.03642960698391007,0.002229705512165392,-0.0016324626865671377,0.008085779574617646,-0.010778859527120987
2021-08-10,0.023030074113643773,0.027226195354952187,0.0030118454514189708,0.01504545191135831,0.018657267067576422,0.007142926772492508,0.01481111878884045,0.0052462546700515755,-0.00286368843069873,-0.0018173557473875057,-0.004716943895857639,0.0019465563892444582,-0.0017519271198318531,0.009590235396687019,0.02214411247803172
2021-08-11,0.011468288538678761,0.014057681528810484,0.01247334888566165,0.00287252882144462,0.012306488339071109,-0.007336808059935196,0.015124162896270166,0.004149382671627677,-0.0011487650775416913,0.012744651797906181,-0.02874185564220577,-0.013599761483477857,0.00023400023400022008,-0.02901554404145079,0.0
2021-08-12,-0.0018197771328343215,-0.0023105221965252776,-0.0008555295489797166,-0.0018331570325124114,-0.0009022498504080989,-0.031042110629979525,-0.01164110621163128,-0.015719577997709733,-0.0007667241709794492,0.01932584269662918,-0.00031481911141151286,0.0,-0.0009357819628026398,-0.0028459622909996485,0.03645116918844571
2021-08-13,-0.010096778086572167,-0.009407930683705934,0.015070157328406442,0.007116652366660148,-0.012358012945021923,-0.018306642536662032,-0.005625375181310344,0.028695092834758462,0.009207749856128933,0.0022045855379189128,0.0,0.007597108197524793,0.0037466338836202873,0.01623260792008563,0.011612475116124843
2021-08-16,-0.015299536162186267,-0.016803060854117646,0.006523505778191829,-0.014816516064966367,-0.014245106102524496,0.02201503154708151,-0.02726945493966726,0.0005049241743040334,0.0043717924348982695,-0.006159260888693341,-0.003463980661628674,0.0036302367238523203,0.0027994867607605833,-0.033877479375109654,-0.0022958346999015777
2021-08-17,-0.006905529307751235,-0.010402802319998017,-0.0011174432592676586,-0.028227722509019615,-0.005956215859659997,-0.027622960784072004,-0.01603890006590658,-0.005550881651427031,0.0,-0.01150951748561313,-0.011850213132419074,0.0019477245935426435,-0.0004652785855531194,-0.005087209302325535,-0.03418803418803418
2021-08-18,-0.011589098022745659,-0.016969474629254244,-0.001901792326435614,-0.019999913715176953,-0.0073178968391416355,0.003909331592842458,-0.008265602869478084,-0.009979704578741533,-0.00037850113550341735,0.006269592476489061,-0.009753767211732045,-0.006942515850114517,-0.0009309903409752129,-0.007852447041636235,0.0037440435670523797
2021-08-19,-0.026088323627651122,-0.027039420753421917,-0.000728563556566808,-0.018829042764506143,-0.02582622267083312,-0.005711338109421149,-0.030823679159228456,-0.008200979728026025,0.004543733434305253,-0.020916777926123675,-0.02147588930245059,-0.01705818232494616,0.0013977868375072422,-0.025952512424075147,-0.01322482197355035
2021-08-20,-0.019112064731253597,-0.02151042489283783,0.0005047526366359634,0.023771251340717114,-0.030878596689299487,0.005483067176023315,-0.027816454695774873,-0.004952617335006737,-0.00037693177534869893,-0.020454545454545503,-0.05132008042842451,0.005120875655672208,-0.0015121554030476103,-0.022108843537414935,-0.018213058419244033
2021-08-23,0.05477139733214664,0.053273422835076634,0.012500027370025313,0.024186698267435913,0.05078083270580103,0.024409208244168923,0.049219130886797746,0.023544714840435743,0.00037707390648566985,-0.0013921113689094877,0.030613989739931124,-0.01896400204060933,0.0006989748369059523,0.00019323671497595285,0.007700385019250966
2021-08-24,0.03345458984374994,0.028945788292900954,0.0012179322993997044,0.004841228819905341,0.030771585109582,-0.012420792300306571,0.02712887292644206,0.010190672759579078,-0.004711647191858237,0.012081784386617,0.03105485489599813,0.023946877226799224,-0.0017462165308498312,0.033230293663060184,-0.0024313997915943464
2021-08-25,0.016889470748763014,0.012140948826012021,-0.0096765275089854,0.0023501179261404825,0.02486933582872264,0.0002567161095570203,0.055025736481432386,-0.004981142077916223,-0.0066275326642680765,0.012396694214876103,0.013095420446265216,-0.007326024649845442,-0.002682215743440186,0.006731488406880981,-0.009401114206128103
2021-08-26,-0.016332184154682072,-0.013750767013069765,0.0023450313634143516,-0.004454877843036775,-0.016523503341540624,0.07364637808413876,-0.0197323283167129,-0.009465330963623897,0.0007624857033929899,0.0027210884353741083,-0.00904827216216475,0.011921692740731515,-0.0002338634237605275,0.01597325408618122,0.019683655536028022
2021-08-27,0.022935095826891905,0.01957875601711656,0.013536123824124724,0.016603951235031778,0.012480809890708766,0.044455035760507355,0.008335559412095295,0.021829607971236564,0.002666666666666595,0.009497964721845387,-0.0004891993004791928,-0.006451578661903934,0.0022222222222221255,-0.006032906764168233,-0.009307135470527417
2021-08-30,0.009766255071133934,0.006837376131936912,-0.00401211806986812,0.010309248740410837,0.01474494343945354,-0.014874155359878904,0.01692906129838012,-0.004156291923916311,0.0032294832826746944,-0.031810035842293916,-0.016639485651853025,-0.01863355696232416,0.001750495973859234,-0.04009564097848073,-0.013569937369519836
2021-08-31,-0.00572137007747664,-0.010258620052950529,0.003255724849924535,-0.00022928858215021108,-0.00434518215243751,0.016724745545615205,-0.013015136749707557,0.0,-0.0030297292179511937,-0.011568718186025007,-0.015262080085862384,-0.003452279015995985,-0.0005824790307549232,-0.004598582103851334,-0.002821869488536133
2021-09-01,-0.01918073115294383,0.001313815151688047,-0.001155038564510602,-0.02224773373851363,-0.0009854485234047639,0.054375125418961945,-0.0752212417110738,0.009056801736037512,0.001519468186134798,-0.034644194756554336,-0.017688666210651016,-0.007794404552616596,0.0,-0.016169393647738173,-0.008135833038556806
2021-09-02,0.020114576268585482,0.020411161986103155,-0.0024779735682819437,0.006333556260017303,0.018225374706554387,0.005633808055830913,0.024918351036554487,-0.012491212524488815,0.0011378721790251678,0.0014548981571289588,0.012004749301254947,-0.016875234520076665,0.0005828185103158301,0.0011739385638818156,0.004279600570613384
2021-09-03,-0.005751036231214868,-0.010001385478031866,0.012255010307411052,0.00827506990832938,-0.0038289734714930246,0.015298449113017032,-0.004391045247513992,0.03715179603137275,-0.0030308770600492307,-0.015980629539951607,-0.00016943436396532618,0.00887836654095664,-0.0009319664492077884,0.0029314051201876357,0.014914772727272707
2021-09-07,-0.012670405745929036,-0.013566206220032018,-0.019196134650807828,-0.011096950347753265,-0.017504896667616232,-0.030560283673589206,-0.011142028291230566,-0.017284529177497676,-0.006080182405472145,-0.024114173228346414,-0.021016977601132192,-0.010560299700705711,-0.002798507462686617,-0.011106780982073294,-0.008047585724282769
2021-09-08,0.012693485865879373,0.013899116296197223,-0.0027800945232138163,-0.010637119076517765,0.00697590136015247,0.0757443534774771,0.0009859111417360733,-0.013232535069694129,0.0042056968074937195,0.005042864346949116,-0.005366993898927808,0.00029649008934140575,0.0017539756782039007,0.0015763546798028827,-0.014814814814814836
2021-09-09,-0.01584024173621479,-0.01673886884597986,0.003624198494563746,0.01216926322459777,-0.010625384525848491,0.023809544603050625,-0.015196346149631279,0.005039159349483846,0.005901389682086533,-0.004515805318615174,-0.02489121472907385,-0.003260243400754481,0.0017509046340609125,-0.00944324217981507,-0.023988542785535305
2021-09-10,0.020573845815108793,0.02318758211340266,-0.004388902452256982,0.03840311712449229,0.015281258812249732,-0.018485377183773855,0.02586087082906574,-0.011519491344179289,-0.005109765329295968,0.013608870967741993,-0.004998193091911518,0.016949189455636393,-0.002446982055464897,0.013108242303872863,-0.009537784299339713
2021-09-13,0.00809111330362633,0.010470391777937849,0.0012834377877679604,-0.01899726547608893,0.005731600661972758,0.05933570927882781,0.003203376024721205,-0.004275803177288706,0.0026631158455392434,-0.011934361014420691,0.0010763824324915294,0.007894772535179007,0.0011680878402056116,-0.0021564399137423695,-0.0007407407407407085
2021-09-14,0.0012242733679130868,0.00014197497038659357,0.007077547369083392,-0.010427472725975329,0.0013899926275047214,0.005543927085390088,0.005321801623042521,0.0037468443389776507,0.007019540884082742,0.01258178158027179,0.015770628676474274,-0.010153756530469349,0.0021001050052502634,0.003143418467583592,0.015567086730911894
2021-09-15,0.025271747947190004,0.030513788728570912,-0.0068064450910217955,0.019800890110785785,0.020358187162726082,0.03802277577232216,0.015742935516137146,-0.00348117939141801,-0.0028259231348907177,0.060636182902584546,0.02875795799821801,-0.015533464598268987,-0.0015135638607520763,0.014101057579318343,0.0397810218978103
2021-09-16,0.002782919255506222,0.0,-0.021228045809964513,-0.02838651021369254,0.00258462464562359,-0.022893772733822648,-0.011510887288602834,-0.04238393604525936,-0.0026450028339316534,-0.007497656982193068,-0.025381572755617254,0.012801483741235353,-0.0022154850746268773,0.0011587485515642815,0.0010530010530009903
2021-09-17,-0.004361065667239816,-0.008814204438351125,-0.0030169789406989667,-0.007712981594654389,-0.0008593205275272409,-0.043111530914510254,-0.004538828605332168,-0.020086177750433643,-0.004925175222580069,-0.004249291784702569,-0.00950203938287153,-0.004997096255236699,-0.0022204043473179613,-0.0092592592592593,-0.005960729312762925
2021-09-20,-0.0188478661795628,-0.023343063452561208,0.007080064086564697,-0.030267337671797012,-0.022678958823877937,-0.023506343802298546,-0.02583700702705105,-0.0059206086131740054,0.007805063773081988,-0.010431484115694611,-0.024515918381066593,-0.007090085366275867,0.003279456547200743,-0.01674454828660432,-0.011287477954144642
2021-09-21,0.005952414127508687,0.0038411813849723586,0.008164135358379898,0.002671770534429463,0.006855058946483528,-0.036108385226638284,-0.00472768072109897,0.01849929366223768,-0.0003777861730260845,-0.009103977000479158,0.007466761037178138,0.0053555125268709425,0.00011674060238142658,0.009108910891089117,-0.014983945772386709
2021-09-22,0.02461002980142446,0.023667883448451832,0.00033747479064683006,0.030159951844989097,0.017388938158796163,0.0,0.008882711357804718,0.013112990190838891,-0.009826152683295564,0.01644100580270802,0.01934200471306813,0.0,-0.006536710633827436,0.006868131868131844,0.022455632017384985
2021-09-23,0.013912554464202032,0.01481378437069547,-0.016303125255199502,-0.005055875446659863,0.016956006297027315,0.0355879313056755,0.02241161651595669,-0.009926069700754159,-0.009732824427480913,0.007136060894386231,0.012590868809319256,-0.003847256041581981,-0.0045823052520267415,0.0011693626973299232,0.01700318809776835
2021-09-24,0.010873739001820315,0.009276947842630001,0.0010857825412808886,0.013353807315410249,0.00800325735903118,0.03295820736820754,0.007368193720395988,-0.011218077372040502,-0.007323183657737542,-0.004723665564478008,0.015236475828914964,-0.0014854426349779626,-0.002714825306893265,0.0005839984426707634,0.008359456635318674
2021-09-27,0.01844029336581654,0.019870147669719174,0.00017129008191396622,0.0013994267277270822,0.012747521876068424,0.11011673140921796,0.01654859270368303,0.012015324900151336,-0.0017472335468841083,0.02420503084954917,0.005692565282188866,0.003570311418213956,-0.001657000828500399,0.0019455252918287869,-0.002072538860103612
2021-09-28,-0.005532534240661802,-0.0021205571794071787,-0.008276255707762581,-0.01129615969219433,-0.0030487671911113567,0.023659346723048147,-0.009803499007277283,-0.010018947211219209,-0.008556981719175405,-0.0129749768303985,-0.00909088827157245,0.0,-0.0024896265560165887,-0.008155339805825279,-0.02180685358255452
2021-09-29,-0.00568968224906341,-0.006109696890411187,-0.008402863646582714,-0.010600724972226638,0.008082066819279587,-0.06231806858503619,0.012443806130256085,-0.043290265634221003,-0.0013730874852883046,0.012206572769952961,0.00017307116936082778,0.0023718302386595003,0.0,0.005285826155050799,0.005307855626327074
2021-09-30,-0.0015259759348094093,0.002672683995033509,0.01979219635656726,-0.026190395636349395,0.014821318827288543,0.07120683761993418,0.010900219692029145,0.02618949085461031,0.0007857002553526282,-0.004174397031539878,0.017480134260445146,-0.035196668682818566,0.001069645828381205,-0.02161635832521913,0.02147131291798665
2021-10-01,0.009679090279196778,0.01132878166000495,0.0007968266443156846,0.025305595479817145,0.017508599745749365,-0.0422703495150476,-0.0015973918681867483,0.02220609066198631,0.007065750736015675,0.008849557522123908,-0.003061750338028024,-0.0036787619930241933,0.004274011634809449,-0.007563694267515908,0.04100620261888355
2021-10-04,0.024974815683910467,0.022931016817949068,0.005232001276240128,0.01263860087439661,0.022621397655018693,0.026161209657552087,0.026000022888183594,0.0047978587533363815,-0.0013642564802183177,-0.0013850415512465242,-0.0006824930064969204,-0.00892305814302885,-0.0007093037002009472,-0.008624147613317312,0.0016550810989739428
2021-10-05,0.015997974257788927,0.01687706148208612,-0.003790422756514311,-0.010479188497607539,0.02339322108827324,0.09469303214028102,0.0213991126925126,-0.0015916216308750064,-0.006049960967993706,-0.006010171058714708,0.039610717208681034,-0.005898770134992626,-0.0026026262865255223,0.011936071211814614,-0.01553205551883674
2021-10-06,-0.017926305369482254,-0.01900418084632438,0.0005111161346949,-0.010709203898716657,-0.02069296665161091,-0.10091882564794741,-0.021078088028321007,-0.003365521705697705,0.0019634792852936123,-0.009767441860465076,-0.013466902661254165,0.004372248104660192,-0.0001186098920650247,-0.006797281087564944,0.0016784155756965902
2021-10-07,0.010730082604096358,0.011235990483702496,-0.0014758188126851035,0.022612427520925182,0.007207231835227645,0.0003523973522976398,0.011350861021442116,0.005598482528174964,-0.0064667842445620405,0.0032879286049789513,0.03046448876896468,-0.008706524432234075,-0.002491103202846956,0.004227053140096526,-0.006367292225201049
2021-10-08,0.005369157508134492,0.013409902700376897,-0.0010231507547584506,0.007527655938709188,0.0057326699178290585,-0.0197287277880569,0.013622357992900458,0.002076744656819729,-0.004339250493096691,-0.006554307116104829,-0.009208395489068266,-0.004077753584523225,-0.001902723272684037,-0.003407496492283002,-0.009780775716694778
2021-10-11,0.015293144138422976,0.014744778720152008,-0.0009673797761293734,0.02136348485020534,0.016695661392999828,-0.039532841826904086,0.004944601081639632,-0.0017197170675190554,-0.0017828843106180159,0.004712535344015167,-0.01695745776092139,-0.0040944497416338654,-0.0022637912546169536,-0.01186645213193882,-0.003065395095367851
2021-10-12,-0.0027495917840770767,0.0014903471384131173,0.0020505198817413195,-0.010401143842412752,-0.001988116990996547,0.029934580080410278,0.0021027438842509127,-0.0065812796759529,0.0069458225838459065,-0.019699812382739212,-0.027699485126603807,-0.010436490142784027,0.0022689276331502306,-0.02442499491145944,0.003074820635462938
2021-10-13,-0.0028769823667879058,-0.0024801209047115025,0.02012158322130997,0.04423658745412684,0.0044223322029506296,0.01544051523704737,0.009484214837061522,0.02925618997874868,0.006897910918407524,-0.019617224880382755,0.012623706788644995,0.001597954649259048,0.0005957345406886194,-0.0025036511579387133,-0.020776566757493176
2021-10-14,0.009858135270687018,0.01081545363976355,0.0017830686628692582,0.024554712908283483,0.01598504292498948,0.017352351088621765,0.012263566171143214,0.01326187758939934,0.002740262282246997,0.008784773060029227,0.009770855970245407,0.011806037903923317,0.00214336746844479,0.009203095586697296,0.0083478260869565
2021-10-15,0.010238102504185331,0.01192966732048073,-0.016463638235715727,0.02213115488287354,0.004802067150751821,-0.04870757169976814,0.02110880797561565,-0.005457037125400466,-0.004489556900253766,0.01741654571843254,0.02252256122369678,-0.0015767896259099023,-0.004039923954372582,0.009533678756476593,0.012763021731631685
2021-10-18,-0.006245566527043223,0.0019446240214291421,-0.0014703939288884804,-0.0007393292329771484,-0.009519327681271172,-0.07781885687410584,8.045093178776774e-05,-0.0036436508786574784,0.0011764705882353343,0.013314312886352875,0.011910581356369132,0.004106088970016408,-0.0015509424958244367,0.003079449804968215,0.003065395095367851
2021-10-19,0.00889363196626669,0.006307576754816191,0.0027184963248931826,-0.003488002412762592,0.004511172714110945,0.019843652077653928,-0.004463852536004453,0.026631651696787717,-0.008029768899334155,-0.004692632566870025,0.005965800212090366,0.014784562117864386,-0.0015533516549169901,0.005321326238231672,-0.0003395585738540374
2021-10-20,0.008697670990169382,0.010969186019189614,0.008133309468546956,0.008909591618429191,0.012340375373102175,0.016116403002012447,0.01329018588076658,0.023552103183230866,-0.000987166831194486,0.016973125884016893,0.03702512551998871,0.017978883085041364,0.0005983724269986723,0.014250814332247508,0.018002717391304435
2021-10-21,-0.014099266939820665,-0.016334836076273618,-0.0016807664065021655,-0.035639165815708806,-0.016664744455340053,-0.010638356743547184,-0.011282111040479825,-0.01121848060281716,-0.002371541501976271,-0.01298099211868331,-0.032766541223849255,-0.01339827642588598,-0.003468484631025004,-0.01726214371738255,-0.010677344010677325
2021-10-22,0.01087339749803462,0.015272753166429842,0.008081275165141566,-0.013190917419479864,-0.004001421663533344,0.032258151725022666,0.0008064568071675104,0.011552846392089977,0.0033676703645006967,0.01080319398778773,-0.007830004220671594,0.01049380832248259,0.001200192030724967,-0.0028594771241829964,0.019898819561551484
2021-10-25,0.0053782192334603796,0.0,0.005845348613584989,0.005634074365946651,0.010161877479007764,0.11704536536426602,0.01373838908920666,0.005853683902162343,0.0015794669299111774,0.0,0.016910923409247047,-0.0006108176334186366,0.0016782546152001032,0.013723883654240154,0.004629629629629539
2021-10-26,0.004768038984707568,0.010625589385741652,-0.007416440143863001,-0.014281019324189237,0.004912927062057815,-0.002712749177338658,0.0002383996221990703,-0.01977861187839136,0.00275970825941263,0.010223048327137496,-0.013145359904667586,-0.0009169263427687424,0.0003590234561992034,0.0006061830672863255,-0.009545753785385136
2021-10-27,-0.021064810910669807,-0.023508539018291197,0.0030110540540595476,-0.022177578778837637,-0.024250183626611688,0.05440329366229757,-0.026660764303599427,0.004276290443752773,0.01258108905052091,0.025298988040478365,-0.014283472712732115,0.012236158074896197,0.004306735255413363,0.0010096930533118886,0.009970089730807485
2021-10-28,-0.0030740379593490186,0.001814588553582741,0.0021124786828241593,0.011511263986915043,0.0006759680374248678,-0.06772010105380089,-0.00600080566147021,-0.0029765016595960647,-0.0029120559114734768,0.009869896814715062,-0.008954725715681233,0.0,-0.0032162001191184952,-0.004438168246923557,0.016781836130306038
2021-10-29,0.0007115460010780339,0.009177661618607225,-0.010373877413260568,-0.01397178542446087,-0.00798723558181047,-0.06157038094109446,0.01108827558250991,-0.007131935185737293,0.0021417445482865283,0.009773434029320294,0.006571406816131553,0.005137540762732984,-0.00035850860420649777,0.001621073961499464,0.0003236245954691963
2021-11-01,0.003910901182700766,0.005743728116386793,0.006670791104434803,0.0060563928706445225,0.002683784719990534,-0.04423152280219245,-0.021405282937595915,0.0049697006772939645,-0.002914319020788758,0.018917729872415245,0.011424853235018295,-0.010523150738941056,-0.0003586371787208664,0.0008092251669027384,0.031704949854415965
2021-11-02,0.00011807503646044104,-0.0016656678710912365,-0.0035638847533381313,-0.006360717456865617,0.002037478323634767,0.068646346991448,0.0169343189643254,-0.02343746656155532,0.002533125487139465,-0.010362694300518172,0.0003227441886348714,0.024612597852604834,0.0023917723032766958,0.005862138669900929,-0.007212292254625274
2021-11-03,-0.03222383519355354,-0.036348503380355335,-0.014250586594436898,-0.010973904449204541,-0.02938360307117205,0.023096402675657046,-0.04554913051804588,-0.01165958161049696,-0.0019436345966957758,-0.015706806282722474,-0.015486415118188268,0.010676083794822766,-0.0015509424958244367,-0.010048231511254002,-0.013265950726468745
2021-11-04,-0.017685046786455993,-0.025352498593666506,0.01678098258191829,0.0,-0.011460250887446954,0.008112875343162962,-0.019628011965278636,0.029277547149312078,0.004284323271664947,-0.008421985815602828,-0.023758757615018444,-0.014671362027857349,0.004182100609391837,-0.018067397482744663,-0.009282970550576142
2021-11-05,0.02731558136620338,0.031214302254529258,0.012991384905561842,0.00531663484813083,0.02036068512698419,-0.034989552711569116,0.012344084424681157,0.010290315757710777,0.010665115377157308,-0.011175681716584673,-0.013427375414091225,-0.009231613158511287,0.003926701570680535,-0.01405830059954516,-0.009369951534733412
2021-11-08,0.008339406081957268,0.008121123284993814,0.006164658119147015,0.012876576912222326,0.004683124953335227,-0.01613483530704385,0.0005601691293699584,0.015940718038722546,-0.0036454336147352384,-0.002712477396021651,-0.012419182670916351,-0.002705213047910715,-0.004029868436648099,-0.01195219123505975,0.001956947162426559
2021-11-09,0.016181211424942887,0.02709631651939448,0.001531755376436017,-0.005675390278476189,0.016618754558350712,-0.08255020277221015,0.022823172823280613,-0.00912910807336964,0.008858078182168327,0.005893019038984537,0.007235176385229636,0.032248380351682426,0.004165179102701311,0.01825127334465204,0.013671875
2021-11-10,-0.02524179547606953,-0.03339281208597611,0.009558662624682412,-0.011872156259750355,-0.02232765581335039,-0.019883505782572253,-0.03283936829516765,0.018673157493982462,-0.009734682191257837,0.02613789995493465,0.01145883624008004,-0.00029198862340329423,-0.008414316188670279,0.0033347228011670893,0.031470777135516936
2021-11-11,0.002783196498455043,0.00307351870242889,0.008440174849223325,0.017675586356552087,-0.002039115192020713,0.0551229604707868,0.00896747379777496,0.02156096388143869,-0.0021202775636083304,0.0004391743522178526,0.0,0.006133195505110045,-0.0031074459184893266,0.007270461154964769,0.011830635118306398
2021-11-12,-0.008447020084907497,-0.009805067511588605,0.0024679304285022408,0.01157909369219512,-0.017735201723402705,-0.06952811551812721,-0.002761285793902557,0.001699508579374731,-0.0025111068186207675,0.013608428446005183,-0.0028745040699994506,0.05108855182442862,0.0015585661191703792,0.017941843679109004,0.005538461538461492
2021-11-15,-0.0014603276117979291,0.0011139539159645828,-0.0010168715087303104,-0.01088543590278157,-0.002329830569769542,0.0471718460047843,0.00752791675958675,-0.009351306542098925,-0.006971340046475594,-0.0012992637505413462,-0.013057494350082188,0.026512029665006986,-0.0017955470433325127,0.018841166936790943,0.011321909424724552
2021-11-16,0.004631288717664717,-0.0014836192045299956,-0.006696667825722091,-0.011005232657469555,0.013677577656795004,0.031891536991422775,0.00897458407536278,-0.00649221749046347,-0.0015600624024960652,-0.009540329575021711,0.016666621877839072,-0.01129946749824673,-0.0009593476436023929,-0.004772320540862962,-0.019364599092284385
2021-11-17,-0.026082755282288983,-0.02971770012871533,0.00868344522837794,-0.019616895778615362,-0.027356199049542673,-0.06973151590556326,-0.029535716416535296,0.008940008441761016,0.0027343749999999556,0.00744308231173374,0.0010140506193645482,0.01959186995110551,0.002160604969391411,0.020579420579420526,0.01481024375192841
2021-11-18,0.0119581352649476,0.00829506790219492,-0.004705340063931862,0.008659064202840572,0.00828969451685646,0.01785713578492576,0.006139621096056258,-0.01056942621750645,0.003116478379431298,-0.003911342894393766,-0.0010130233623963925,-0.011475895837897654,0.000958198586657133,-0.009201252936570037,-0.002736394040741885
2021-11-19,-0.028926619102843665,-0.03683082626794387,-0.005264880573540243,0.022853887024995245,-0.03800336046177999,0.0332517561118959,-0.03591512909914085,-0.004859177827846839,0.005436893203883519,-0.003926701570680646,-0.01706943303681374,0.0037796812082984133,0.0022735431374896198,-0.0015807152736613261,0.003658536585365857
2021-11-22,0.010267430154144996,0.008541413126308406,-0.024465288050934064,-0.0029488512805703193,0.013953110736560026,-0.05449161298522176,0.021836442849549886,-0.01949151687861095,-0.009269988412514474,0.010512483574244502,0.02149243471938589,-0.004841279860318459,-0.006685768863419317,0.008707698396991814,0.027642770352369395
2021-11-23,0.032747813178042096,0.0228013029315961,-0.012456402254208743,0.006370123254074267,0.025328922579583413,0.03716850532909577,0.03406773821762643,-0.03547768809603169,-0.005847953216374324,0.006501950585175553,0.012287486014328497,-0.021081048089104715,-0.0016826923076923572,-0.000980969197567183,0.01211942063257454
2021-11-24,-0.0007289218852307711,-0.001401281660529441,0.0002803004744440507,0.007799281472653297,-0.0005452738813810365,0.020334171934403678,-0.0074875595829694275,0.0026029795333795125,0.0039215686274509665,-0.0012919896640827266,0.013302282094772355,-0.012700182077537536,0.0003611846857694001,-0.00510604870384912,-0.022488317757009324
2021-11-26,-0.11586624655680089,-0.1306288805140844,0.0006725052620286665,-0.039591815429585564,-0.12106581813794182,0.07478299110136022,-0.12514544643331582,-0.016556006731570316,0.01796875000000009,0.012074169900819332,-0.03150637040060267,-0.003914971679500279,0.010350222650138408,-0.01085669166995662,-0.013444876008365747
2021-11-29,0.009901006719154726,0.026412257990629184,-0.0017921877187762059,0.012962754244480124,0.027500606148911144,-0.10886725394585595,0.023504447468438716,-0.013329318383920152,-0.005372217958557135,-0.009799744354495155,-0.012877026945710468,-0.023862997497764327,-0.0009529481834424924,-0.008980243464378312,-0.021804966686856497
2021-11-30,-0.039079556797017356,-0.05389559410354117,-0.004881374069370614,-0.01360387749869496,-0.04102968549930752,-0.05912652943501773,-0.04669972609010409,-0.0014913108928941154,0.01041666666666674,-0.02409638554216864,-0.05406793343516769,0.0031635764950233014,0.0038154286395613024,-0.01953282319774463,-0.04179566563467496
2021-12-01,-0.02408951332852094,-0.009217295369275735,0.006032968758162394,-0.0071294848107631426,0.006444394512375773,-0.0676592995828954,-0.0146457468545238,-0.020470002888881345,0.00152730049637273,0.008818342151675429,-0.001088756534684987,0.022075723843206108,0.000712673714217793,0.009036763195727993,0.006138933764135768
2021-12-02,0.011616021351225969,0.014183320260853893,-0.012105642024970109,0.012124742623000673,0.012661861717226719,-0.04744003503823713,0.008508027701817023,-0.0008520157815801177,-0.00019062142584824748,0.00874125874125875,0.021435064877918908,0.004207573632538653,-0.0024925816023738667,0.013026663952778295,0.03596660244059091
2021-12-03,0.0030141967847252538,-0.003608990432624526,0.012027045912206047,-0.007559849222286252,-0.002377044804307782,0.0187376066138345,-0.007521447615281063,0.007405700318385167,0.011058150619637663,0.015597920277296451,0.015472149012401903,0.0270950061648918,0.006187529747739173,0.018485031143258945,-0.014879107253564783
2021-12-06,0.04579285494291008,0.04874729283736201,-0.002466519622089103,0.016524058845941214,0.03469305995640659,-0.11495641532932233,0.046290060384762244,-0.009668035504812988,-0.009805770318687568,-0.004266211604095571,0.012084106126885041,-0.021756866288858423,-0.00591296121097451,-0.0045373840994279435,0.003146633102580232
2021-12-07,0.032293384663664604,0.03683990886007793,0.002922141709398751,0.00023055742342137364,0.02459471203149599,0.01394582415440282,0.02774922607013286,0.01165191935316967,-0.003808798324128726,0.0047129391602398485,-0.012978023673962058,-0.002224126448142627,-0.0023792529145848507,-0.008917954815695572,0.0028230865746550204
2021-12-08,0.005037079018032964,0.004302533594218838,0.00044828198017254905,0.012217606152056915,0.01649735189910162,0.028856557208660982,0.023095268208425113,-0.004313608937455693,-0.0066908812846492305,-0.0025586353944563323,-0.027699891404184385,0.01866818701859252,-0.0008347245409014992,0.008598280343931286,-0.010009383797309979
2021-12-09,-0.018464805216485303,-0.019624076243335065,-0.004928618778003324,-0.013892023038479029,-0.004864527475122782,-0.00026216669051892794,-0.009355307718103889,-0.018579654765628728,0.0028868360277136684,0.006412997007268162,-0.012080746123432462,0.008752685000084748,0.0011934598400764607,0.0027755749405233843,-0.02243285939968409
2021-12-10,0.009809236426966406,0.010290325661350463,0.004559068992435966,-0.010854487797593793,0.0005777436572689254,0.0291033204507698,0.004134574982830541,0.008464499351385157,0.0001919017463059003,0.0,-0.02190182045788902,0.024674637756832096,0.00011920371915596917,0.0025701858442070957,0.01098901098901095
2021-12-13,-0.010113135339974044,-0.005302040785911788,0.0019610039804167645,-0.0007003928479102361,-0.008349626928295995,-0.033375807274688474,-0.00968567057787495,0.005866474233320762,0.007099002302379143,-0.007221750212404454,-0.006531040737535632,0.016141852876522034,0.0032181168057210385,-0.018733977519227007,0.004475703324808178
2021-12-14,-0.009275473142459356,-0.007855204816974215,-0.008947044435012375,-0.006074771405057411,-0.006449303697730335,-0.012387963217177944,-0.0026930655505245094,-0.01807993578849909,-0.0015240998285387386,0.007702182284980763,-0.023102992452216142,0.05338541666666674,-0.0016633004633479498,0.012459807073954998,0.0
2021-12-15,0.002442338027533353,0.0019793493991784317,-0.004401088197950709,-0.017512947966576542,0.0009015927960274173,0.014678427292545537,0.007911706060663937,-0.01731620254689048,-0.0028620492272467546,-0.005095541401273884,0.02807158135526122,-0.07985163854874844,-0.001071046054980318,0.002381897578404235,-0.03755569700827499
2021-12-16,0.015430420032882308,0.021306539414643444,0.019098867198569014,0.02895078600263057,0.020671890671921878,-0.00946870408153544,0.023642717525709456,0.04403015292310841,0.0022962112514350874,0.009389671361502261,0.022068454801510207,0.00026860715383825173,0.004646175839885691,0.011683168316831694,0.019179894179894186
2021-12-17,-0.01999466898321478,-0.021000230737016623,0.0037259890024026188,-0.002209051712189658,-0.02047393149539678,-0.020180556173689523,-0.025759892187242506,0.0023157446427541917,0.002672775868652222,0.0033826638477800763,-0.014089669465041976,0.019339275968590863,0.0004743270484999229,0.006263456645136056,0.005840363400389403
2021-12-20,-0.027203483287816743,-0.03711539981321654,-0.005706714326999207,-0.0006990870751790723,-0.021126986709712803,0.03902440411186103,-0.014940912265403505,-0.010307919814578681,-0.0036176694592535696,-0.0037926675094817064,-0.01744622165500509,0.017654841125247067,0.0,0.005446411204045987,0.003548387096774297
2021-12-21,0.03439606864279221,0.04235672354477105,-0.003287654348783864,0.011660380749123567,0.03902439077911524,0.009128807094998415,0.0297607999913303,0.010190850463436485,-0.009745843684311084,0.012267343485617532,0.01813379153896655,0.020196756981942787,-0.0046224961479198745,0.012188044109112006,0.02732240437158473
2021-12-22,0.017707454706015202,0.023059608075271854,0.0075473809853661145,0.01187190469412025,0.0221454292019978,0.027655754379439346,0.007341324857114362,0.01288769877149698,-0.0034735623311462627,0.007104053489343842,0.017254179570463712,0.022334994398397923,-0.00369135508454399,0.01586391437308876,0.018773466833541974
2021-12-23,0.02071985043995439,0.014156112548875166,0.005271335177776892,-0.0005695539674381855,0.01022612986157001,-0.0616197483976455,0.017573802812657524,0.006098628469705769,-0.005615801704105361,0.0053941908713692754,0.011125237557603196,0.008192697146363948,-0.0014342058085334841,0.0024459078080902863,0.0009213759213759776
2021-12-27,0.02277163350353617,0.02412249298295266,-0.0016006526587772907,0.017779819277959685,0.009479271061297201,0.08818011281013916,0.012601461095979705,0.0020932508919979664,0.0017526777020446804,0.014857614527445273,0.02308807044914829,0.021423249344240336,0.00011968880909640767,0.02289789789789798,-0.013194231359312636
2021-12-28,0.004325750303889597,0.005425481854771652,0.0011609771833531735,-0.010078404200694946,0.007605791094865477,-0.0012315552983714895,0.00590896826948617,0.0057443739482356815,-0.0005832037325038675,-0.016266775111834053,-0.00299721403356612,0.002651895216700506,0.0003590234561992034,-0.0023853211009173814,-0.025497512437810954
2021-12-29,0.003673687693924288,0.00763351113496924,-0.0028162656784919138,-0.004072426600522205,0.002698772708403352,-0.007644799458510487,0.010947349613332324,-0.011379883500786558,-0.007975102120210131,0.0012401818933442943,0.002652546912513598,-0.0012022120878522058,-0.0029907883718147676,-0.002023174544785733,0.005424377791959145
2021-12-30,0.0011358870892026474,0.0056165140920581,0.004596260124812179,-0.003975448410540983,0.007612088217080704,-0.11505965204160717,0.011048991414957632,0.007878164764605122,0.0031372549019608176,-0.01568951279933939,-0.014991221823297485,-0.004333143522908478,0.0014398848092151972,-0.021194249907851126,-0.010155506188511576
2021-12-31,-0.019415039352651875,-0.023119870485598715,0.007992944267207092,0.0160793469206999,-0.02746356327456312,0.0474585524276816,-0.029737030565391898,0.013027585489440163,0.0035183737294761652,-0.004614093959731558,0.008057310210097368,-0.004593795620034036,0.00047927150730897594,0.0007531538316700725,-0.011542160949022162
2022-01-03,0.015428189720621655,0.011567647349721266,-0.015585694181619925,-0.009090839032188547,0.01171618397674945,0.022788213863893292,0.01256455810555801,-0.0230623379575311,-0.01577717179587068,-0.006742520016856268,-0.001598581772779939,0.029633182724605245,-0.007904191616766476,0.011476952022577702,-0.01654232890042162
2022-01-04,0.012914618887223117,0.011961041151597351,0.008055108158801172,0.01166606429680761,0.02210059577339485,-0.025688086008173072,0.0087746278255878,0.01088192985175418,-0.006926578270334494,0.034365719134493045,0.03433553347466467,0.008728502619263612,-0.0012071463061322785,0.025855654761904656,0.0158311345646438
2022-01-05,0.0100000381469727,0.011170290092400004,0.005786399284288368,-0.013770728028681956,0.015189921013637697,0.0443906272570227,0.006941088415452157,0.004861511902052529,-0.002789956157831841,-0.01189499589827725,0.02029584309534549,-0.008185219714783365,-0.0033840947546531774,0.0039891205802358165,-0.01201298701298703
2022-01-06,0.01472765800824849,0.020680804648785633,-0.019670168699956858,-0.012827780211252526,0.012918522758053053,-0.01803192524293884,0.005322681105964344,-0.04215982065814328,-0.0027977617905675656,0.00249066002490661,-0.009103184732053515,-0.00872438612068338,-0.002425418384671363,-0.005056890012642201,-0.019388761091028606
2022-01-07,-0.002927160263722639,-0.007047540461187607,0.004583094939621946,0.012649454395428528,0.0016547944920757285,0.027282227740151432,-0.002343523262184344,0.009921498848829868,-0.0052104208416833275,0.00496894409937898,-0.0025518495116824136,0.031160814209576948,-0.0018234865061999006,0.01760755127972402,0.016756032171581836
2022-01-10,-0.010764492396550085,-0.008491738352191969,0.0007789164320941566,-0.013286353554781583,0.002337016918515289,0.041624134682391345,-0.010222265780362227,0.002322052686739129,0.0014101531023367198,-0.011536876802637042,-0.012621553214830716,-0.013610135862709094,-0.0012178784557300704,-0.019086692829111684,0.004614370468029039
2022-01-11,0.03524172594691244,0.038220602524166036,0.010951718166068103,0.017493321590850375,0.030551524566764243,0.0416769003316817,0.0360376285177717,0.016038520184280092,0.003822168577750862,0.002084201750729431,0.017274140793630988,-0.0007016330829383577,0.0019509815876113112,0.0014548099654483337,0.010826771653543288
2022-01-12,0.011347311686460637,0.017483355671057854,0.004839179998968879,0.03246246680315745,0.01193627390347074,0.1430924432253493,0.014168176630811935,0.01727619974120409,0.0006012024048096531,-0.0033277870216306127,0.006622506260663963,0.008659050579762573,0.0014603870025555743,0.010532050118031488,-0.016228497241155493
2022-01-13,-0.0023620757360018896,-0.006292311797034489,-0.003228820804687338,-0.006573227203287457,0.00551233849741517,-0.12085647692042312,-0.0028024255111469554,-0.0019396583971595938,0.003204486280793173,-0.019198664440734592,-0.018555980040020903,-0.016937326665820818,0.001093693036821053,-0.018688230008984674,-0.014516661167931377
2022-01-14,0.018823207232308237,0.02070137471242295,-0.0026902516461966286,-0.02701807343271334,0.009890737842663366,-0.0018735121870979698,0.014638626990571613,-0.010537740501581183,-0.007586344579756488,0.014893617021276562,-0.0005156201295895002,0.05027138819755561,-0.00412721534353,-0.006225965940304001,-0.007030465349849302
2022-01-18,0.01684876387138501,0.01920783364606682,-0.002257074366054268,-0.008047160778703266,0.01507042910004519,0.004927242617023708,0.005291433952285374,0.025140772173604997,-0.010661838664252632,0.005450733752620618,0.01599312606658998,-0.12337077280108844,-0.006338371526084852,0.0033167495854062867,0.03708698583951442
2022-01-19,0.010627360101397532,0.017909385155464808,0.016994000409909393,0.019766949104061515,0.00684370093037634,-0.05883722986000384,0.010362747639442338,0.03146422854336284,0.005693371289141824,0.0183486238532109,0.028435958673167283,0.02102020395066906,0.0023307163886163718,0.02203856749311295,0.03576072821846554
2022-01-20,-0.0006784846939373868,-0.0006899443333189259,-0.00032550759647975713,0.025546182893252167,-0.0076143752504466145,-0.05680974541084172,0.00211636515013236,0.020019838756370367,-0.0006065507480792487,0.0008190008190007703,0.03489142207284601,0.006276676064824516,0.00024476808224216384,0.024797843665768093,-0.007846829880728157
2022-01-21,-0.0055442167797824515,-0.02025318878396498,-0.005861243298007857,-0.013984514487764499,0.007261067640186969,0.05181484069726072,-0.00804156783798926,-0.016065770683918457,0.00950839571110662,0.008592471358428888,0.0019083799275825264,-0.020209520540508397,0.004771809617031719,-0.008065930212169059,-0.01297057893071818
2022-01-24,-0.01843216245115631,-0.0214940315265868,0.005404466688426757,-0.024265913786992832,-0.023706932255795676,0.00700171978549835,-0.018178831116397176,-0.021345690438420384,-0.00020040080160321772,0.007707910750507141,-0.01634918697296628,0.003055721039347592,0.0015830491962980364,-0.007954746331978124,0.02628205128205119
2022-01-25,0.02237162837922635,0.027487708349970053,0.005864173923256555,0.009084706555076094,0.01587125142262602,0.006456424933788174,0.025646402181122463,0.00424458213193879,-0.004209260372820212,-0.0016103059581320522,0.00871384686449983,-0.004823543858656909,-0.003039513677811523,0.0030292230933712805,0.021861336664584563
2022-01-26,0.01995467343681745,0.020443925598071955,-0.012307718665654499,0.01384201546184527,0.02806186002218669,0.055267697653003545,0.02577760854588318,-0.0037245021026650615,-0.005837359098228689,0.011290322580645107,0.022716397724704906,0.02168367346938771,-0.004756097560975614,0.02327233966956821,-0.028117359413202925
2022-01-27,-0.006891982579944722,-0.00847164140465062,-0.020003266416712795,-0.02031297751862804,0.018403846671827706,0.4648117697281202,-0.0007531792765131939,-0.0476330032614084,0.006883984612269689,-0.002791068580542233,0.006413202420736619,0.010486921865246579,0.0011028060286728536,0.005729166666666563,-0.02264150943396226
2022-01-28,0.007723331874747386,0.0024246516914070426,-0.0045730585486152275,-0.02492638360570576,-0.0032206343102793022,-0.2595371048958809,0.008449059187579877,-0.016363087567768386,0.00221194450030171,0.01719312275089968,0.014454466243543962,0.016061279476005552,0.0023255813953488857,0.015018125323666531,0.011904761904761862
2022-01-31,0.013106745764470018,0.015319072054016392,0.005658566557111833,0.0034859090352497013,-0.009441735053838718,0.05065749872953074,0.004720168347544407,0.004170048058309339,-0.0008025682182986049,-0.01572327044025157,-0.006894392084973222,0.018725635848416022,0.00012211503236048138,0.0139455782312925,-0.031796502384737635
2022-02-01,-0.022475555782702217,0.0005671630345758238,0.0036211699164345745,0.025706360619212498,-0.006523675434142673,-0.025235975200946115,0.008182284967084952,0.008975227037933298,-0.002008032128514081,0.013977635782747688,0.01558164364371506,0.040821213541820445,-0.00073260073260073,0.025494800402549478,0.010180623973727432
2022-02-02,0.003476867943708939,0.0006803309531120405,0.0048848453111989265,0.013998707619468309,0.010105044381238049,0.15786150524977538,0.01234856735917167,0.005089386072810065,0.004426559356136783,-0.019298936589208338,0.0022786195003285936,-0.0020642061845972393,0.0019550342130987275,0.010958456002617023,-0.01820546163849157
2022-02-03,0.018330159464320595,0.022773560595811926,-0.003424887076703742,-0.005455437334298874,0.02549750258489869,-0.11143427088771718,0.013693840743895125,-0.014794612124441664,-0.0070112179487179516,-0.009236947791164685,-0.003485955520331485,0.004596644385070903,-0.003780487804878052,-0.0006471444750040245,-0.004304635761589459
2022-02-04,0.0237075624875962,0.02259888103899721,0.002050924722719838,0.0038061567457168266,0.012537400104754681,-0.0646481145665655,0.013546744143308365,0.004469290791943026,-0.010691950776679393,0.006080259424402046,-0.005931549652447687,0.015557052614998845,-0.006855184233076295,0.005989962765096335,0.015297638842700412
2022-02-07,-0.006218443470945245,-0.010724709023430812,0.00774421928413771,-0.0049068441952268005,-0.006851870417909578,-0.07436573722705841,0.002538799653885926,0.026740815214794544,0.0016313213703098572,0.023771152296535147,-0.0003060629172908502,0.02004954723779484,0.0011093307038088085,0.018184744126166663,0.00720602685882743
2022-02-08,-0.020606361115555916,-0.021462977343655654,0.003348323318940194,-0.00044835409691967865,-0.02199347450856748,0.003780782447885045,-0.02241843067078697,0.005156850411663694,-0.004682410423452743,-0.0047225501770956635,-0.030456044923521608,0.0028710652508703305,-0.0025855700566362882,-0.008060692271218639,0.01300813008130075
2022-02-09,0.00848209168115277,0.0033572409322819574,0.004759533374733449,0.03161795627982111,0.011566281024361524,-0.0562618437568122,0.010780559988963212,0.006078928628402869,0.0032726528942523814,0.02293396599446429,0.01183899002470179,0.017176806183945903,0.001357857054684608,0.016411727214786564,0.008025682182985605
2022-02-10,-0.0015292122881666037,0.002453642452856286,0.00043561409058057166,0.012389888502715829,0.0008141966456651772,-0.01247186732008465,0.004522531158219767,0.007841903229194536,-0.010601427115188633,-0.007730962504831851,0.006396313133687492,-0.017103256117935395,-0.0075197238658777366,-0.01285467941683649,-0.01719745222929936
2022-02-11,0.03314734337498826,0.035825559847585176,0.0025579357295228977,-0.03274281967159409,0.02960532751521816,-0.004546634347570744,0.02746303993256216,-0.006505373688773797,0.0065938594683701,0.014413712504869558,0.01875676708113283,0.0057268856905630106,0.004719910570115449,0.005558202318564298,0.034024627349319436
2022-02-14,0.02160102565428268,0.025349093974556425,0.014820069046166395,0.0005549516441620828,0.017485994168332075,0.06445069472306653,0.014898157588359329,0.020499876209265633,-0.005936540429887449,0.007296466973886417,0.0013693903867773027,-0.01795885260056751,-0.0032142415626158494,-0.008212255211623498,0.0018802883108743895
2022-02-15,-0.033167542146512075,-0.035512250389282185,-0.007061128206802492,0.005324390481537211,-0.034539862139359556,0.026460084980448606,-0.039684845546473446,-0.021262318476917508,-0.00658978583196046,-0.027068242470453696,-0.002735151372943223,-0.021409469746183407,-0.0019843730621357247,-0.011942675159235638,-0.024397873005943094
2022-02-16,0.016402216973832706,0.017269512029492784,0.008242672788815408,0.0019861638825646732,-0.000699372299187262,0.09544815437120446,0.002997226355261562,0.011269195975460056,0.0006218905472636926,0.014106583072100332,0.020417553304337144,0.02415680583044333,0.0006213495712688033,0.023368251410153196,0.0009618467457519486
2022-02-17,-0.019407197397652953,-0.020286156860866766,0.01629708789740847,-0.0034137359552007807,-0.024951890761490958,-0.04897179271159913,-0.010645789210399048,0.011567336939308781,0.007458048477315016,0.004636785162287493,-0.0023891841002372516,-0.00044499708982903563,0.004843517138599207,0.002834645669291369,0.022421524663677195
2022-02-18,0.0061310066402073815,-0.0075196428219546085,-0.001156651509923723,-0.0012155395588839824,-0.0016868657567021828,-0.01226032714897729,0.007928682187848146,0.00490067310854192,0.006991568990335262,0.006538461538461604,0.011375574973849334,-0.002894074521858414,0.0019775058707205417,0.005967336683416979,-0.0012531328320801727
2022-02-22,0.035278975732995654,0.014055109076382521,0.0040004081432809535,-0.0021019029385493937,0.01340998385370984,0.015120719644194036,0.01543299460914671,0.013338402423941131,-0.0004084133142739921,0.031333588077951946,0.038182652696568065,0.012949360101771612,-0.0016035524855063654,0.020917889478613727,0.0592848180677541
2022-02-23,0.0,-0.0027070926272950713,0.0015728216218942048,-0.006319307907376448,0.003689533468257844,0.027790128050596996,0.00534902667292525,0.01003658726219725,-0.0026557711950970786,0.013338273434605474,0.0081254409469107,0.038351318995654804,-0.001482579688658281,0.024464831804281273,0.037607343796268955
2022-02-24,0.0231309952279255,0.007709002130680265,0.00832287699480072,-0.00613637212428042,0.023928993534332976,-0.011897102195802534,0.016768735034320192,0.005334983391191983,-0.0008193363375665896,0.01645338208409508,0.018099529937821268,-0.013160713493323373,0.0014847809948033142,-0.008059701492537319,0.057077625570776336
2022-02-25,-0.011606797584035378,-0.01314514872099748,-0.020090366122209713,0.0040413394477831766,-0.016362317897096856,-0.021453601801292077,-0.015770473195934498,-0.02791059954534547,-0.0012300123001229846,-0.05107913669064745,-0.04513888888888884,-0.03570661716810397,-0.0017296763034346796,-0.042882937105025554,-0.08963282937365014
2022-02-28,0.03124678391767577,0.045092314094830055,0.0069400168231466,-0.006149407834801113,0.05751891221217731,-0.015212492835441349,0.02555641275010112,0.015168576254085409,0.015394088669950845,0.057619408642911374,0.06021817294034082,0.014722298200381845,0.009529702970296983,0.033956925011790595,0.10083036773428233
2022-03-01,0.03940987663255946,0.08033851173565365,0.022675908225112895,0.031949645480770394,0.04569583822159706,0.038845980404613956,0.10429035820581012,0.04815074638785233,0.015767131594905948,0.06057347670250901,0.053642525653041284,0.01934495148080706,0.009930121368149969,0.03725102630378596,0.07947198275862077
2022-03-02,0.07583118026012481,0.06952900645381388,-0.011060808447330706,0.015044100027987506,0.10904130094484454,0.04132957174538032,0.07109785937372037,-0.013746370592141566,-0.015721393034825892,-0.0010138560324434165,0.03567705410015365,-0.01293940013381134,-0.010924981791696986,-0.0164174728818528,0.05665086099326189
2022-03-03,-0.02187196682925996,-0.02649186569257833,0.007074845362579296,0.02491680315582112,0.002489521985308274,-0.008399823844621235,-0.007224263794449404,0.0008735797417964708,0.002224019409623912,0.016576454668470797,-0.015589613395735613,0.008083857528453642,0.0019636720667648433,0.0016393442622950616,0.21776098252243736
2022-03-04,0.0692558536056902,0.07439400271616936,0.015858231718947957,0.03300844316044249,0.07789571824496866,0.06226168240909202,0.07904028899433002,0.02289227002789862,0.014928384103288339,0.006988352745424198,-0.019157087375954118,0.016254876677962438,0.007594316511513988,-0.002380598125279021,0.04577191621411947
2022-03-07,0.04318007321789907,0.0321576868161253,0.01489883514281809,-0.041996304100799686,0.038450339195464256,-0.036483177515187815,0.007928897980727712,-0.002676295292965092,0.0025839793281654533,-0.009583608724388681,0.017578104433293884,-0.002132650912810119,-0.0035254072453196894,-0.0011931394481730084,0.05730712166172114
2022-03-08,0.038714425029665156,0.03601336153610757,0.02374869674545832,-0.0045531787527346435,0.13153136348859729,-0.06331475710806023,0.030934212262555105,0.04569677495399649,-0.016058683584456834,0.00700700700700696,0.0195777191225035,0.04701859432993949,-0.007075759424179595,0.018067791548454615,-0.10682336432204875
2022-03-09,-0.13158308740091784,-0.12126111859385258,-0.026966229305309786,-0.029039438658026717,-0.21927754332750926,-0.0002208808331578549,-0.10557755485841458,-0.04206339252678004,-0.00906709651420512,-0.025844930417495027,0.004894570634472073,0.01041030040223534,-0.004546013023712936,-0.010560281607509547,-0.05773762765121759
2022-03-10,-0.01628574382340997,-0.024655017299143767,0.006136240590387532,0.01741886925238334,-0.048523477826755035,0.023199297070812364,-0.04162372181537166,0.017276844949002834,-0.005693371289141935,0.030952380952380842,0.00974146099999662,0.023838359177714707,-0.003949642063687975,0.008004743551734306,-0.10483534806169237
2022-03-11,0.030549677873890957,0.03122057435194936,-0.007698472418572022,-0.0059221872793787655,0.03683025244000748,0.02029796195620004,0.049228638417408765,-0.0036637953311959848,0.0022494887525561502,0.008907951171230666,0.016450239408234424,-0.02703232442667236,-0.0006195786864932051,-0.005441176470588283,0.015133876600698537
2022-03-14,-0.05121147365614109,-0.05780663668688468,-0.012191411169710342,-0.02242208888136854,-0.041344793554382586,-0.014179875897198158,-0.04323538646903091,-0.03301928251517505,-0.01591511936339518,-0.04741661216481363,-0.04198097998820405,0.058406039249776276,-0.008431494110353377,-0.0020700872393908387,0.0
2022-03-15,-0.06538819236665172,-0.06378021122779332,-0.015860922522333176,-0.002437602222795654,-0.07526780702205049,-0.01932163004192855,-0.05389881975693933,-0.0047932297735586715,-0.003939456769645466,0.040851355990387805,-0.06414331050975464,-0.0726193191054415,-0.001125422033262491,-0.016891391317232163,0.05894495412844036
2022-03-16,-0.018917094883059704,-0.014516813463681721,-0.01062341323455529,0.01921574775458068,0.02323662364923096,0.03940462160444014,-0.003535602507303559,-0.018031251425880357,0.0002081598667775797,-0.03693931398416883,-0.0017643492518937265,-0.012396694214875992,-0.0028793189784677153,-0.0057272042200452455,-0.07364089235434268
2022-03-17,0.08794126751474218,0.08354379592718453,0.017808506636054933,0.022340881834904458,0.12493145687047114,0.050968748688145604,0.0766861899896436,0.03704902937448318,-0.0022892819979187795,0.03356164383561633,0.014683809066603937,-0.008158983047038437,0.0005021971123666535,0.011671972108534101,0.026888005611409804
2022-03-18,0.012096782847999199,0.01670220950903456,-0.007153099368578886,0.008527969415731418,0.03174281421700487,-0.02545087392119172,0.006901731014087753,-0.020676959669536088,0.006466416353775539,-0.016898608349900646,-0.03135463518703874,0.006116840031955562,0.002384238925837723,-0.00029967036260114543,-0.03119307832422591
2022-03-21,0.07124990660300656,0.07086920739842895,0.00010363923019451882,-0.00613048957429696,0.05636309120516314,0.007608509136192154,0.04100279789218786,0.009060039116823404,-0.017823834196891153,0.01954836535220772,0.019643078585717788,0.009014649461150492,-0.011016524787180737,0.013788968824939962,0.05217391304347818
2022-03-22,-0.0012108578647528345,-0.0032108508877336517,-0.0041461518528116414,-0.002658685404107186,0.016653985383383585,0.05857136670771679,-0.01213073705327894,-0.015702846515316504,-0.007596539354294163,-0.004297520661157073,0.011260369574872753,-0.00934967819266952,-0.004177215189873462,0.003252513305736171,-0.0008934554389099514
2022-03-23,0.0529961459930981,0.028364335257270445,0.008222768060434538,0.015674915234036524,0.06485167788257762,0.008675550038164337,0.03242562903508439,0.011452676101699755,0.017435679353604128,0.006308100929614868,0.019184334419264815,0.017407756969471277,0.0017795856107791774,0.01311523725316821,-0.011178180192264686
2022-03-24,-0.021134866176590994,-0.022535490824048265,0.012852888925911188,-0.0070340617436310815,0.009380764114515605,0.03230125245402071,-0.01424957843237784,0.029002762813809868,-0.0012539184952977678,-0.012537116463213427,-0.022113996027131155,0.0016491193215899536,-0.0017764243116356049,-0.0104727272727273,-0.018087271082975365
2022-03-25,0.013610037496394556,0.01388646287023354,-0.004077056466759266,-0.009092878075695365,-0.009341687110827612,0.03147566664942136,0.02368943983695515,-0.011776073732355119,-0.015275162167817546,0.007684597393919246,0.00619193806439311,0.004116073317807167,-0.011185966696326433,0.005585770983389748,0.015196868524061768
2022-03-28,-0.06771651940006718,-0.06971029266933082,-0.007368694454789493,0.005975321285071056,-0.08049387746493142,-0.01130859828708386,-0.07239191891569707,-0.01637033520227915,0.003824904377390581,-0.007294429708222805,-0.0307692715954222,-0.018446403182184712,0.0012855122766421978,-0.0268966525361789,-0.0410523928328419
2022-03-29,-0.020003555590766275,-0.01623255224202025,-0.014228320941080397,0.0005302461315146445,-0.017788254006464332,-0.031227293854713345,-0.004815480408093653,-0.018271408521929877,0.008890770533446224,-0.02972611890447563,-0.01090397956396294,-0.02693671760470462,0.0051354474258569205,-0.012768514345801396,-0.04044465468306524
2022-03-30,0.02921158934271273,0.034343840218928,0.011139028015909824,0.004876548558180538,0.024864797654732707,0.05041230418600651,0.037992085810146126,0.015657915674445633,0.003357112882920621,0.016179001721170483,0.007814645966726985,0.015236064599818855,0.0024268744411801713,0.012781497261107777,0.012817352723687447
2022-03-31,-0.048832026753251045,-0.06993137578249586,0.008119964402314439,0.0007384712960030182,-0.03079953577083072,0.006601280850109248,-0.04072182102172073,0.0007170317726299391,0.004182350480970376,0.014566395663956566,-0.03157018472388606,-0.011836833716485584,0.0020387359836901986,-0.02749399038461542,-0.02068629836943292
2022-04-01,-0.032619814224850385,-0.010071820388164898,-0.013082290498042104,-0.012755670370909522,-0.07238838096978983,0.013824811961191674,-0.011318005655788665,-0.0190677156970136,-0.0016659725114535062,-0.018363939899833093,0.018015362637305188,-0.03743315508021394,-0.005213631739572788,-0.02193727792368294,-0.02137176938369778
2022-04-04,0.03007950386059499,0.04039490552869429,0.005354290736375278,0.02007481939251199,0.0356600103737148,-0.0013985834434629973,0.01414301848271271,-0.002353727948555262,-0.006257822277847325,0.021088435374149617,0.016011228068972372,0.011333346896701402,-0.001150453790106143,0.012320328542094527,0.026155408836973093
2022-04-05,-0.0082767543918153,-0.012780787281426842,-0.0033609100310237894,0.0030356251697731818,-0.021967777285400558,0.05602244006393886,-0.010381171515552179,-0.002277894431075733,-0.016582703610411365,0.012325116588940643,0.0009677540470385271,0.02373102098028146,-0.009598157153826503,0.01794351692931806,0.03464488987874281
2022-04-06,-0.05223180538919714,-0.05619846782061888,-0.0022827623419260368,-0.012001646188014803,-0.03546505612790818,-0.0004973904786402805,-0.03750514235771252,-0.0029761886247120506,-0.006616862326574213,-0.0042777229351760315,-0.00800996826020317,-0.008800184926438526,-0.0019382349140716348,-0.007050889025137952,-0.006696962449174837
2022-04-07,-0.004848103940329085,-0.0020784014409193086,0.007643946455622386,-0.008133480959605643,-0.023137620372800205,0.05473551354983952,-0.0021010138072548035,0.011367813485871237,-0.008165019338203683,0.0016523463317912324,0.016566821407169252,-0.003464650559182769,-0.0011651993785602999,0.01605433775856735,-0.017577654707440438
2022-04-08,0.02187310507249296,0.023221945072172234,0.004025145299448862,0.005324732186628767,0.015239585566972247,-0.012737903041364573,0.03019934752147968,0.0034771537296174326,-0.007582322357019056,0.014516661167931266,0.028759328951777352,0.017383745736193168,-0.0034996759559300372,0.026435733819507812,0.03088235294117636
2022-04-11,-0.041836889214182715,-0.04040302396084827,0.0013363361526330664,-0.01938555286391741,-0.015041009993300047,0.058139575510104846,-0.04103333398807851,0.00640639812903232,-0.0076402532198209805,-0.005528455284552813,-0.010915863482999222,-0.019436150931776863,-0.003121748178980255,-0.01998223801065724,0.02829291488349983
2022-04-12,0.06255072931291839,0.06692117400917996,0.014320924501245447,0.016311982649452883,0.06019527457390628,0.005569727796547852,0.05018151124245529,0.02990630640702041,0.0026396832380113366,0.015369522563767113,0.015208576137349716,0.003920687800128109,0.006263048016701411,0.009062075215224397,0.020809248554913395
2022-04-13,0.03956421458138881,0.03628232188112657,0.0043519941765028936,0.0006377088785476381,0.07331715293095398,0.04745514928822425,0.04359821396982588,0.01146744691620838,0.005265467310223704,0.009339774557165947,0.03552963402270981,-0.00585806405989997,0.0024636929460581936,0.003442598413411213,0.008833522083805168
2022-04-14,0.02684315316889907,0.02589925130208326,-0.004937737188951963,0.00212454415804042,0.0366824398407295,0.04330426809791854,0.027375215986018775,-0.012682548727918741,-0.014840680925360061,0.008615188257817596,0.010242005447530289,0.0069838096992613785,-0.007114215496054843,0.003729116945107469,-0.01526717557251911
2022-04-18,0.01307078562001851,0.011781226481383023,0.00582307957761663,0.01674793217246684,0.009339009412486998,0.07123287223834551,-0.0009759832809452806,0.017516498491086052,-0.006202924235711116,0.029104713698196782,0.013686404150792697,0.00996967092406953,-0.0024752475247524774,0.01931936394709477,0.02188782489740082
2022-04-19,-0.05222696598487553,-0.05221330351798925,-0.013793809946284541,-0.017097535171463063,-0.007427754721770041,-0.08235294619807432,-0.038690351419155555,-0.02865335346045883,-0.005127061970575109,-0.011374116200430384,0.0027503591271225147,-0.0034334894925227566,-0.00444038135039837,0.001020556932497474,-0.019187862561356517
2022-04-20,-0.004195775741185903,0.0018525979517276525,-0.0017355918397460313,-0.013682717182675441,0.028794078867720785,-0.033305506758083525,0.011516907903281304,-0.004765479357013769,0.011203226529240329,0.014614427860696555,0.007480345106215536,0.015073212945735603,0.0032795487340941953,0.0176230702009903,-0.010009099181073733
2022-04-21,0.014325830857470967,0.01012166341145826,-0.0037840174403996896,0.01161413099438513,-0.018197366852154007,0.0028830880076997634,0.016378429970713038,-0.02568263379857949,-0.006869044981165473,-0.020226785167024253,0.008538577679153336,-0.005303351786951849,-0.006276150627615107,0.0008587376556461468,-0.018382352941176516
2022-04-22,-0.015508172037103973,-0.016571935692562545,-0.007134741141631262,-0.025725484932310083,0.009690338833947987,-0.06080205150334961,-0.010064055088361501,-0.01478414021154284,0.000223114680945935,-0.00781983109164841,0.021595118235956612,-0.021539787236050434,0.0015789473684211242,-0.01844701844701846,-0.002340823970037431
2022-04-25,-0.040600110352591035,-0.03458409708877341,-0.019800469348759342,-0.02913259132303092,0.038668531593154976,0.020661192307464882,-0.01972771228180281,-0.02428167962424521,0.010260985946910495,0.009142496847414971,-0.006245547190956158,-0.013949420372200039,0.005648975302154469,-0.007284382284382329,-0.003284842796808962
2022-04-26,0.026094587342736064,0.03206815509798622,0.0042721390221189814,-0.002022887112417049,0.09215572616638834,0.02714046361097644,0.030557434975780673,-0.005323620693879039,0.006403179509825607,0.0037488284910964786,0.030819472052155072,-0.01679930637942184,0.0036577400391901715,0.0010272967420017487,0.020009416195856833
2022-04-27,0.003143173995325599,0.00314650643487302,-0.008087823439692832,0.0032657975128216332,0.046196289914529176,0.06087595613682817,0.0351024732893066,-0.0035680755433861178,-0.006362439666520392,0.015250544662309462,0.029429031648345427,0.013938876747265239,-0.002082519849017306,0.01246151590675848,-0.0030002307869836375
2022-04-28,0.02155332937375576,0.03273871865503697,0.0013766599901887666,-0.009204257354392564,0.09864570214097768,-0.05215359523527685,0.0137152767597426,-0.0140250861307184,-0.0022079929344226423,0.0006131207847945852,0.0318906073467069,-0.023946757855806577,-0.0036520151297769754,-0.011584129742253091,-0.005555555555555536
2022-04-29,0.01626545273320823,-0.006359132166514847,0.010786179779559646,-0.004191651054800349,-0.06887480948890568,0.05168408043013373,-0.008934197385725429,-0.0038479309815057094,-0.0037618942243858866,0.0027573529411764053,-0.015783668093374725,0.0006814806557244868,-0.0017017934284592195,0.001025490770583115,-0.028165735567970196
2022-05-02,-0.016096529776689183,0.004584924217646336,-0.02516083946984049,-0.0317406465868495,-0.12062662445931138,0.031888452226992214,0.010944347276870658,-0.021527789505543016,-0.01132829853398487,-0.006416131989000928,-0.07255805039319152,0.0054483402871381426,-0.006818777865198022,-0.02004975852480606,-0.00023952095808388307
2022-05-03,-0.024261020319095605,-0.026243173479971738,0.0037561709013218536,0.003642361472945721,-0.02906133757541407,0.064080280623934,-0.0025355196215623987,0.0034155279528855775,0.006515389800044957,-0.015067650676506728,0.019347112001914413,-0.014675999299108566,0.0014523369421706178,-0.008960573476702538,-0.00934355534259701
2022-05-04,0.049252149269534806,0.052729164177174104,-0.0009622189571817374,0.013462862746814297,0.027996242017967132,0.057958255706414,0.0431566097248115,-0.011449572294717991,0.0011160714285713969,-0.00280986575085862,0.032977445772926384,-0.018560967499548053,0.00540540540540535,0.006479807112718561,0.031197097944377195
2022-05-05,0.006900328131851152,0.004174052386858973,0.003692156551513781,-0.010049658926742366,-0.03709797611769572,0.04373143579153882,0.0017523501754961313,0.0016993161453031647,-0.02051282051282055,0.006574827802128924,-0.006660562917533697,-0.00326872270928269,-0.009179124049304987,0.005240305434945247,0.02814258911819878
2022-05-06,0.013435508054721046,0.013947852180307585,0.003785305667793004,-0.005484239557655313,-0.021527700755850532,-0.08425364587965023,0.02741412903940521,-0.0033481632530376615,-0.00705668108354196,-0.014307931570762045,0.021965335559293697,-0.008198641485220315,-0.002249867654843807,-0.013702710753649039,0.0009124087591241281
2022-05-09,-0.057389420618114695,-0.060854518624946285,-0.012853235932965834,-0.0160741625865376,-0.030194984352631127,-0.12644537739499062,-0.031151901681482075,-0.024322560195749965,0.004585052728106387,-0.009782265698958681,-0.013800918548015795,-0.029050514809350503,0.003316089667064537,-0.020839625490788327,-0.012534184138559668
2022-05-10,-0.032848813259734766,-0.03230181705260393,-0.00946948015556115,-0.009181930270551919,0.025372253545224543,0.051095958557380916,-0.027568019243696118,-0.017996520327729137,0.012094933820173459,0.002549394518801762,0.008946992160661527,-0.007784023740017854,0.005023796932839719,0.005552128315854388,0.0
2022-05-11,0.04928755706501975,0.05964311167633074,0.006898398246537152,0.013960786528228297,0.004831914354118005,0.03452940144896499,0.04066068368335052,0.007480123982123166,0.007440811724915397,0.0200254291163382,0.01693949385263882,-0.01789651361167055,0.00407787424362005,0.012423312883435678,0.023540272328640643
2022-05-12,-0.000558135864533349,0.003973116758895223,-0.01569832030666074,-0.025519305367414757,-0.008883372935001965,0.012958112413862688,0.028815624060565703,-0.0367981111671859,0.009400179051029633,0.014023060143346866,-0.010396873526042683,-0.0029955371661206653,0.0061574741255077114,0.0060596879260717,0.059301014656144346
2022-05-13,0.03815734034399809,0.04108169907835513,-0.008988284902720078,0.0183922073308862,0.0013023190911296556,-0.009820356418376752,0.0438062162504429,0.010936035225256768,-0.013082039911308185,-0.023355869698832188,-0.002033442295548027,0.017526289701983,-0.0069010416666667185,0.03794609245595537,-0.006172839506172867
2022-05-16,0.024114699582424848,0.03357769170243774,0.0032076368680167278,0.00382724408313595,-0.003493830527148134,0.03823564404688451,0.016448581150992236,0.026258130705560045,0.005841383958661073,0.01887979861548139,-0.06056145229685028,0.01771656573613334,0.004195620820768298,-0.038734948498476696,0.06875133861640603
2022-05-17,-0.0202205672425555,-0.015761781702840816,0.002701226248104982,0.010246687251397546,-0.027690357632747298,0.04374058020343008,-0.020184474066846314,0.009380063419453188,-0.008934554389099847,-0.010809141445336623,0.006024822422826981,-0.004352075154700041,-0.006789398093745902,0.012979172955025708,0.024048096192384794
2022-05-18,-0.025194315082064933,-0.02500004581709292,-0.001649348485201374,-0.013562893015266475,-0.03453263450430766,0.007707144805409127,-0.05609257248428079,-0.009384853947475569,0.011945007888212844,-0.024039962535123305,-0.035213736821611885,0.005342429024396411,0.004863941106875158,-0.009088200238378974,-0.03659491193737774
2022-05-19,0.02685363659413098,0.023907316672444834,0.013932444747874362,0.0246292881991359,0.033777686723027944,-0.007170222203379706,0.029860828933607086,0.016950715417360707,0.002004454342984463,0.0022392834293025743,-0.012662994833228303,0.027294656504755377,0.002223966509680819,0.016689219666215616,-0.024578509039203777
2022-05-20,0.0045519647631473426,0.009090137071412485,0.0004888249174075376,-0.0009334212894834826,-0.013950441756548804,-0.027082262678514102,0.0013831475520205139,-0.010457579872725553,0.00844632140475654,-0.005745292052345974,0.01760343954944643,0.010815909324114248,0.00352434408040736,0.008725229222123598,-0.026447313619325286
2022-05-23,0.007729854230100974,-0.02596487109638701,0.0030943343562959136,0.015533685575748857,0.007943098868947951,0.08177659740149412,-0.010242367995514257,0.0024919906587539398,-0.010359268238924413,0.009630818619582593,-0.0056839130450767605,-0.01721329146672712,-0.004552549427679464,-0.010702243072863271,0.018181818181818077
2022-05-24,0.0012343448413736358,-0.004714881386747027,0.009524826886490922,-0.005060341975886007,0.003449376824016248,0.005946830914446366,0.003502167281866253,0.015651620829304713,0.01135857461024492,-0.018441971383147848,-0.004349427970818165,0.01088758841068782,0.006664053312426477,0.003556609365737984,-0.029621848739495804
2022-05-25,0.0041387920993976035,0.005101623440959102,-0.010239077589771606,-0.01121259066162028,0.022370292205550868,0.019895429757372574,0.005431639276891609,-0.009200884626629824,-0.00044043162299056693,0.0006478781988985549,-0.014977590320763068,-0.006789964540018123,0.0018172377985461452,-0.007088009450679222,-0.00562892400952586
2022-05-26,0.02955365064157034,0.0340795290894087,0.0007040712362205159,-0.0051437540853640495,0.026277656638397984,-0.007022598074260311,0.011926777615895112,0.003705369264779046,-0.001101564221194118,-0.009388151505341558,0.02027367601676766,0.00942951410866022,0.0,0.027067221891731164,-0.004354452427607236
2022-05-27,0.017291301132133174,0.008589739577440358,0.002002637633188975,0.01151581317487027,0.008795410538413817,-0.02031878715922708,0.03569404256067488,0.005423612473630657,0.0017644464049404451,0.01601307189542478,-0.011798273569898265,0.00957490768112157,-0.0009069707178025466,0.0033304373008977706,0.012464465340039421
2022-05-31,0.02855225675292128,-0.0034761582249043244,-0.004645436952099624,-0.0020910373446373365,0.02198401608635936,-0.06668955688950717,0.01608645621221161,-0.018540362947875644,-0.010568031704095149,-0.03055644901897714,-0.020736477720336488,-0.04048114849445905,-0.005317079496822696,-0.028286910088035744,-0.06047516198704106
2022-06-01,-0.05332135800742366,0.0051452339470337005,0.0032560916909909476,0.00814897480567911,0.01280894494255258,0.06764881650721755,-0.002156658606026096,0.010761707034373513,-0.00578549176680021,-0.029528865295288642,0.002438429746806303,-0.005062622101584147,-0.0066492829204694015,0.004158621713946209,-0.042528735632183956
2022-06-02,0.011350930298668294,0.013968424262639223,0.012278938628087266,0.051732097242185304,0.01571204481921673,-0.024264080048104875,0.029300493607739897,0.016907280146570614,0.0008952551477170445,-0.0013675213675213849,0.042632208488465606,0.005330704202522574,0.001968762304764393,0.023073509835823014,0.01632653061224487
2022-06-03,0.017940656401678856,0.017113031171366977,-0.011328456217598482,-0.016798405935648963,0.017084966167946414,0.004478504224996627,0.01462699656864741,-0.016356624659685126,-0.00402504472271914,-0.004450530640191741,0.005034332274361342,-0.016871535557907213,-0.0019648938957296247,-0.018215989590863124,-0.0172454523978266
2022-06-06,-0.0017540852182712507,-0.003112667098787214,-0.0035131338079882335,-0.008486902766113524,0.018643471131094325,0.09374631098779873,-0.013922272024365578,0.00840566561851075,-0.010552312528064656,0.021320495185694677,-0.008063482529245491,-0.001961235118752569,-0.004987531172069848,0.0008835223089382893,0.0509615384615385
2022-06-07,0.008869530078206012,0.007679355798391407,0.0045560691199906245,0.0,-0.00905937055436079,-0.0031108485318152024,-0.008418740599438812,0.0038507290981621978,0.009303380984796883,0.019528619528619506,0.0030791968528443014,0.025300878502934054,0.004221079013322804,0.017066352802707074,-0.019441903019213225
2022-06-08,0.024964768548138894,0.022611145343251815,0.002375694871801226,0.004279773403795817,-0.0014581244471471022,-0.06391906257706337,0.015441211129893162,-0.0038359578635974723,-0.007194244604316502,0.009907529722589237,0.01841846703134875,-0.004312380975777241,-0.002889793773807936,0.0067987848980182175,0.002799160251924393
2022-06-09,-0.004126898597458295,-0.004913589969061327,-0.0019929712749124917,-0.015588195785480319,0.020721742427918244,0.030348307631049565,0.012861467956845507,-0.012548633114300212,0.0006793478260869179,0.011118378024852937,-0.0037377041097543806,0.028633286144659875,-0.001580819391384547,0.016666666666666607,-0.003256571295650157
2022-06-10,-0.008612964664192924,-0.006913043803121521,0.012251700439144697,-0.02005008474207992,-0.008401958240771057,-0.012607376138054294,-0.024320569465939412,0.0053217973616512815,-0.010409594930979815,0.0003234152652005218,-0.022025895622899028,0.0037427043357090017,-0.009367990500065981,-0.013284341435839453,-0.0004667444574095736
2022-06-13,0.002130927811521799,0.002154654348021534,-0.023300427177752603,-0.019646666003684587,-0.019076215537768837,-0.027231657072092852,-0.032812525357902134,-0.030894904507663745,-0.022410244683283786,-0.005172971225347545,-0.016087061770057365,-0.03262642694212092,-0.012919552477357432,-0.021770266399312566,0.0002334812047630752
2022-06-14,-0.00899647096034717,-0.01653849330152035,-0.009990199989257653,-0.013043953723780088,0.025820608195022077,-0.16494366852324271,-0.010284205738707697,-0.014126918261363142,-0.009122807017543866,-0.0012999675008125156,-0.015469794037058837,-0.009877152597519312,-0.007151531507219033,-0.005270863836017603,-0.019374416433240005
2022-06-15,-0.021952596128672508,-0.03043809583194368,0.003363647965777483,0.0014417979081269294,0.034820181172073195,0.03213241652895715,-0.02493861488581328,0.022258291217578163,0.007790368271954673,0.0074845427920597896,-0.007792547519978932,0.015815085158150888,0.006251698831204022,-0.0027965852222548993,-0.0002380385622471337
2022-06-16,0.010969499611255706,0.01977277623424034,0.016652038489046506,-0.013317343794497893,0.0053442047033531725,0.005929939126789074,0.015818388499337477,0.021726948103220955,0.009369875849144949,0.018410852713178327,-0.01712375257382792,0.029221586124625665,0.005672609400324102,0.009298892988929941,0.026904761904761987
2022-06-17,-0.05583836865316638,-0.06828811148376057,-0.005027325101566338,-0.022981533344566207,-0.05064208152305838,-0.06966779770682474,-0.04115477812330259,-0.013444945251498419,0.008586679043861789,-0.004757373929590858,-0.033403137865984145,0.01954850746533654,0.002954606500134238,-0.004387247733255384,-0.040806862972408986
2022-06-21,0.013525448569202014,0.009948922887682787,-0.000977902195853031,0.006347305048076679,0.0042859089221005675,-0.019585207966998808,0.00039549952715423053,0.008390105977075235,-0.008973768982972863,-0.030274059910771145,-0.005691803275976515,-0.015521611996828333,-0.0029459025174075615,-0.012338425381903662,-0.05704616872129564
2022-06-22,-0.025381627766071335,-0.040307266362120675,-0.00021754644520344257,-0.022631777709686274,0.010600283778510189,0.007344258703486206,0.010436129741172806,-0.01595109527879035,0.010215927559786397,0.009530069010844633,-0.036936063554923404,0.0025504431593994514,0.0052377115229653715,-0.01680547293277812,0.0012817226352217492
2022-06-23,-0.015124349779137458,-0.018080852756353072,-0.004677967510731795,-0.048842172026775765,-0.015143254669531037,-0.09025954738153952,-0.017866002925992497,-0.01751763475578283,0.008273960009193226,-0.02766927083333337,-0.04174928424492319,-0.013182196507656951,0.006012024048096087,-0.03600060505218572,-0.04019457245263702
2022-06-24,0.027896407175748594,0.0321281884661726,0.0002732539002390233,0.00039906644713250117,0.005763069134405274,-0.0030453684696369887,0.03165497989720323,0.003993896701906419,-0.0077501709596534685,0.004686976899899609,0.030128503073560964,0.013827030062567136,-0.0026560424966799445,0.010983838066844553,-0.014403841024273167
2022-06-27,0.01741507729381775,0.018119279859469373,-0.00300497178237058,0.005053205705838559,-0.030415543128141098,0.045176872477104,-0.012252891119889808,0.002036426241309952,-0.005283712382265104,-0.007997334221926056,0.015340497416834742,0.023347216738362375,-0.004527296937416825,0.012261368927518168,-0.021380243572395097
2022-06-28,0.02511084465202562,0.019987245117330188,-0.001972872402410286,0.0013230685272023202,-0.007280948200571458,0.0076911538674531155,0.025513435339521884,-0.017108535608077236,-0.0011547344110854896,0.02049042660396383,0.017932740024555915,0.028009924451245505,-0.000936329588014928,0.02039251763262806,0.019081858407079544
2022-06-29,-0.014578752091568226,-0.01771656513141484,-0.002031600741859374,-0.0013213203298594323,-0.03874367248869626,-0.008090363660569144,-0.027470756448073952,-0.00620289522248485,0.013179190751445136,0.014154048716260803,0.00707452021276378,0.017798299263641848,0.0069621100548935555,0.006311044327573345,-0.006241519674355489
2022-06-30,-0.012472084560411711,-0.036618661757760296,-0.0056120776736588995,-0.017068031942663486,-0.03431014061304538,-0.16528167661165893,-0.046302546393970245,-0.018676199595717424,0.012323140118667197,-0.03440441415124962,-0.03677683505595464,0.014464554216070402,0.008642467756947214,0.0004479617739285846,-0.05106499180775537
2022-07-01,-0.027697938966968927,0.025245821813676406,-0.003209234034982633,-0.025710053478420924,0.010440705565350816,0.05641597432674872,0.010411493162792995,-0.03377376392154352,0.005184851217312936,0.014453781512605124,-0.060775060509837275,-0.02170670743124148,0.006195623517005089,-0.029253731343283573,-0.043165467625899234
2022-07-05,-0.07936935257857203,-0.08235728377794271,-0.02087148242350123,-0.05360597070224982,-0.0856330606774044,-0.036125698934672545,-0.09729376352895192,-0.0278103828595766,0.01300740076250273,-0.024519549370443983,-0.07856272569178846,-0.01500984170292996,0.005502423686623903,-0.03121156211562115,-0.045112781954887216
2022-07-06,-0.020239313706355788,-0.009748755986966118,-0.015533774043211102,-0.002043786738650244,-0.0530319825528649,-0.0023537090645685543,-0.02775610517002347,0.0017320511556269125,-0.009740978525570099,0.011209239130434812,-0.004957026351477212,0.021643150562600466,-0.0072964169381107835,0.003174099349309678,-0.0018897637795275424
2022-07-07,0.03932862239006374,0.042626658171838194,0.0018427590969622987,0.04798128588529216,0.07720047678124153,0.14283115603668883,0.05678798322009326,0.0019387297827031524,-0.00983679856919295,0.00369499496137049,0.048986995822710266,0.015996527883375133,-0.006562541015881385,0.006960923904445471,0.0407068475859893
2022-07-08,0.022646871310378458,0.02005254055561867,0.0014945667237034055,-0.013958668921459472,-0.0002721705955428533,-0.04176592255231537,0.007806110567141866,0.002353314344963664,-0.011289230074508882,0.04183400267737625,0.014247293841483044,0.017872327439328428,-0.005416831813978118,0.02450903377847613,0.06640388114008489
2022-07-11,0.0007475409602328842,-0.0066800703456525445,-0.006083967949940483,-0.026755397257862357,0.025919590186701758,0.06496523095269047,0.004380494508819721,-0.00521732052094992,0.013701758392327124,0.003854802441374927,0.017793029422170203,0.009406354635058234,0.006376195536663021,0.0065940806624751325,-0.0403753198748934
2022-07-12,-0.07105509541338029,-0.07925833692240081,-0.003984467597334507,-0.04101819125088779,-0.027998190648431343,-0.04092748313168182,-0.057073505877725306,-0.00881099661995044,0.00450551926109477,-0.062080000000000024,-0.05827326008911682,-0.008697415080840654,0.002375923970432847,-0.029402803168799507,-0.05007407407407405
2022-07-13,0.0008041193363399479,0.004799736346456029,0.006203589325698866,0.008797222555518847,0.0009009860527802172,0.08534804701801546,-0.009465172199105698,0.012646188597912555,0.007176496972415292,0.009894234049812267,-0.019540803874306234,0.026739058839699625,0.0022386094284960745,-0.0028253021503689135,-0.004054897067997554
2022-07-14,-0.004720309552512347,-0.005399836510715961,-0.017113195719893448,-0.03458126872379852,-0.004500940075113702,-0.013305460209511843,-0.01450352024434498,-0.050632241506328945,-0.005566688933422381,-0.060810810810810856,-0.006809497652323415,0.011800585540119535,-0.0035474970437524567,0.0136943176452069,-0.005010961478233655
2022-07-15,0.020787136424893493,0.018897448127604077,-0.001289760334863943,0.007475449124386246,0.013591244039453887,0.06303028717951764,0.008284200212951731,0.02085968941785299,0.0033587102552619097,-0.13057553956834533,0.004682317685057891,-0.13331990633502722,0.0011867088607595555,-0.08944099378881987,-0.022033364809568745
2022-07-18,0.0505139659546201,0.05133725099121933,0.003874134585889255,0.03509046859331777,-0.0117599210556677,0.06599206259126755,0.015903153918880975,0.013101144388592445,-0.005579111805400605,0.01323955316508063,0.05193073962710959,0.008120649651972123,-0.0014487027525352802,0.021316507503410742,0.0463469584808498
2022-07-19,0.010162810437287728,0.01578950068883911,0.00029236347460859236,-0.016875733931136394,-0.007851149059520002,-0.028747178761332814,0.013234009182507611,-0.006439268136813503,-0.004937163375224429,-0.025316455696202556,-0.020727869580330793,0.0011507479861909697,-0.004220522289633322,-0.01335782267490404,-0.0006151953245154829
2022-07-20,-0.004005592093971444,-0.018806362133138244,-0.006137838486993119,0.01154484804374345,-0.006203826451156469,0.10228524735140065,-0.00970520433716393,-0.0016604251313562246,-0.00045105999097883043,-0.007540846250523647,-0.030053330565433134,0.0034482758620688614,-0.0015894039735099286,-0.019123371128786593,0.008925823330255378
2022-07-21,-0.02861950627569798,-0.05779389339573926,0.007763835796542162,-0.008259472743696983,-0.0038842324109824578,-0.009366780261145013,-0.038438063468084205,0.002575263471781719,0.013312274368231014,-0.027859856479527267,-0.02382142819014943,-0.004811010546427519,0.009551605200318392,-0.02104899930986892,-0.016168395363026278
2022-07-22,-0.006354743483831582,-0.017125080975710527,0.008170888175858204,0.014082364303583894,-0.03751777198862327,0.04626823231804056,0.023273575393112367,-0.0054584036328116925,0.012246715653529305,-0.01997394702561872,0.029351557431570807,-0.006675860813145973,0.00827858081471744,0.01127952062037374,-0.05860465116279068
2022-07-25,0.01889539375291549,0.02111932486220769,-0.004804937310881607,0.0007466200419563584,0.01765246842502788,0.051572534178980556,0.04939802416188965,-0.015657706386729253,-0.004619445666520061,0.02791315906070002,-0.005139280087191667,0.037079953650057895,-0.001954906816108437,0.026838619728128288,0.01449275362318847
2022-07-26,-0.0071326675141836215,-0.017786904297724115,-0.0008143938304607801,0.009400137871534708,0.019137827245035544,0.030480094740169994,-0.00798342715924616,0.010549845824221471,0.005082872928176885,0.02931034482758621,0.006832192282614891,0.05564244446141764,0.001697571167406542,0.040563475899524803,0.043831168831168776
2022-07-27,0.021264379197856842,0.024005039994878352,0.0008150576083485461,0.01389509850158932,0.037222010746964074,-0.03402643776503622,0.021997045173036467,0.003570075538725126,0.004397537379067673,0.005443886097152406,0.012578652089749509,0.03492802754695967,0.00469299960891667,0.030011417387049377,-0.01679626749611196
2022-07-28,0.0048771021353501975,-0.008636684647699067,0.01814907433266244,0.013267181883442003,-0.008339359057885853,-0.06365838985265093,0.010440964493795057,0.06866815083403455,0.002845884413309907,0.024573094543939966,0.0761686173499514,0.0016363639200949187,0.004671078240560567,0.019319081551860684,0.03385004745333764
2022-07-29,0.026787406784877454,0.022816890887945362,0.007198751776515966,0.03136696661439986,-0.016710514393107556,0.01167940362407971,0.006782879721456414,0.0165935582081409,0.005893909626718985,0.00203252032520318,0.04191984036673002,0.011435522659472674,0.0012914890869171192,0.017244057790896328,-0.011321909424724552
2022-08-01,-0.09071905429630744,-0.047961906562586476,0.014067687568417364,-0.008928589247242602,-0.050955943573064766,0.006562146095162147,-0.1404776245660332,0.008235779176420266,0.00477430555555558,-0.015010141987829573,-0.03454803454669997,-0.016757496461796917,0.0018057526118921974,-0.02611484422724497,-0.00928505106778088
2022-08-02,0.005098491876978972,0.005644890645886136,0.0011187559739480601,-0.0077421599756426485,-0.0173256144857582,-0.06966076803999377,0.019545694958617243,-0.010678129904873823,-0.011879049676025932,-0.02594728171334426,-0.015551960689785704,0.0045174788645405695,-0.010171237285953372,-0.015681354869060637,-0.03186504217432051
2022-08-03,-0.03739807143417062,-0.03982201418928433,-0.007431372364459121,-0.015605002129498446,0.010176306606692886,0.07267064022722347,-0.04727320887915187,-0.011937317910103662,-0.0008743169398907069,0.00042283298097256505,-0.0018404159939264808,-0.01533115252013928,-0.0002601456815817249,-0.007169029791301629,-0.014198128428525303
2022-08-04,-0.027484976919465165,-0.02338410170909877,0.01716955617024407,0.003891043364212088,-0.022724611663896832,-0.017420766633719942,-0.04075957301116728,0.011779570217170798,0.005906803762852686,0.01817413355874886,0.01475106111651292,0.06643138714774754,0.005334374186833246,0.03658536585365857,0.02454991816693952
2022-08-05,0.008499738621101205,0.005308348947856256,-0.008688955133131171,0.020097597599139316,-0.03634783193904567,-0.007141050572920915,0.022230239208902658,-0.013931074863359205,-0.017181383210091328,0.01328352013283518,0.03861289198988671,-0.028421268749418527,-0.011259220913679258,-0.00015479876160995332,-0.008626198083067083
2022-08-08,0.018225910138076618,0.019660711807664155,0.00781598949399287,0.009710138567295523,-0.01144311338090287,-0.05890375706755557,0.010715727435042455,0.03900291640810627,0.009515379508740818,-0.0028676771814829527,0.008893434070859962,-0.0008014303578297577,0.004057591623036538,0.0029416318315529377,0.005156300354495658
2022-08-09,-0.003517888897230037,-0.002864721574600715,0.003933136410534832,0.0013936936277145762,0.0486615831635433,0.032151792173147786,0.025639290906687817,-0.006507326971922689,-0.0013152126260411734,0.011503697617091246,0.0070810045487510465,0.029877607808681317,-0.003128666405944447,0.045538746526705864,0.0022443090734209914
2022-08-10,0.011317661664584922,0.015801108344483783,0.0007724451283082079,0.017536524498844797,0.022946768608759882,0.0471083202572935,0.03719344241803246,0.01270897578232244,-0.0030728709394205467,0.009341998375304694,0.012483786579272627,0.0038940811819905274,0.002223094023800165,-0.0026576111029086302,0.023352527191298877
2022-08-11,0.022587237307770014,0.026215555582665973,-0.0035838342476660623,0.015045839894110902,0.02161098754285118,0.08193123126544988,0.00039082847560889533,-0.018920754443920607,-0.013650374284456146,0.012877263581488885,0.019983045789343956,0.008921716134424162,-0.005480167014613735,0.012287194670614454,0.013754298218193295
2022-08-12,-0.014558202514620922,-0.02384990552619215,0.004592767293260858,-0.009297906921977961,0.009701528540941862,-0.011945002414277095,-0.008302151588881479,0.01726851463467316,0.004241071428571441,0.016686531585220488,0.0,0.0,0.0014431907635790164,-0.02354489616847033,-0.005858772741288876
2022-08-15,-0.03107491598921297,-0.029101887092578438,-0.009584150049056772,-0.012785682329175652,-0.022030843954169765,-0.004562039627518777,-0.030958644630298626,-0.02060263065965373,0.006668148477439351,-0.020320437670965252,-0.04210085768937377,-0.1307189511809106,0.0036682824577491946,-0.10498726973191552,-0.006513647642679921
2022-08-16,-0.029022104947578176,-0.03221121535456328,-0.004671611438805123,0.002066666671046491,0.01159784455133539,0.06885893759934336,-0.017278138129954046,-0.009184678370019794,-0.0022079929344226423,-0.025129637016354178,-0.015955991653039847,-0.036046036865395314,-0.00261062524474609,-0.026606425702811243,-0.018420231033406176
2022-08-17,0.01418675806737868,0.0182595845758029,-0.0072637874250863765,-0.010587057171813408,0.03942298621697837,-0.009111376764614265,0.011652320346054124,-0.017642665443834304,-0.006417348971011316,0.00654664484451728,-0.0063383357752495595,0.010782317671120145,-0.00523491689569433,0.014440433212996373,-0.028944020356234113
2022-08-18,0.031393430476339024,0.027125177313500615,-0.0030956268087767302,0.013479727728372026,0.008929063979344232,-0.006058060028038659,0.03121483793101909,-0.013342827983206518,0.0008908685968820329,0.007723577235772439,-0.017059805123928684,0.019972736430015514,0.0006578081831338789,0.01372648703609558,-0.041598427775958124
2022-08-19,0.0013459456231650346,0.0029833883211758394,-0.004686047305004215,0.010146699506293988,0.013918975831579194,0.016108045449204633,-0.002841940713576019,-0.020053444599260173,-0.014018691588784993,0.010084711577248884,0.0247509709745648,-0.0015575916754781982,-0.006179332106231894,-0.004513540621865597,0.0297334244702665
2022-08-22,-0.0024813674600963065,-0.005949028380558663,-0.00822508355504692,-0.003529255127552755,0.020456707039008037,0.03684659879671148,-0.041855794958278514,-0.009707281341721385,-0.004062288422478022,0.01198083067092659,0.012812888035884873,0.02629816686415465,-0.0033073157825108668,0.025692695214105887,0.022900763358778553
2022-08-23,0.038764487288968974,0.03890052506094932,0.007320937187759391,0.009263021256050497,0.017398456965485032,-0.05030996384707476,0.014457671962035068,0.007365015891540816,-0.0029458418309540324,0.04183109707971577,0.011923800128713413,0.017372421281216077,-0.0007963897000266007,0.026031434184675906,0.015898767034393302
2022-08-24,0.009978048172218701,0.012267991808045275,0.00017036613470566841,-0.01187742227840638,0.04458723315367896,0.014902652704340547,-0.04510744443091441,-0.0061539384513857875,-0.007727272727272694,0.008712121212121282,-0.011783298433337364,-0.0017075513190367708,-0.0031880977683315104,-0.0038295835327908367,0.0156499520919835
2022-08-25,-0.018573452481128516,-0.02497631743941786,0.005620223908068489,0.01365932294465333,-0.01597223954973037,0.00482315934211397,0.004070405458012294,0.011431574386796761,0.010077874484654137,-0.012392039053698789,0.004653187588260277,-0.020739816022791624,0.004530916844349697,-0.005285920230658325,-0.031761006289308225
2022-08-26,0.016609639487670913,0.005836585982710529,-0.012193731109991557,0.000269485923794166,0.014813454412370808,-0.008426717122395844,0.013939784661073595,-0.01941291867155681,-0.0009070294784579991,0.017110266159695797,0.025039853070375928,0.04388647620854935,-0.00172459538339087,0.03397745571658617,0.019486846378694356
2022-08-29,0.040598064767283004,0.042445784238815065,-5.7205196854925866e-05,-0.022901802441922747,-0.024378651743949042,0.0061316870823699965,0.009223846473586539,-0.009871903319203956,-0.008170676350431227,0.02242990654205612,0.002259300519611207,0.0006274582496110792,-0.0046511627906976605,-0.043918392773711235,0.04491876393755967
2022-08-30,-0.05500046608349607,-0.05535514512246864,-0.007658400135849175,-0.022473408915060333,-0.02373459759798413,-0.033251350443866956,-0.06366412475582106,-0.0213419510608579,0.0016018306636156332,-0.005850091407678226,-0.0026768446382116062,-0.03344481648020681,-0.0002670226969292422,-0.014171689200195514,-0.026524390243902407
2022-08-31,-0.028395929555434685,-0.022806594847344708,-0.005817023194272686,-0.0074753134212237615,-0.026643280563654947,0.009400579503237028,-0.032845910228647024,-0.021862506625145217,-0.002741603838245399,-0.008826774549466676,0.02754622013028496,-0.0075692042521599,-0.0010683760683760646,-0.0036351619299405113,0.013466958972752963
2022-09-01,-0.04280233542184286,-0.03283084691473426,-0.009790234516156127,-0.029558075572826303,-0.04150295469244847,0.01479130393622885,-0.08465410184889444,-0.011879210983459343,-0.016723940435280693,-0.023005565862708743,-0.05801486588721816,-0.015035942445536077,-0.007620320855614926,-0.02305140961857377,-0.04140914709517929
2022-09-02,0.007145907626172843,0.0030019874656297407,0.007780919895796323,0.0020500716023816867,0.004717557461443311,-0.05139276914708135,0.032826060381983435,0.012819694974200102,0.007688723205964587,0.01633118116217247,0.04349100266973149,-0.017477862602841565,0.005792806143068763,0.02563232048888131,0.022566086395873652
2022-09-06,-0.0020425157908869895,0.00011505130102373862,-0.005630994606612316,0.01388283909529564,-0.0011738349940895176,-0.07295695147256709,-0.019361880917096674,0.0010689135955788132,-0.015953757225433574,0.017563527653213784,-0.03552448832905375,-0.02386851150153968,-0.008974015537101532,-0.013571665011585576,0.008827238335435084
2022-09-07,-0.052030612256638964,-0.056859978915542286,0.008698712243383477,-0.008936332206898934,0.0034136992544966382,-0.037200789822603664,-0.04478665242806712,0.019218828462421955,0.008928571428571397,-0.005875872199779697,-0.017836365195312398,0.005997707274545849,0.004865522367887509,-0.015604026845637553,0.03312500000000007
2022-09-08,0.013068199157714844,0.019526463588589893,-0.004398713648263164,0.02850495946017273,-0.012799740226134615,0.009308843936828959,0.016640020166966307,0.010641274891784125,-0.0027945971122496083,-0.003324713705208704,0.01668385054497845,-0.019032373754603316,-0.0017484868863483216,0.0025566729163115642,-0.019358741681790637
2022-09-09,0.04139085528720465,0.03890351884585552,0.004883167452911508,0.012726265872180731,0.010903637437285507,0.010233714670523364,0.037082771313798,0.01789421842357264,-0.002568893040635234,0.0355819125277983,0.02018587536055705,0.030621801022246098,-0.0020210185933710045,0.012750765045902668,0.052745219000616794
2022-09-12,0.01249465432858865,0.011406819372350219,0.006942034114013174,0.012426660988829275,0.006818117013573932,0.031640793956548174,0.004808645351112029,0.05879505622783343,-0.004682744088035595,0.019685039370078705,0.023772215928047125,0.07257881706279412,-0.0012150668286755595,0.04062447540708414,-0.01406387342513915
2022-09-13,-0.008829806713347765,-0.005354308808830588,-0.013328709351535628,-0.012274134480706134,-0.017151897532221128,0.0042430358591503126,0.014561594751982376,-0.01847632430392876,-0.003528581510232831,-0.0045630045630045135,0.0005561862701022324,-0.02283778374362344,-0.005812381724790483,-0.010001613163413414,0.0017830609212481363
2022-09-14,0.009981757255049128,0.013400593643982717,-0.004832915284810668,-0.009913445602449,-0.0458588666792924,0.1001931294008429,0.017779312296415606,0.004177477271171348,0.00047214353163371747,0.0,-0.047943260035235635,-0.0017312666089159823,0.00027192386131891233,-0.019879419912009144,0.013052506674577247
2022-09-15,-0.03464401901267855,-0.03820077706346103,-0.018606241420669578,-0.00620506956368827,-0.051407289826641445,-0.08667982599054358,-0.0379480796183036,-0.015202168564513285,-0.004247286455875465,-0.04442877291960512,-0.0251058410023538,-0.05809665836149247,-0.0040777490825064655,-0.03474646716541974,-0.010248901903367469
2022-09-16,0.005614290585541859,0.00011753391785918055,0.003696387641678456,0.010642867437644865,-0.010202190889140206,-0.06727539590256892,-0.005352662578069878,0.0063103152402284035,-0.0018957345971564177,-0.00036900369003689537,0.027998244062717115,-0.011277316217455424,0.002320185614849146,-0.0020668274199104886,0.017455621301775137
2022-09-19,0.007115506696620866,0.007284722619384176,-0.0031482321521384415,-0.0009829326180642584,0.04359343893091072,-0.0015456058755378699,0.020035569837882905,-0.0011918952310451258,-0.0018993352326686086,0.0014765596160946082,-0.009612636570155098,0.020018635896954295,-0.003404139433551223,0.008802209181912213,-0.03402151788310559
2022-09-20,-0.01499997014584753,-0.014930670227109921,-0.004230708969440555,-0.002670355190414475,0.018545347129176326,-0.0045149442810357154,-0.006614976569357611,-0.008872590046338336,-0.008325404376783974,0.020272760781422816,0.008676416733685688,0.028753937094790682,-0.004508812679327789,0.011976047904191711,0.07615894039735105
2022-09-21,-0.008717732195799743,-0.017880338204883328,0.0027526633074868023,-0.010146564927969393,-0.011387205571933068,0.00803418397819744,0.015810158104503147,0.01617631802218855,-0.00047973135044376836,-0.009393063583814976,-0.011080252914609012,0.0086513409930562,-0.0019214932747735336,-0.011834319526627168,0.01118881118881121
2022-09-22,0.007013216526509991,0.006631244347404364,0.0032225485298165157,-0.003843956401443638,0.023306706421689638,-0.08870029536443047,0.011743445310959055,0.0070579075035615,-0.015358771298296103,0.0040116703136396925,0.02358835958911265,-0.019353459587197253,-0.007700770077007646,-0.0029084687767322315,0.007745504840940498
2022-09-23,-0.04764534161192091,-0.0568930425384675,-0.015168639801515726,-0.03630129755993905,-0.051121234747570576,-0.036817625633537854,-0.05274881721852709,-0.03616741969923842,0.0043870338776506035,-0.016709044678532514,-0.03499928409181685,-0.013455932007464644,-0.0011086474501108556,-0.02144818119423475,-0.033214383749656906
2022-09-26,-0.024260057228871146,-0.025781036758586673,-0.013409006704060977,-0.017203051305217043,-0.03336313534988822,0.010984154732119888,0.0005036505157665072,-0.02308791864030668,-0.017714147051686502,-0.015515330624307322,-0.013283572979827407,-0.016594653089916922,-0.011237513873473937,-0.010170085919691374,-0.02555366269165249
2022-09-27,0.02629073457838471,0.023334649157747966,0.0017141708803494193,0.0028670671225845545,0.0418011585598943,-0.03650584666055112,0.0456756259462443,-0.008095195411005895,-0.01333992094861658,0.0018761726078799779,-0.006806790865037882,-0.015025427434794403,-0.004209344745334631,-0.002302922940655483,0.01573426573426584
2022-09-28,0.035354157533781905,0.046496834724572,0.020657651776555097,0.0177550454623987,0.05813057137666511,0.032626673715626,0.03401388127689686,0.029522898526378016,0.023034551827741723,0.004494382022471877,-0.002132302942952191,-0.010091570638237068,0.017753980555164084,0.0005326704545454142,0.03643144004589782
2022-09-29,-0.009292452237914417,-0.01119900367446125,-0.0008383379724925533,0.017149641709462538,-0.010088726493368227,0.0008736228792967093,-0.027270206620192083,-0.009842491519371221,-0.004894762604013669,-0.001491424310216205,0.029914633917714095,-0.03010901388571552,-0.003599612349439285,0.0014196983141081532,-0.0077497924162746035
2022-09-30,-0.005989363680546256,-0.021420724132169333,0.002037651003122365,0.0005813532000693566,-0.01335440134563437,-0.015711416545555523,-0.013957602834172689,0.018752298226476283,-0.005164781111657635,0.011949215832711024,-0.031564978910061714,-0.014421886600978207,-0.0034736695845490884,-0.03260676944887475,0.028172942817294322
2022-10-03,0.010231941055554028,0.052082016617280624,0.017942583732057482,0.004648469736424854,2.972270836143487e-05,-0.04374815442307711,0.016298686046139377,0.0822257431718727,0.015080346106304043,0.004797047970479751,0.023412376664442736,0.005952365634483314,0.010178471834913605,0.006777798131526014,-0.010309278350515427
2022-10-04,0.033085780117176444,0.034556970997991154,0.01674500587544059,0.017351053712921338,0.04947905425153021,0.056723356243873146,0.06769070235895769,0.025244971934486937,0.002679006332196865,0.0033051781123760726,0.026166269017162236,-0.006410271361909303,0.0026224982746720915,0.006914119359534121,-0.009868421052631526
2022-10-05,0.01710239262126212,0.014332010416963303,-0.005605288166353639,0.004121700286420893,0.04273429524309158,0.013602447945450402,-0.0054044504918460134,-0.026524720595692552,-0.014573718727228568,0.0014641288433381305,0.005682637407201874,-0.001240694789081842,-0.008535242290748868,-0.00993856161908202,-0.001107419712070845
2022-10-06,0.011245532735102204,0.007862292561714224,0.0,-0.01627745888519727,0.04827910074114827,0.006060648596258211,0.0048342193433101865,0.005664301053917464,-0.003943800838057676,-0.012426900584795342,0.009417582693322268,-0.012670822617430133,-0.005276312135517935,-0.008578207702135465,-0.0254988913525499
2022-10-07,0.03706841842696784,0.04737142550562323,-0.0066829379786638166,-0.017985612004386087,0.03979404543925247,-0.03212851021082608,0.01984038385977205,-0.019567851001013103,-0.005939123979213035,0.011472982975573753,0.005884938608942347,0.018872672660265932,-0.004048017867113396,0.006627393225331346,0.0014220705346985607
2022-10-10,-0.017667440358344666,-0.016299677743728425,-0.019949743568795086,0.012014689798730771,-0.02587903759273602,-0.04638414277640479,-0.040883475690477455,-0.03149760783222055,-0.010953447846651754,0.021953896816685026,-0.007705492314756923,0.01432457001229226,-0.0042046250875963365,0.00512070226773953,0.0656063618290259
2022-10-11,-0.01975258839437377,-0.019532523131181256,0.006447020739565934,0.007094221212812224,0.004112685437178687,0.025019464366999866,0.0017156901289459014,-0.006596426247364673,0.004027183488547692,-0.007518796992481258,-0.00805288396924242,-0.0007305047519590158,0.0011259676284307574,0.0016375545851528006,-0.039445628997867854
2022-10-12,-0.019514306389004976,-0.0232792598385676,-0.005041518386714072,-0.009631959990646921,0.000508826060822587,-0.02440877001535846,0.0011418646341845307,-0.028259627584461322,0.004011030333416876,0.0,0.002754346227392901,0.027777763318777682,0.003092928440882936,0.014350590372388838,-0.02081021087680357
2022-10-13,0.022931344689701927,0.021084038479006306,-0.00029806259314457684,0.0066773122691607956,0.041192010431540194,0.047552484136364814,0.02779144978036263,-0.001059458496072141,-0.004744069912609228,0.0068542568542568905,0.012144050737625811,-0.007823584372858017,-0.0042046250875963365,-0.00017908309455583193,0.01133465570983283
2022-10-14,-0.031088108817739157,-0.0392772974528901,-0.01675609754677254,-0.004902656117071302,-0.027986701008382298,-0.0427236462415882,-0.026818078432960024,-0.04470253583914996,-0.0067737079779227605,-0.011465424579003902,-0.006284851135271552,0.0,-0.003800140745953584,-0.008597528210639416,-0.03642476884281309
2022-10-17,-0.00010907461677966968,-0.0017521495714224455,0.009157605289807247,0.0014490294176947582,0.026380528434808648,-0.0703548723623767,-0.014367644742620533,0.0365806505165458,-0.002778479413993451,-0.009061254077564307,-0.039241100602400825,-0.017921146953404965,0.0009889799378355324,0.0010840108401084514,0.0014539110206455153
2022-10-18,-0.017354332237721648,-0.03089163840311937,-0.004927855271559478,-0.014180230928289683,-0.022446842844611847,-0.042340420712012716,-0.016389656361337823,-0.005515724646429576,0.001519756838905817,-0.003657644476956823,0.0284261165466555,-0.02238445792465027,0.0018348623853210455,-0.009565060458400998,-0.013356562137049943
2022-10-19,0.026435687160753396,0.03296309305714962,-0.013045112344052145,-0.013503596785447103,-0.022336301480965326,-0.04926022593698709,0.039833737022798354,-0.012654068914745187,-0.013404147698533153,-0.004038179148311283,0.02764040711267368,-0.0002488192856516802,-0.008171315863623518,0.00036443148688047877,-0.009711595055915234
2022-10-20,-0.0003247095282142842,0.005026303797039278,0.0015910523399449428,0.02693047918763014,-0.037778869224327716,-0.019040661586689156,-0.0016590056950954724,0.017997377603737208,-0.012048192771084376,0.008477699963140406,-0.003114400093488179,0.028877209941330584,-0.005823863636363669,0.013843351548269656,0.009509658246656727
2022-10-21,0.012123866420017615,-0.010816472073338024,0.011913489380673603,0.020863525708549213,0.02009689435806372,-0.07446803019434811,0.005362932366668627,0.02019709064452968,-0.01089776855215363,0.0003654970760234022,0.01533657851656911,0.01112994492954078,0.004000571510215822,0.002874595759971177,0.0017662643508977727
2022-10-24,-0.0025668220724014423,-0.0055261752361972505,-0.00132830596952771,-0.012347416000762834,0.022910530787588756,0.0483968069699956,0.025619877123969736,0.006879195706417152,-0.006820566631689395,-0.004018998903909443,0.005174863588559786,-0.022014792591100174,-0.0005692329585883504,-0.016839842350412026,-0.014105201292976766
2022-10-25,0.00278784581686109,0.008749087819218238,0.00235779243795764,-0.008334543298752384,0.012015016824806546,0.07963070662609217,0.06805356148115727,0.008605450994350061,0.014791336502905539,0.006969919295671367,0.005704689259029561,0.016882783680929103,0.007546632493236505,0.007288629737609353,-0.004769001490313007
2022-10-26,0.02320365564834237,0.03035635228022948,0.006755097208609673,0.05187651071560406,0.038541031198806364,-0.0012470995166724563,-0.0056926934841246,0.0072909062109991485,0.011712649661634655,-0.0018214936247723523,0.015771989608485804,-0.01660248747630133,0.004804974561899433,-0.00018089725036174453,0.006888289907157841
2022-10-27,0.01327198882499836,0.013309044707156659,-0.002156707219773235,-0.0011020660141286553,0.05189193280555382,-0.07491974318499661,0.03869766914056583,-0.00010261300894043313,0.007203498842294875,-0.004014598540145964,-0.015254632867332751,0.016393397331388337,0.00534458509142044,0.00036185996019533206,-0.002379535990481907
2022-10-28,-0.012273127605637701,-0.013246523135616028,-0.012487948524672277,-0.04399390021957128,0.04981654988801121,0.09602779741867984,-0.0348651940701572,-0.016993596408646172,-0.008939974457215838,-0.0021986075485526113,-0.007053971157724215,0.02407318282843285,-0.00615556799104644,0.003979019714233978,-0.011031604054859923
2022-10-31,-0.009815128380082028,-0.015585924036402687,-0.002492763578874624,-0.015147146082898355,-0.07888260507490241,0.11805066889749938,-0.03299389623501081,-0.0011489716335300049,-0.006185567010309256,0.015791406536907804,0.01977988787904006,0.006346996346427547,-0.003659909909909942,0.013871374527112179,0.06391317455532097
2022-11-01,-0.0018981366835409963,0.02126434754700801,0.005485463684917979,0.02812361334297475,-0.13596123042628283,-0.10086542755035288,-0.07692029726192284,0.028653612323835675,0.004408713692946042,0.009038322487346262,0.0021855438343163502,-0.0077085219890160595,-0.00014128284826220305,0.02043354655294949,0.022952677812411393
2022-11-02,0.015953535255016416,0.0184451420477183,0.00018188084924886105,-0.001139748816399,0.015547807037585182,0.0969548265657203,0.03958373192287312,-0.003710667055252692,-0.0025819777949909195,-0.014690075241848843,0.030530159191985096,-0.0007061859736091636,0.0004239084357777756,0.002960125370015776,-0.06260387811634349
2022-11-03,-0.015495064854611496,-0.020333353678385402,-0.011575742779356024,-0.013978041278685294,0.051095834618656744,-0.04674540768473123,-0.0012234730387327142,-0.008367324199144655,-0.0033652601604969856,-0.01200000000000001,-0.0042322403417678345,-0.024028297307494118,-0.005367231638418124,-0.009201388888888884,-0.006501182033096908
2022-11-04,0.04119574945928561,0.05035729311118531,0.02802130755273846,0.07464194792907963,0.012806247722785713,0.07112974017043072,0.015182445652885734,0.06966454178590875,-0.0072727272727273196,0.0025763709974235827,0.024970078769520176,0.01472364538558435,0.00014200511218409595,0.017347117574908033,0.008625817965496774
2022-11-07,-0.006594313968665277,-0.008854332031313694,0.0023261508236032125,-0.02288330576976183,-0.0341524206569106,0.08499994747340756,-0.029874244404142325,0.005194795424712018,-0.007587650444793259,-0.00770925110132159,-0.01088501176391965,-0.003330147280708795,-0.0036916086894789313,-0.007922838442990021,-0.0023591860808021003
2022-11-08,-0.02614376640588656,-0.03137593664552174,0.021124665278191124,0.02093951702484076,-0.0027505373419131063,-0.11607139730253269,-0.00618148532500451,0.027705930988810357,0.011863959926179835,-0.01220865704772478,-0.01703135098352515,0.0007159613197345038,0.005842952828844172,0.002777777777777768,-0.021282885013301778
2022-11-09,-0.028418614378432405,-0.034641791746627515,-0.0013403547949446537,0.009715291983466878,-0.030339170616704103,-0.04447706741885438,-0.03492999127145824,-0.008334448625073931,-0.002344971339239166,-0.004494382022471877,0.006797309669838381,-0.004054332790232484,0.00042504958911870894,0.010907202216066558,-0.0256720024161885
2022-11-10,0.011009137898195354,0.0074565929860772595,0.02334130894538844,0.014566378308579653,-0.023767194756995402,0.06376813078851074,0.008527825713639414,0.017795084238394043,0.03734656568294592,-0.0169300225733634,0.007280850088661195,-0.032327585734406306,0.01982721994051828,-0.020037677684535016,-0.0037197768133911957
2022-11-11,0.024767799083755815,0.028796089147890003,0.00895254244130883,0.04083244763804195,-0.0039502646056090995,-0.057701501154337254,0.016872599950835454,-0.0014300935214115462,-0.0025176233635447742,0.0072713356295446285,0.011565316403810755,0.008166265140128193,-0.0018053048187751664,0.01747640685075158,0.012756689483509609
2022-11-14,-0.02969057753460791,-0.03473467142188813,0.004238724933036897,-0.02429763521474415,-0.0031783779100454934,0.009185218421664976,-0.031077554009627417,0.020604229298447185,-0.0012619888944976898,-0.0011398176291793627,-0.008964563212461751,-0.0034364111866925784,-0.0016694490818029983,-0.009446925455170008,0.005837173579108956
2022-11-15,0.007730311632180964,0.012227732488398813,-5.6264046690235325e-05,-0.004020770061701873,0.02745486882167736,0.01702339974038769,-0.004904152622585478,-0.026842229315255595,0.007076067728076785,0.014454165081780213,0.009176777514929624,0.009605896296759564,0.0039018952062430667,0.010750823651812125,0.011912034208918731
2022-11-16,-0.0106541657095377,-0.015301447987488226,-0.0005628095297833813,-0.01341316428248085,-0.0076071588824491165,0.027510754321781405,-0.0032192810430266006,0.0002325299148271398,0.015056461731492998,-0.0022497187851518996,-0.03767214080821035,-0.00805071442328964,0.005691282620766236,-0.019214273460284814,-0.012979172955025708
2022-11-17,-0.03316822970935174,-0.04615021751664128,-0.007208046219264297,-0.026003170690074517,-0.024573819204215308,0.027258089350364667,-0.021251956163681363,-0.025530124338661198,-0.004449938195302816,0.0033821871476888976,-0.026322955310987384,-0.0022134625749494763,-0.005106970324361582,-0.008570928808815825,-0.01314984709480127
2022-11-18,-0.024058766563638367,-0.019108250493097723,-0.004878034932465969,-0.015584800791734521,-0.001900828073002514,-0.010362691973001548,-0.013810250784837774,0.001002143093472796,-0.0032282095852992354,0.0003745318352059712,0.008456961508100713,0.011584869480000703,-0.002913429522752531,0.007939308398023925,-0.004338394793926281
2022-11-21,-0.0019402624173791017,-0.004370610216262061,-0.008435960226954475,-0.016657463394345373,-0.005912314470993163,0.07504363820322801,0.006733296098486052,-0.006054486192954456,0.00024912805181864783,-0.012354923249719207,0.0035744039574678865,0.0024366472097274716,0.00013914011409488225,0.0059513390512866415,-0.004979769685652058
2022-11-22,0.010405988494750495,0.015301562021099446,0.00017248150858595324,0.012039754186210283,-0.007434313201700515,0.0004427069882118051,0.04242747314648154,0.008873301246258292,0.009215442092154413,-0.004169825625473855,0.01150679914918662,-0.006805998625447951,0.002643294379521377,-0.00487210718635811,-0.009696590553644024
2022-11-23,-0.033386112809698054,-0.03718338011501676,0.0032760222379988324,0.000829996110897957,-0.032264567225930074,0.07803515230407165,-0.026018454659035184,0.015356087673834562,0.007897334649555665,0.00989722116482672,0.014490890808315005,0.0026921343296233413,0.0030525877618980957,0.004371393600279827,0.0025268477574225123
2022-11-25,-0.020840725118491887,-0.021298481012460013,0.004812113045111088,0.0024878574589752844,-0.03578124085117562,-0.03886151019180695,-0.05908500608861533,0.003183915577608998,-0.0002448579823701724,0.0071617037316245025,-0.0052063409421543305,-0.0021967888387752765,0.000691658597316458,0.00017409470752083323,-0.022684310018903586
2022-11-28,-0.0052612080170041375,0.012585200574664945,-0.0078106905198831456,-0.004411910791673912,-0.007316846965611856,-0.04441917243772675,0.001030805477298502,-0.024037311924735127,-0.0014695077149154967,0.001122754491017952,0.02079982718171558,0.011741728116141159,-0.0009676527508984956,0.014621409921671047,-0.024177949709864643
2022-11-29,-0.0019233520544980065,0.012428781862032556,0.004654355776977592,0.005400918609822503,0.025035804681246665,0.07792018007280999,0.0006435644324003231,0.014060288271438681,-0.0053961246014225805,-0.004485981308411269,0.006178535856298906,-0.0123307689271146,-0.001798810017988095,0.0015440041173442332,0.0013214403700032573
2022-11-30,0.028905233784940476,0.030051230117962957,-0.0013726975409227293,0.027410451166753447,0.02032825938239191,-0.04215622661331275,0.03704816912190467,0.016317617257097128,0.002466091245376001,-0.005632745024408581,-0.017115201762794796,0.022521449711214725,0.004435819240365957,0.006851661527920605,0.01814582645991414
2022-12-01,0.016972924535437972,0.008317791974691735,0.03963341991516334,0.02265714833483856,-0.029884952348542493,-0.027705615731305477,-0.03163115181067999,0.050440832096138255,0.019926199261992572,-0.01812688821752262,-0.09078826965684561,0.0076609566577341415,0.00952249516974879,-0.027050017012589356,-0.016526247569669472
2022-12-02,-0.015078241252386881,-0.015267149041281347,-0.0030850461307704302,0.00891456719431516,-0.028782481554240125,-0.06782424821009148,-0.026302292768241253,0.0177144052643734,0.0021707670043416005,-0.023076923076923106,-0.011842180846762362,0.008553115124066757,0.0005468215994530734,0.006119951040391758,-0.028336079077429965
2022-12-05,-0.03377351174424792,-0.03813457018932975,-0.015638774944528366,-0.015202715889941376,-0.053242853913706645,-0.11208405998931692,-0.03442379894969949,-0.03641812214664564,-0.0074608904933815,-0.009842519685039353,-0.0397987122023814,0.0176678445229681,-0.0066949036753655156,-0.0005213764337852478,-0.029501525940996975
2022-12-06,-0.04027578397149845,-0.03483686851091139,0.0006175128028886867,0.005805534872059592,-0.028101887502957612,-0.01936529957676325,-0.02397926335491618,-0.0034235873535023442,0.012366634335596594,-0.0051689860834990276,-0.01587060970381371,0.039814843071831696,0.0044016506189821225,0.011997913406364136,-0.013976240391334716
2022-12-07,-0.027473224286031384,-0.03016832139756942,0.008752230347991441,0.011543987804778943,-0.046304233890472,0.04644362649446476,-0.0334559244036402,0.026533468094133372,0.011497005988023945,0.003597122302158251,-0.011272857649077372,0.028940337592886056,0.006710490276636616,0.011683848797250818,0.030474840538625037
2022-12-08,-0.013217528408298818,-0.007637870232489408,0.0019466073414904361,0.006484268053103648,0.03571305463725638,0.04176128630550857,-0.013527832948135532,0.015543842144427611,-0.007103954534690926,0.006770211071286392,0.005542335164911538,0.01536126222073153,-0.005849544279689867,0.009680706521739024,-0.003782668500687758
2022-12-09,-0.0006566388805759882,-0.006157325035592631,0.005106828294129784,-0.001159683182541782,-0.02989794396890344,0.0474672924254711,0.0034161191490234,0.02046568649747993,-0.008347245409014992,0.004351265822784889,-0.020472428930087383,0.005114051729149471,-0.003147235905856638,-0.001682085786375076,-0.01587849499482219
2022-12-12,0.024835734921744512,0.030273185405575553,-0.01016176221346976,-0.01999480596873171,0.06256932397660386,0.054763813274077755,0.012110402847525847,-0.0133843440025454,-0.0016835016835017313,0.01024025206774315,0.03520898070493028,-0.049607852042607425,-0.0020590253946465298,-0.01566975568660489,0.02841108383023494
2022-12-13,0.03449163373622688,0.030340320845399837,0.018523656903085106,0.010793705071734605,0.04167092677083728,0.0528313428319509,0.0383950133971529,0.02502158910074259,0.01180438448566612,0.003898635477582957,0.029818266611972843,0.003792130834980867,0.008253094910591452,0.013180417665183075,-0.005798090040927684
2022-12-14,0.025037142233833354,0.025069629990048137,-0.0037250335952478952,0.00924600860778324,0.059698555710199,-0.07281905098884756,0.0386412624212884,0.006092119944105745,-0.0007142857142856673,-0.00737864077669903,0.0,0.01333333333333342,-0.0006821282401091588,0.0016894745734077343,-0.0006861063464836947
2022-12-15,-0.018016903491569036,-0.015139728098167993,-0.01699010456553851,-0.028903222853137622,0.0020142033972174733,0.08398133378994999,-0.03457494272175354,-0.03416014847147664,0.007386228258279726,0.022691705790297334,-0.03755086646729677,-0.001535114489103595,0.0021843003412969075,-0.005903187721369552,0.03982148987298317
2022-12-16,-0.026720824940388632,-0.02391275364904788,0.0069358440569895485,-0.0003986525897275994,-0.04979596383217666,-0.05308463367240768,-0.0159221532758127,0.0009944141108830795,-0.006859035004730396,-0.0007651109410864443,-0.007207757547356475,0.016911953466892227,-0.00027244244653312766,0.004411265693926136,-0.0049521294156487095
2022-12-19,0.0096154115312157,0.012114706081404858,-0.0013887346227137165,0.00571583445491175,-0.021282749885773167,-0.1134848611063648,0.021244669600785526,-0.005269739773901216,-0.010478685401286048,-0.00880551301684529,0.01657201770269978,-0.030021585089599068,-0.005450333832947241,-0.013006756756756777,-0.006635700066357053
2022-12-20,0.002380887277516619,0.011969595255509224,0.015408618787651651,0.003832911116696369,0.0017685216728231534,-0.08972818895758883,0.020756847636769882,0.04624606214367133,-0.012274368231046884,0.007338740826573931,0.02546187387679355,0.007348002111155827,-0.005206192629127249,0.012151292144446435,0.002672010688042681
2022-12-21,0.027628442849023438,0.028913190741490125,0.0,0.002238340860287069,0.026349269915713736,0.0011264673082749255,0.014846136461706516,-0.0024487430727597737,-0.0007309941520468044,0.015720858895705625,0.003936328460608873,0.00795757328047042,0.0009640545379423493,0.001690902942171224,0.022984676882078725
2022-12-22,-0.014841771734818598,-0.010218457560384864,-0.01648952294475803,-0.014319522616595637,-0.0025799632549077245,-0.06245306078135837,-0.0031030984374482706,-0.02325774989838314,0.002194586686174116,-0.002642506606266526,-0.00769106508238504,-0.00877192982456143,-0.00013758943313157967,-0.008946657663740698,-0.007163790296320416
2022-12-23,0.03630519498811546,0.026713121072262203,0.004957334206925124,0.01372786445647578,0.043015844929406466,0.016003185146260535,0.0599430607079976,0.012267852652523503,-0.009975669099756668,0.008705526116578266,0.0019756420575802736,0.007300857949045891,-0.004128250997660676,0.007664793050587537,0.018038701213512587
2022-12-27,0.004885649083117949,-0.0003770585748796851,0.010475570848888616,0.00801996722700582,0.026820977506705646,0.03996851128509915,-0.009817112064434252,0.011614247486592122,-0.014499877119685478,0.01275797373358345,0.02608829383803446,-0.0076872393890585755,-0.006632582561834965,0.0021974306964165358,-0.0019329896907216426
2022-12-28,-0.012688244653045744,-0.007167103024935506,-0.004004128602692947,-0.00039125898446557006,0.00718611258842583,-0.10848162574566744,0.0011440091900556393,-0.0156822293826252,-0.0032418952618453734,0.011856243052982496,-0.027346613930428254,0.0320938477020154,-0.0012519126443176765,0.0163602631135098,0.01420271142672691
2022-12-29,-0.012010568992825599,-0.007092167744260691,0.005617331698199779,-0.002870542258541886,-0.01918409149942968,-0.03185391629720813,0.003300970736639597,0.017537886417844817,0.00475356517388037,-0.004760161113145367,0.009118517420875216,-0.004717953564326249,0.0022284122562674646,0.0014935280451378041,-0.014640356460852932
2022-12-30,0.044371522381365214,0.02372449711927116,0.00010950228470707479,-0.004056547569278646,0.014850606254626975,-0.01842511742598718,0.03745737388966952,-0.00897082860747389,-0.0012450199203187795,-0.0014716703458425018,-0.03900602549803345,0.031027782174328333,-0.001250694830461363,0.006959403479701809,0.023255813953488413
2023-01-03,-0.04434879554857574,-0.04149017869950289,0.010896958135002022,-0.0103797129880141,-0.08199990795689915,-0.10882681540434458,-0.03996746378960381,0.00825582547863557,0.00698080279232105,-0.01179071481208549,-0.01018651483920796,-0.0035527945810475137,0.0030610825100876315,-0.02106302451867703,-0.02083333333333337
2023-01-04,-0.05188796851894306,-0.05316526648980113,0.006987717125107595,-0.007036640047901499,-0.03712941706829875,0.046138420042848294,-0.04319837117667724,-0.011097726347517378,0.01015102748204999,-0.024981357196122267,-0.0007916282010977937,0.011954723894637143,0.004855042308225865,-0.006051437216338829,-0.03868471953578334
2023-01-05,0.010919914484911919,0.01139486371202536,-0.009897807646079837,0.020992119658773678,0.00013461636582023928,-0.10834130157344835,0.0034968127135182048,-0.02244453601371188,0.0002450980392156854,-0.001529636711281035,-0.0026937408017501108,0.012849766232189141,-0.0015184980673661475,-0.007779468966683578,0.0016767270288398084
2023-01-06,-0.0015250062632974348,0.0013573839637102125,0.015810048881845562,0.023703477233118164,0.010833313948405143,-0.002688169458695655,-0.009924589650524451,0.02424976771153431,0.013232050967900033,0.0019149751053235686,0.012551651299085087,0.02946591679311039,0.010645651873358197,0.023691835691153962,-0.004352192835621049
2023-01-09,0.013745727825500209,0.011657864301019893,0.004332298158949532,0.028143762653310533,0.010484307541803961,0.053908368093605,0.02151832246627161,-0.004617605911611644,0.005320435308343363,-0.0019113149847095334,0.0028244203117635536,-0.012721116714054514,0.003556771545827564,0.001332001332001287,-0.0026899798251512896
2023-01-10,0.00564967909129277,0.0065657980865276855,-0.0006923254842475801,0.012069195677673061,0.0328392534985531,-0.0693094989557449,0.015177204818074497,-0.008645408427356727,-0.012990137118114031,0.003446955189582601,-0.012204643735865384,0.00845577126280106,-0.005452562704471142,0.004323245759893624,-0.014160485502360043
2023-01-11,0.03208489068391862,0.030484569113404802,0.001278989828970234,0.021514653861589572,0.026214258597442974,0.008793642590430029,0.045882237379778035,-0.0076573065644047755,0.00682427492078963,0.0015267175572519776,-0.01172187020349258,0.008185278805100005,0.003837719298245723,0.0033112582781456013,0.012311901504787892
2023-01-12,0.01645095730584445,0.01265980727525462,0.010591316278399932,0.007582106778926789,0.0003418575192095652,0.0065377089085156825,0.016759127112800476,0.022977717372907103,0.012103606874848793,0.02286585365853666,0.013784270215816852,0.015841584158415856,0.006963407973784808,0.009570957095709653,0.003716216216216317
2023-01-13,0.014875639868603407,0.018752407604907262,0.012060196837409443,0.0051361947664556595,0.011463126408874924,-0.07469554204997264,0.023229460610368013,0.015421364334108567,-0.005022721836881128,0.005961251862891315,0.0,0.0,-0.004067796610169538,0.005720823798627039,0.0013463480309658937
2023-01-17,0.007504683381911681,0.004007008419465663,-0.006140358566703807,0.001782572001277849,-0.001504953708321044,0.0488447088890942,0.004856291335308738,-0.011844358279263223,-0.0021634615384615863,0.01518518518518519,0.009328065653563478,-0.061988280298184706,-0.0008168822328114,0.0009751340809360798,0.010756302521008454
2023-01-18,-0.010940349534963922,-0.008730318602867326,-0.0015184168684181376,0.003202784412142945,0.0036911978440095083,-0.0766870774070536,-0.00848689962447502,-0.017290325479195068,0.018067935437243943,-0.005837285662167124,0.004386005534537718,-0.006442240284445178,0.010764409320070945,-0.00990420522812141,-0.012304622547389399
2023-01-19,0.013885623188546248,0.010694494693261003,0.008862099850059035,-0.00047294669358499686,0.03460006690041384,-0.01087285175758268,0.029047007811361825,0.009519720225279471,-0.0023663038334121866,-0.0058715596330275455,-0.015127903605007709,-0.014432114219614656,-0.0022917228363440456,-0.0063955395211544586,-0.01077441077441077
2023-01-20,0.017061206230601034,0.012199622870669558,0.00223500530341858,0.005205213720409496,0.026926136287796165,-0.030839715307112936,0.018715325306660535,0.003199470175575758,-0.009724857685009525,-0.0014765596160944972,-0.018685673423019855,-0.015916807737060723,-0.004999324415619566,-0.005446443307476456,0.00953029271613337
2023-01-23,0.006390564938268728,0.0038126330992063195,0.0002074600270678406,0.0012946491203456034,0.024258684847951795,0.08601134208401118,0.019316555048968898,-0.015862369307999002,-0.004790419161676662,-0.014787430683918634,0.001129573881641921,-0.003881859528058862,-0.0032590983161325804,-0.010786591437105919,-0.028995279838165855
2023-01-24,-0.02335871562490266,-0.018255396263466284,0.0035258990533062473,-0.0019981426442491346,-0.034836211692655716,-0.05483032440834912,-0.01772670608980187,0.00840015804024885,0.007701564380264703,0.016135084427767454,-0.017085773011742744,-0.004546451897088022,0.0029972752043596618,-0.0011742996141587136,0.02013888888888893
2023-01-25,-0.0001160397904870214,0.0002496477367603944,0.0037201359311003213,-0.0012955638926399615,-0.019228549789390703,-0.058624920435663475,-0.02087816564865974,0.008034188875178927,-0.0002388344877000126,-0.0033234859675036477,-0.007215458019218746,0.012396721092558627,0.000950828579190377,0.009405441719852137,0.00918992511912875
2023-01-26,0.015675782989622356,0.010729888883082461,-0.006486140092808901,0.006368025637645935,0.010472174190474082,-0.04010430715963165,0.00721056697912803,0.0038172574601340603,-0.0031055900621117516,0.011485735457576807,0.004129501093811161,0.024919454572536193,-0.0024426652191613663,0.013976705490848618,0.015177065767284947
2023-01-27,-0.009260289782664799,-0.016417748376528762,-0.00031086817924219634,-0.010077389091504019,-0.038569126363878437,0.05604618258570948,-0.008996580029045464,-0.016840780308829517,-0.0019170860292355707,0.00073260073260073,-0.0027965451732565594,-0.007545600623477089,-0.0021765746156985344,-0.009189366590088621,-0.0033222591362126463
2023-01-30,-0.020309278350515436,-0.022339342024089492,-0.003368922938608354,-0.004853263072100211,-0.047374073668455474,-0.1389514076243793,-0.03465193013965162,0.005015515296243445,-0.0028811524609844152,0.001098096632503598,0.011547356899923367,0.03210139853649685,-0.002862985685071595,0.01705862868499497,0.0033333333333334103
2023-01-31,-0.004829253883869455,0.012451876786945704,0.0034323030329923565,0.0059474477441578966,0.022984461329063288,0.002614855944237382,0.01784785747665385,0.004356047008943431,0.0007223693715385782,-0.005850091407678226,0.016471006869814397,-0.009208102900749693,0.002050861361772016,0.001791239211854645,0.011627906976744207
2023-02-01,-0.01952895688954026,-0.031190554061179654,0.006893002761401812,-0.027787591678528845,-0.07265184715019268,-0.0804769295382497,-0.035266359536162195,-0.009558669806601028,0.013715110683349296,0.0018389113644723398,-0.024707217556346528,0.0010326311181219072,0.008459544276163244,-0.011540962288686618,-0.0019704433497537144
2023-02-02,-0.008087858505117507,-0.0069363484267731534,-0.00617665209924112,-0.004135295089238489,-0.018433873323804972,-0.00486217415724155,-0.0006112524670901509,0.0005527183509141942,0.0009494422027058746,-0.008443465491923652,0.0024674734154070954,0.014648185283941961,0.0005411987552428332,0.00920901167571131,0.0016452780519908838
2023-02-03,-0.027138807073526894,-0.03281494404188812,-0.028071303020260174,-0.007571973994087822,-0.041909719135711065,-0.018729642563384052,-0.053541560451158765,-0.050990088497927744,-0.013042447237372579,0.0033320992225100987,-0.03084997203452511,0.009556755436540998,-0.00973630831643002,-0.0014665145836727511,-0.005584756898817322
2023-02-06,0.013134793473804196,0.009810617613994488,0.0015453609995688122,-0.0047994719700626964,-0.0023781722565412444,0.019502045502728382,0.022576420290539856,-0.0070296225748642804,-0.008169149447381119,0.0022140221402213722,0.004232983308277705,-0.015105740181268867,-0.008056807319404613,-0.007016971279373396,-0.008589362405021506
2023-02-07,0.03333750646812339,0.04088515388399072,0.002819924888600722,0.011128991440162661,0.049012255388874104,0.051689089366211194,0.035139467436737126,-0.002705481616924521,-0.004602713178294526,-0.007363770250368162,0.02663965570348048,-0.015541934772015598,-0.002340308370044064,-0.003944124897288459,-0.0006664445184938472
2023-02-08,0.01672832901952126,0.017241403183536397,0.0031302537090966975,-0.011006500193720514,-0.003821806006713002,-0.07275549308447748,0.002442218333115642,0.011303521881169898,-0.00048673643222196805,0.00667655786350152,-0.0050911079274283955,0.001038637321020719,0.0015178694632260736,0.00296980696254745,0.020006668889629875
2023-02-09,-0.006933792023538943,-0.005224973311217407,-0.006452610930842484,0.015333319024877223,-0.026924331994548134,0.014190383810144036,-0.006212455463510569,-0.012071375274479323,-0.0036523009495982306,-0.01142225497420779,-0.02542094534467154,0.02822163576627279,-0.0033066960595204975,-0.0003290014805066299,-0.009807126511932052
2023-02-10,0.02236685668222993,0.021265740635763253,-0.0021293585307425866,-0.018998919610520915,0.017475335650336765,0.03456784769546872,0.022962217644455496,-0.0028510533101221425,-0.007331378299120228,0.01453596720089445,0.02540650367106445,0.007870825219948197,-0.003041194359966859,0.015303603751851247,0.03796632551997359
2023-02-13,0.002546605188765483,0.005268416489138783,-0.0058682315284075415,0.014773367683761363,0.014347561960658783,-0.04335718783666909,0.010943809796882809,-0.00980301349652124,0.003446578040374293,0.006612784717119791,-0.006607226954572387,0.009211065598188739,0.0008319467554076532,0.00016207455429495532,0.007633587786259444
2023-02-14,-0.011892377000789156,-0.013476439222361525,0.0010195999002213796,0.00562765865598891,0.01183879500358942,0.06735964357562052,-0.016830593763137336,0.0010999293989046866,-0.003189401373896006,-0.004014598540145964,0.0043232813247287005,-0.005952380952380931,-0.004017733444167337,-0.003403014098201318,-0.007575757575757569
2023-02-15,-0.0023370480644713254,-0.005944867634922413,-0.010775155635720068,-0.014111943030143403,-0.03254992246388633,-0.0373977247417937,0.0037371882953871616,-0.01355185146956317,-0.005906965296578859,-0.008794430194210334,0.013907286943163122,-0.01976046685925026,-0.002503825288635464,-0.0076422764227642714,-0.021310432569974558
2023-02-16,-0.0028109378249004946,-0.001272407160971989,0.003522462379019542,0.028010887703203036,-0.011812633368644021,-0.033184952902439946,-0.02494202996353856,0.0064049239446264394,-0.005199306759098743,-0.0003696857670979492,0.010777266971306654,0.0006108486850751049,-0.0013945056477479012,0.0004915615271177121,-0.0055248618784530246
2023-02-17,-0.02513506465808857,-0.02739204464765732,-0.0008640769057450814,-0.012363538208271407,-0.03511457374664417,-0.047718646508969065,-0.01120914885200297,0.0004611800809259936,0.0017421602787457413,0.0025887573964498145,-0.006300536263842416,-0.0006104757767496638,0.0009775171065493637,0.0004913200131018147,0.0006535947712418277
2023-02-21,0.0006024464067206914,-0.002357776845895776,-0.0041616859664265204,0.02929025092831994,0.029423653134156735,-0.08879126711033136,0.0030728493395968393,0.008066711306865315,-0.013416149068323002,0.004057543341940306,0.020484509358039915,0.013439230343085029,-0.008370535714285698,0.014077590440333854,-0.019595035924232507
2023-02-22,-0.029500355058504235,-0.029017943902314935,-0.0005427408412482793,-0.007556987925079861,-0.027615616874252846,0.04872169455002484,-0.03229014186181456,-0.009511188807895254,0.0037773860488541366,-0.009551800146950784,0.0009558925100119353,-0.010247148841527776,0.0012661789532921741,-0.005972558514931392,-0.01865423051299131
2023-02-23,0.01997519405497883,0.01947265045073787,-0.00798259634638876,-0.030814971178157124,-0.0024678800593254113,0.06439736195438317,0.01792433249478176,-0.016712041154563706,0.004264927245358763,-0.020400593471810113,-0.012573625537232958,0.0010150223179148377,0.002107629619221507,-0.0034101981162715234,0.002376103190767198
2023-02-24,0.01155582761484486,0.01233585770931156,-0.0053098713504031725,-0.028971282063289472,0.032532016503801664,0.05920487915299377,-0.008741280111931982,-0.02314662826715952,-0.009742692980264755,-0.015524422567209428,-0.014990333517919452,0.008111944738366628,-0.004627033090297217,-0.003421867361903197,-0.040636640704368454
2023-02-27,-0.008537838896112149,-0.008385736271063426,0.0042925809988025865,0.013653578219862572,0.008439976661207105,0.11423907557013013,0.004070006332693277,-0.006536560663331192,0.0027749747729566288,-0.01115384615384618,-0.01750940409323065,0.003218680514726069,0.001972108747710921,-0.007030739045127521,-0.017296152488528116
2023-02-28,0.017465160639244193,0.01810257321693398,0.006466067510520812,0.022075337181810095,0.0003901210592827109,0.005858671819045647,0.027868085050692715,0.014078392120795424,-0.0007547169811320531,-0.020614546868922612,-0.004830128432798619,-0.022257882157234787,0.00028117531280758,-0.018277622262473203,-0.006465517241379337
2023-03-01,0.005006534414126351,0.008306286363396032,0.004736796141708632,0.017205705055695963,0.018752907440613864,0.023298190822177878,0.09879635979492662,-9.545387498599567e-05,-0.007552870090634434,0.017474185861795055,0.013221772644809171,0.005742386706152569,-0.005481377371749807,0.009225092250922495,0.00795372378886472
2023-03-02,0.005218864359478381,0.006049700166473881,-0.002655264088672782,-0.02015357633569881,-0.0026446060763136714,-0.016364283897399745,0.009533445453414169,-0.009208401616518702,-0.007864028411973645,-0.004293520686963315,0.014040278514483528,-0.002243079358087874,-0.00423968343697001,0.010304138274887853,0.0060975609756097615
2023-03-03,0.01274338443722356,0.019447243754458388,0.007660948430283865,-0.0014691581290749989,0.016363140896547668,0.08824591275984273,0.018553526838843926,0.015746877228787648,0.01329583226796216,0.011760094080752737,-0.01270563262830715,0.017984914224584703,0.005109281862049286,0.007073531830893209,-0.007843137254901933
2023-03-06,0.004077810400261006,0.009789141268944146,0.0,0.005517419756773334,-0.00909683382320814,-0.14523098275122037,0.016761162044359512,-0.005167646021853933,-0.0020186727226848555,-0.0011623401782254739,-0.012044209451990251,0.019674739355317605,-0.0008472182999152977,0.0068605031035609,-0.01904419690980952
2023-03-07,-0.0335344555513406,-0.03579414971648631,-0.01865630111151384,-0.02780150690073646,-0.030866805899724126,0.044712289402331296,-0.034257079940603785,-0.04431940673674761,0.003286978508217464,-0.0038789759503491394,-0.028724134769913867,-0.012600893824363357,-0.0004239683436969566,-0.010220635950681345,0.003296703296703285
2023-03-08,-0.0075639001860128285,-0.011858702593856352,-0.0007692441835508435,0.013796580061484764,-0.01987486326619403,-0.0506140365276424,-0.004369256318904391,-0.002443487166532643,0.0015120967741935054,-0.011682242990654235,0.0056740342489765005,-0.0061814678036203885,-0.0005655308921249658,0.0009834453368300355,-0.014968966776195747
2023-03-09,-0.012944680338905279,-0.012261967081940828,0.00879797658352266,0.0032166302485712173,-0.026623857579439636,-0.0031360780285747403,-0.031165189344554145,0.0009997729868889138,0.004277805737292306,-0.025216706067769934,-0.032826157095998676,0.0010032102851587066,0.005092658084594692,-0.0044211560504339165,-0.031134173461823567
2023-03-10,0.014585151303084576,0.012678276135713817,0.01776952797327147,-0.0022198300980265095,0.03896739894613077,-0.0444356731574711,0.015623276851194356,0.01747817169224075,0.026559759458782306,0.00929668552950691,-0.008308312236850246,-0.00020045320653261367,0.014496833216045113,-0.004605263157894779,0.020275439938791218
2023-03-13,-0.02428125351377952,-0.02451743930537087,0.02640319736361585,0.0059325593927790354,-0.004111299487394526,0.072427932099568,-0.02056096578534039,0.06959505607745409,0.016353429338540337,0.0004004805766919528,-0.01354720752592875,-0.013231707593138298,0.013457269700333008,-0.008592200925313986,0.00824896887889004
2023-03-14,-0.04110436836460141,-0.046390388758434375,-0.002921980477922026,-0.014498099447410207,-0.01705588656058199,-0.012663082519910551,-0.01481822031758051,0.006240608979251272,-0.011767531219980754,0.0048038430744594685,0.009035055992435037,0.0,-0.00698151950718684,-0.0001666666666666483,0.021197471178876937
2023-03-15,-0.04854738095533617,-0.052151985492920105,0.010675610525630486,-0.03839921347133646,-0.04034046847001305,-0.05207931027069823,-0.044888344833395544,-0.007068296803579899,0.012636695018225952,-0.0015936254980080111,0.008954154703325612,-0.028037419683651366,0.010476978218913802,-0.007001166861143493,0.02367079388201021
2023-03-16,0.013705990953644331,0.01094509476540706,-0.004297648536363496,0.0075197833639653044,0.014818307076992943,0.030750328424295592,0.026697815699038063,-0.008542335930045275,-0.008159347252219784,0.00997605746209107,0.024671625592542545,-0.009197311773871841,-0.007639836289222379,0.0015108275977842034,-0.005336179295624355
2023-03-17,-0.02315924763340671,-0.02355523988725683,0.026261050442017764,0.007206309787194831,0.013315634350781425,-0.07000790935162282,-0.0007989189024459886,0.03534373316061057,0.01645293975320583,0.002370604504148499,-0.004676952362802855,-0.016877637130801704,0.01292273852075887,-0.010056989607777456,0.01645207439198848
2023-03-20,0.011237490490702662,0.013485189611722737,0.00471246456960972,0.015842605116029418,0.003135835842838608,-0.04918734244157552,0.013791774363277387,0.008142862299599818,-0.009759581052130484,-0.0019708316909735624,0.009223853157654505,-0.007081518869031633,-0.0046145494028230205,0.006434134778191769,-0.013722730471498967
2023-03-21,0.020734500072013384,0.024985252168185035,-0.021030901863671625,0.010816184947802787,0.0011537184550767243,0.056230318133818624,0.0011434878400413684,-0.009275353142626175,-0.009855769230769251,-0.004739336492891044,-0.03017761595702484,-0.004538590983602542,-0.008317425688573743,-0.012786002691790088,-0.024973242953977848
2023-03-22,0.018189096549826145,0.022645314486649415,0.0043789604383639436,0.012442501576701348,0.018623094200150625,-0.07538332284413451,0.021387243286125512,0.015722981612164233,0.0024277737314881698,0.005555555555555536,-0.02844954198198346,-0.019539730527005972,0.0006874742197167105,-0.012610770279481986,-0.028905964141968554
2023-03-23,-0.01017080133610404,-0.013258144163271202,0.0237484865654094,0.019048756467070938,-0.020289723430788054,-0.007830474396963494,0.004897455277897977,0.020683566855621116,0.021312666505207023,-0.002762430939226568,-0.04520500088385926,-0.0294508816005159,0.01992305578455622,-0.020020711080428022,-0.0022607385079125297
2023-03-24,-0.01211969113366107,-0.010005674062359304,-0.006062415671090338,-0.010733206728809619,0.0039110344455211,0.02878367454824171,-0.006677165659783713,0.004450425374858291,0.004268437277685555,0.017807677087455565,0.02108495931428167,0.015514530002129101,0.001077731375454638,0.006164142303628051,0.040030211480362565
2023-03-27,0.041738964821663505,0.051256068623570794,-0.015122491814495986,0.0007313866968536864,0.027901484790819442,-0.05776174023177816,0.03697122839956246,-0.008302098690668003,-0.015112160566706057,0.008164852255054367,0.024028510762108102,0.0020220037837408444,-0.00968914008881716,0.00980220549623656,0.013798111837327598
2023-03-28,0.006784418339258913,0.005356398883746616,0.010082890101108744,0.0018273046646282154,-0.00028881487792498106,-0.02777781901130061,0.010394150972908855,0.011711570244104852,-0.0031167585710860646,-0.001542614731970704,0.009165902969624717,0.026681600664763216,-0.002989536621823663,0.017680707228289183,0.002507163323782313
2023-03-29,-0.00470442135287541,-0.003142018266772406,-0.003344299764853065,0.0007295191076372998,-0.040258531280904175,-0.019211781119526705,-0.016223557348278406,0.002229465233369421,-0.0009620009620009418,0.005021243723445368,0.005994583753464067,0.000655204879986826,-0.0009540684203352967,0.006472491909385036,0.007145409074669429
2023-03-30,0.012646881441078506,0.019185987425770934,0.006812763357433083,-0.005953801835041017,-0.012941570179387574,0.05675541541562268,-0.002511164728456472,0.022501753461801943,0.0026480500722194655,-0.001537279016141424,-0.01823766913597935,0.0037101301705879663,0.0004092769440655619,-0.0018615671010323576,-0.01773678609435969
2023-03-31,0.006307556719743257,0.01748010453614013,-0.005706230646619459,0.0034225496596100857,0.020048079915707895,0.053231931407975,0.014691489646655231,0.0072797164784002,0.007683073229291626,0.016936104695919996,0.020599646286276085,0.013263766437206392,0.0030001363698350936,0.02102407595795186,0.0
2023-04-03,0.06468602080050201,0.0627725666042025,0.015947193709529017,-0.010963479465040837,-0.00511901062750153,-0.05370044772339311,0.021107173322404638,-0.005607253185080485,0.005956635692160983,-0.00416351249053748,0.021445280063322913,-0.00386263474885995,0.004622705642420177,0.010959814015277347,0.0018057060310581186
2023-04-04,0.00011776917690475841,0.003606079608682755,0.018896183911457642,-0.018721569048471776,0.0015397903642935251,0.004291875747189922,-0.007398022772844071,0.045152640870415706,0.009000473709142476,-0.006081337894336736,-0.016584308779955093,-0.014648897310916231,0.006902151847340665,-0.002956636005256197,-0.002883922134102379
2023-04-05,0.000588596902828753,-0.001238984949267996,-0.001275623416850058,0.0036399906392203807,0.02411222222718923,0.023266868963968124,0.030324133778167672,-0.0023579256961837602,0.007042253521126751,-0.001529636711281035,-0.009329035559834886,-0.014866611026907228,0.0028225806451613877,-0.004283360790774293,-0.013738250180766465
2023-04-06,0.0015296492067322642,0.0011164413498225834,-0.004519528041960652,0.007003531016212428,-0.025814682673682365,-0.06682137137704713,-0.002411323905763041,0.0024836869081368285,0.0002331002331001919,-0.01417081577939483,-0.012495516590962263,0.00821123310993288,-0.00026806058169148717,-0.012243547319655823,-0.009530791788856297
2023-04-10,-0.011043261408306249,-0.011895899885700834,-0.011152771078589141,-0.009811226494806258,0.007855670239823809,0.08005968170940547,-0.0019194336191988848,-0.007152805189695632,-0.011419249592169667,0.01631701631701632,-0.0009169124918361193,-0.00792422558368644,-0.008848371095321106,-0.0035175879396984744,0.004441154700222105
2023-04-11,0.016987411499069127,0.022447967939319913,0.007585562831363468,0.009532138004914037,-0.0049228180552588485,0.006445754063544085,0.020406742323675564,0.011470652809742576,-0.0014144271570014633,-0.004587155963302725,0.007525694766099544,0.01575321809105268,-0.0012173677803327676,0.00672381912926534,-0.0066322770817980325
2023-04-12,0.02009112496718224,0.02121922461469361,0.002922250824201278,0.014908670486261322,0.013079960204595675,-0.04254353565573665,0.0026175949779987384,0.01086302989052279,-0.001652502360717678,0.007680491551459223,-0.016214235735923177,0.00524251742695081,0.0028439869989165256,0.004675237936216492,0.008160237388723957
2023-04-13,-0.014199077833101703,-0.013211607565434269,0.015013098941938807,0.00967076462175176,-0.011209316097386512,-0.04108933030690953,-0.014272249005039983,0.01850107200143669,-0.0026010877275951527,-0.005716463414634165,-0.0051851625795718,0.007388078675136578,-0.002160702228224176,-0.002160545122153912,-0.01839587932303166
2023-04-14,0.002555479498914659,0.004381608628421407,-0.01921860509978668,-0.004000968936788474,-0.012571120595839536,0.053313459970387056,0.0014832014553156636,-0.01739200561898968,-0.008297771455666236,0.02146416251437322,-0.0011169279956734224,-0.00841241122765124,-0.005142779807822406,-0.00033311125916057893,0.023238380809595283
2023-04-17,-0.017958469078985018,-0.020479821628224926,-0.004365536568590178,-0.010103491365039408,-0.009283075722561818,0.07615894375836763,-0.021827334308171298,-0.014592522539108366,-0.007410949079607931,0.01538461538461533,0.016958625605661304,0.013051990081953235,-0.004353149231397069,0.010996334555148257,0.02051282051282044
2023-04-18,0.0001179153679098377,0.00037113421523327084,0.0063278281872820585,0.005779627583845315,-0.005660332454715533,0.03999992873642766,-0.008327289069814281,0.00778348695739095,0.0021676300578035157,0.0014781966001478075,0.014476835622967199,-0.00987761645466878,0.0010930454980189186,0.0014831905075807228,0.002153625269203152
2023-04-19,-0.01946436194201895,-0.021023954185137028,-0.006139477468697918,-0.004279233138101635,-0.016231427510032037,-0.06086223889965492,-0.03831476400253042,0.004673638874256314,-0.002403268445085316,-0.007749077490774914,-0.006141621185681734,-0.014530496895129308,-0.0025931486283609084,-0.008392298831660372,-0.02328080229226359
2023-04-20,-0.02430226426507187,-0.023623075544109917,0.005878506685984108,-0.012279025149061429,-0.024553283249614477,0.012151300738657778,-0.022339789786095632,7.887758326896588e-05,0.004577210310768409,-0.012644105615470469,-0.010723376002891971,-0.006822196622260135,0.004105090311986803,-0.0059741121805509945,-0.0205353868720205
2023-04-21,0.006905119587233832,0.007504228544240599,-0.014164714938217915,-0.010442520787528276,-0.0025251403118525806,-0.007114287198438651,0.005876855662367397,-0.012417239580521655,-0.003117505995203884,-0.0007532956685498693,-0.018923365304463036,-0.012408543623773527,-0.0016353229762877675,-0.009348914858096857,-0.008985398727068494
2023-04-24,0.013103106133225628,0.011429297011133155,0.004672217446935356,-0.0067839071054127675,0.017037644862087253,0.017913103956798127,0.011608243146634223,0.010098601544105135,0.006495068559057016,-0.018092725216735772,-0.015730339486616063,-0.013910729273552969,0.00354900354900356,-0.012301988540613373,-0.02757839063090295
2023-04-25,-0.02369160684559457,-0.021457623102689505,0.0023502105496142622,-0.027068077580306604,-0.031568467441355996,0.014958169759272666,-0.01641462765690005,-0.016952459941608322,0.01242829827915859,-0.007293666026871426,-0.016172037035948383,-0.010693998195748011,0.008025027203482082,-0.013649547858727185,-0.007381507381507335
2023-04-26,-0.038132899958769007,-0.035941308603020916,-0.004240458967323502,0.0010400282234039882,-0.03186332704936523,-0.08235796499452941,-0.015143255160662727,-0.00024120748497646893,-0.004957507082152923,-0.007733952049497339,0.007155342354147054,-0.02023916292554928,-0.0021589529078397396,-0.006400276768725122,-0.018003913894324874
2023-04-27,0.008752738882826572,0.006191104516539703,0.0015030060120240218,0.0037662705202541336,-0.00792246985180367,0.112423195322356,-0.006511387540156122,0.00450321701633194,-0.009964412811387935,-0.02260327357755265,-0.024961655262128568,0.004460079569212239,-0.007031778228532848,-0.006441504178272939,-0.01992825827022715
2023-04-28,0.01492915819753926,0.027019751007838266,5.001279936833747e-05,0.0014231698065900744,0.010406988696840092,0.023354592913693795,0.01784590579999712,0.000640465428799919,0.009585430146177742,0.014354066985645897,0.016345054175012752,0.0172937462071443,0.004085523627944898,0.01226563868932895,0.008133387555917082
2023-05-01,-0.0028916690254738864,-0.014587068702708761,-0.003451565453618799,0.01214474706560309,0.001513382140968078,-0.03817427566509135,-0.010705992722037205,0.0004000251474898242,-0.01519107524329455,0.005503144654088077,-0.0011625919895645875,0.0,-0.0061033500610334634,0.007270209451272214,-0.025816861637757205
2023-05-02,-0.05030888900005004,-0.05286809154627636,0.015610931843440756,-0.017615523295296587,-0.039079812131395886,-0.04486630200350794,-0.044973368147580906,0.01579425559294556,0.013738250180766354,-0.0023455824863174435,-0.003103779821146513,-0.0126349647466929,0.009279475982532759,-0.010482900842069043,-0.013664596273291973
2023-05-03,-0.0396972633548085,-0.04270171687984825,0.006771092196538042,-0.004287940741335539,-0.02485585476838703,-0.019873491698262913,-0.0466395773089171,0.002834219234880253,0.003328578221588163,0.011363636363636465,0.019069849267866035,-0.004653327261059381,0.0029745808545158514,0.00590482806530046,0.05163727959697728
2023-05-04,0.0023503133505013984,-0.0005831037378584147,0.009180142941519476,0.004828357293212626,0.002866939835703297,-0.03179723654198585,0.0016365160227946873,0.02194222087226083,0.0018957345971564177,0.0019372336303757898,-0.0019094610685624902,-0.0011687704868331705,0.005661903478026531,0.00034530386740327934,0.008383233532934131
2023-05-05,0.03862073174838354,0.04054840837648799,-0.01503132902549087,0.005584444456829818,0.03394826379466709,0.017134703542223573,0.022829815944430232,-0.011215664244513368,-0.008751182592242168,0.010440835266821269,0.03481920181529086,0.003744456235020621,-0.007238605898123307,0.014152571625819732,0.02454473475851149
2023-05-08,0.02270915026785958,0.025511738402656636,0.004148509552146518,0.012010840085703745,0.027217438640456892,0.04726243714875933,0.03472052060436659,-0.004156483347912188,-0.008351228823669787,0.004975124378109541,-0.013865779217678842,-0.007927241652759154,-0.00472589792060496,-0.00017018379850242127,-0.009273570324574987
2023-05-09,0.005583694237731862,0.007517706326306994,0.004770840780611296,-0.007401746808595733,0.0052571008915554,0.012958018300490926,0.007434115028438049,0.0024184847649075802,-0.0014436958614052475,-0.02170601675552175,-0.011623526998709388,-0.021386618339637176,0.0001356668023335672,-0.011574468085106426,-0.016380655226209018
2023-05-10,-0.013300603652178444,-0.015601703163243719,-0.0028391251450440302,-0.01568523303102176,0.0013388228194379792,-0.03352447134859626,0.006048673579674535,-0.009222488603818246,0.007710843373494036,0.005060334760607299,-0.01650232789145656,0.0036023055283063155,0.00623982637004894,-0.010504563457895633,-0.003568596352101494
2023-05-11,-0.01871483099908422,-0.023290998744135982,-0.008148827148830917,-0.03409092890816501,-0.018342113234980806,-0.00045637951972421487,-0.014910406924679376,-0.047366610140148646,0.0064562410329984665,-0.020139426800929505,-0.018129192948349804,0.020818407116766524,0.001213265031005717,0.004698920988513766,-0.02228412256267409
2023-05-12,-0.010802949476173662,-0.011711609974429105,-0.0003464247324300729,0.005138621624007467,-0.018727351122333036,0.034703184118144215,-0.011189288363665839,-0.010843066997834772,-0.006177239249227862,0.0011857707509881354,-0.020035365563166874,0.00351617435194318,-0.0052511108119025485,-0.0057162653732893975,0.016687016687016776
2023-05-15,0.014291562817269954,0.015276980023382736,0.001435737337184717,0.005650452899067959,0.03144653632773142,0.048102368056203604,0.017200140724053847,0.0056268850291421035,-0.007171886206072231,-0.06435057244374265,-0.0040088347441621375,0.0065404993063507,-0.0017596101786681029,-0.023867595818815368,0.0580464371497198
2023-05-16,-0.004253617978799751,-0.0035156799023231544,-0.014683320259471944,-0.022207343343362718,-0.005929383786233422,0.00042102211400085743,0.0028722110112546773,-0.016164516264955076,-0.005056585600770491,-0.01898734177215189,-0.04507945111041933,-0.009282896395122586,-0.0027118644067796183,-0.026235945029448482,-0.020052970109723844
2023-05-17,0.027366110294294366,0.02780131532224872,-0.004064212536847744,0.02421672532587893,0.024831882068580446,-0.0046295952523394135,0.03634385477576241,0.0006319794963833836,-0.0026621490803484527,-0.033978494623655875,-0.0219178271613355,-0.003747964690539618,-0.0029911624745071475,-0.019794721407624616,-0.03397683397683393
2023-05-18,-0.014293119636263452,-0.01331870378025335,-0.012645460868159875,-0.01643068981507434,-0.00825558518592584,0.09598308548722434,-0.0003503153209083454,-0.01082013980852159,-0.006794467362290724,-0.011130899376669667,0.018961453803243433,-0.026334309924563537,-0.005727533069684987,-0.0028047868362004458,-0.021982414068745015
2023-05-19,-0.003690993633589157,-0.004313909768449031,0.011123546389769645,0.011136799744581483,-0.016815128356141296,-0.002700605502244602,0.003037068180212543,0.01808892197828138,-0.005863669679941341,-0.0013507429085997114,-0.00042293206547827644,-0.012074377991557195,-0.003154574132492094,-0.019501218826176614,-0.011033919084593391
2023-05-22,0.005424662910584743,0.006149473001328065,-0.0022204402847559868,-0.013028894537777669,0.0017779957881605135,-0.0715667079495117,0.02825974065398018,-0.008570230896831066,-0.002949127549766506,0.029756537421100182,0.03173259965039077,0.007577624192778076,-0.000825536598789256,0.026008797093134417,0.0020661157024792765
2023-05-23,0.011185662561077114,0.01277963363856216,-0.0013655428072789633,-0.008845952202201746,-0.0019861162284526834,-0.03291666376921876,0.005020930142970226,-0.010162311627708753,0.0012324377618930793,0.01138353765323985,-0.020709496140053574,-0.014070883403161427,0.0012393280088129899,-0.01397949673811738,0.026391752577319627
2023-05-24,0.019781420417785744,0.01961312033953999,-0.00501393994128263,-0.02416588197720526,0.02201805669631418,0.03317531212185343,0.022162127501192064,-0.015293565026537004,-0.002954209748892156,0.016883116883116944,0.0050251609485210125,-0.010334600769021929,-0.0016503919680924684,0.0015122873345936316,-0.025713137806347985
2023-05-25,-0.026799367761154436,-0.033763715771890745,-0.010638310431531517,0.007598128855264008,-0.02796541058923374,-0.03794832361812428,-0.01752900502385768,-0.014233202521314436,-0.008148148148148127,0.005959982971477151,0.010833342870076423,-0.012431625679380276,-0.007025761124121788,-0.0003775009437523291,-0.003298969072164981
2023-05-26,0.009047925422020153,0.011694226875648805,0.0003087398628003335,0.025974075266493868,0.009845665074228682,-0.05461635534972764,0.011183779653616721,0.019924536426208173,0.0007468259895444529,0.022429115531104493,0.006183001529888488,0.012588116430857221,-0.0019422863485016872,0.010007552870090697,0.01944559371121235
2023-05-30,-0.04431444012932795,-0.04417227418954872,0.0070462124300887385,-0.004219427904455508,-0.03735271541395857,0.06694172802856913,-0.03976468224686369,-0.004948355088242318,0.01243781094527363,-0.01655629139072845,-0.05366650856744126,-0.02386873647973453,0.0068112315818738,-0.03047298560478595,-0.04058441558441561
2023-05-31,-0.011966239359022968,-0.019723621719544338,0.0030132913248530624,-0.00738106901729052,-0.00929506273487879,-0.026213954813171347,-0.013868027480544165,0.015091932142103026,0.00687960687960687,0.0,0.0,0.002037666277462602,0.004003865801463391,0.0025067489394523523,0.0054991539763113995
2023-06-01,0.0222955551271502,0.02951978622903728,0.01609041967162539,0.020793172837118012,0.024384831825525977,-0.047661093781515396,-0.0483222546635238,0.017082689499596793,0.004148365056124925,-0.002525252525252486,0.03593073203461339,0.020335536665272658,0.0026127612761275287,0.022889017118676636,0.027766091712242424
2023-06-02,0.02490574184872929,0.023395141588396395,-0.012979215441775271,0.0043167495465770145,0.01823134338735266,0.006487460154930069,0.02647569822481799,-0.009717292186477433,-0.0070473876063184004,0.02784810126582271,0.03426659775874974,-0.008968625207413483,-0.007680702235632997,0.01729973674313645,0.01350798198935732
2023-06-05,0.007618571548400288,0.005715133458575661,0.0023863085400319672,0.01074545626077561,0.008740328691712262,0.033609556414096575,0.009477345896954148,-0.004610212491532373,0.0,-0.018883415435139606,-0.0048485187569049515,0.008547070181993188,0.0005528680027644395,-0.001848428835489857,0.008077544426494443
2023-06-06,-0.005475142405917843,-0.00568265631931153,0.003646837356940047,0.0011959899547997477,-0.004079940970469376,0.007572471817754334,0.015805761580853783,0.0016996263917914423,0.00024473813020065016,0.01757322175732212,0.03369873942294599,-0.011216350605886438,-0.0006907031357922255,0.0024074074074074137,0.006009615384615419
2023-06-07,0.008651147264313597,0.01101200082313225,-0.011657822652504368,-0.0033183031103339866,0.014359287072261528,0.029619765595125136,0.029988692248602344,-0.005726657855676942,-0.011010521164668496,-0.00616776315789469,-0.008837332372816697,0.02142677020025907,-0.004423555432679027,0.005542213190467438,-0.017522899243329393
2023-06-08,-0.012865469824975051,-0.017096344748918968,0.010314517422414182,0.011186591102570143,-0.004996188657814926,0.00987548387506254,-0.010790579812449796,0.03519778113151295,0.00915388421573482,0.009929664873810529,0.04022188884877931,-0.002961530530305456,0.004443210219383431,0.0018372221201543582,0.015403323875152086
2023-06-09,-0.015402819682030167,-0.015710516653087758,-0.0007075833575950208,-0.001975486186448827,-0.012051221782945487,-0.041666687785092416,-0.007463550072464575,0.0028849198401046383,-0.0009806325079676492,-0.009832036050798854,0.03980952671595972,-0.016831652952892906,-0.0033176665745092704,0.017054832202457293,0.006387225548902142
2023-06-12,-0.03944383662956019,-0.04346580450265847,-0.003793243063532792,-0.010161010879664478,-0.0219822732105176,0.005323906032614234,-0.04265000617376513,-0.014342032904155033,-0.0029447852760736692,0.02151427389325611,-0.01117421887976755,0.0005034785581750079,0.0004160887656032841,-0.00991705733862247,0.005553351844506116
2023-06-13,0.03410362893273855,0.03426691490235978,-0.005635363690461359,0.02079724554545659,0.03741719081551009,0.032656611070386754,0.030331096050343564,-0.00954763751199994,-0.007137583066699538,-0.007695423248278654,0.02686181502845164,0.0002516509940906353,-0.006100097046998432,0.01930431615370609,0.0039447731755424265
2023-06-14,-0.014672283670107422,-0.016565853589914914,0.005258883363890465,0.0097949338683474,-0.01577951829592672,0.0008547408262589151,-0.0012901018864512892,0.012123257304343715,0.006941001487357434,-0.0077551020408163085,0.009561587161805996,-0.019622610799921336,0.0016738736225414552,-0.00786135429694479,-0.009430255402750443
2023-06-15,0.033743187481955816,0.034422238451278675,0.0009141788488464808,0.007889336281764248,0.05170286192281437,0.08155422037532101,0.034095368738234155,-0.006363328645346944,0.006400787789266449,0.025503907856849084,0.04413869301489104,0.011547343749143568,0.005570254839158961,0.028813254096884622,0.049583498611662113
2023-06-16,0.012422392812902583,0.01642588484281804,0.0002537169596532607,-0.003079708349196242,0.02895628120854643,0.03908408109356665,0.014687512099402111,0.007743479140795095,-0.003180039138943269,0.02727637384677095,0.021564236093656097,0.056316542369343914,-0.0037390943082675765,0.026781025730789443,0.04006046863189727
2023-06-20,-0.009267707594518892,-0.017832248552030583,-0.01192167237323094,-0.0015446111263802687,-0.02978755851950221,-0.05319143925109027,-0.02659952581342495,-0.03667550308736012,0.007116564417178006,0.005466614603670372,-0.0010051526214460704,-0.008645547925753783,0.0023630803447316495,0.007330378452096831,0.011264534883721034
2023-06-21,0.016073797051073146,0.028794308926196832,-0.0014375554900680765,0.008379535577695219,0.035872971843222023,0.042134741699503486,0.005710550780543944,-0.018065822070275406,-0.003411306042884976,0.04233009708737856,-0.06708032749204229,0.06395354940587561,-0.0018028012758285472,0.025385005923167947,0.05569529284944297
2023-06-22,-0.038641120990697386,-0.04163789733756951,-0.01090034087925651,-0.005753014080839058,-0.03849146362531253,0.004235716940857115,-0.02820010007020546,-0.014841456985201562,-0.006356968215158965,-0.015648286140089396,0.0025166166989105676,-0.033014571031398265,0.0023617671575437704,-0.009407492985641142,0.006126616746085833
2023-06-23,-0.003911531129144219,-0.0050352246204099504,0.003067019059010967,-0.02121640258520907,-0.02368694031954377,0.046395724555239104,-0.012901491647029029,-0.00481376827500235,0.007135826771653475,-0.04504163512490533,0.03890977498895154,-0.03296444454344716,0.0030492030492030864,-0.003998667110962972,-0.00778078484438427
2023-06-26,0.004468542151295107,0.0030364238483653327,0.0021766549001493996,-0.005123493745521457,0.013169429925924847,0.02271886982083915,0.008064480992530543,0.02136336479274159,0.001465917419985363,0.010305192231470528,0.027096992268489384,0.009495967325460875,0.0013817880337156918,0.017731682837069274,-0.012274122059324877
2023-06-27,-0.025882962537698284,-0.024073889753768674,-0.005171165450150839,-0.0013204479209194542,-0.01631956925894229,-0.010032203167148812,-0.00815762705526224,0.005875854815015957,-0.004147353012930011,-0.02236171047469593,0.017476070321968518,-0.017607376273709563,-0.0035876914585345476,-0.017094017094017144,-0.05419399378667589
2023-06-28,0.024494832420977053,0.027474160918700807,-0.0008317380266336105,-0.016131193200628946,0.003209656797488858,-0.0579081017618468,0.03440879996483592,-0.003095128299320793,0.005389514943655138,-0.052969502407704705,-0.015359212500312691,-0.013503560434172335,0.0037390943082675765,-0.02943143812709026,-0.04270072992700735
2023-06-29,0.004187458647918252,0.004312867485440908,-0.002236982034668711,-0.011557581755688662,0.003698078673280314,0.03764888681968381,0.005492858569537962,-0.012113014993721971,-0.016325536062378188,-0.015254237288135575,0.020295251943099446,0.002986590949449086,-0.009933774834437137,0.022053756030324,-0.004193671368661889
2023-06-30,0.007533026843893564,0.011165169946782072,0.005996141536894539,0.017267145440130527,0.013495580876809132,0.03591267047789204,0.006226825982769579,0.009694120070684376,0.005945008669804297,-0.04561101549053359,0.06871609698097725,0.04019854145665325,0.0012541806020067714,0.050067430883344644,-0.025650842266462526
2023-07-03,-0.0033377836436174757,-0.012032821085296463,5.181692996392151e-05,0.01015774056425478,-0.028960037473846012,-0.03180842871851386,-0.06514810147217587,0.0037702956825269585,-0.002216202905688247,0.004959422903516586,0.030918234745231032,-0.0014313122281572888,-0.0029227557411273253,0.0030502488360892865,-0.012180746561886058
2023-07-05,0.02679169402704784,0.02865740039781306,-0.0012438582088948325,-0.006747832450856528,0.04879482433215365,-0.019195291123242808,0.02270146922159788,0.01314642716179093,-0.010858835143139234,-0.016150740242261152,0.023276712416094636,-0.0016722699398579177,-0.005164712451144582,-0.009443021766965431,0.05330151153540186
2023-07-06,-0.0016960845430460392,0.00013932492133883478,-0.006071273582117898,-0.008924991679010508,-0.005574957605230524,-0.018065523561623498,0.010125901821119054,-0.022028696317329732,-0.009730538922155696,0.033743730050159515,-0.03834944316991207,-0.00550367989126721,-0.006734951592535454,-0.013895621263532054,-0.0226586102719033
2023-07-07,0.025483594657389697,0.028690772577109502,0.008927626275440081,0.012634390046767807,0.03214487203391525,-0.01034877376178378,0.017886547514867512,0.0178964213715187,-0.0022675736961451642,-0.011027790030877838,0.009097894333285783,-0.014436958402030298,0.0005650515609549878,-0.026380468621989173,-0.011591962905718733
2023-07-10,-0.00994008878760011,-0.011779078518719954,-0.0007761966364812078,0.001194624562885993,-0.0023054614356001757,0.0336947686328688,-0.007608161497400956,0.002554998167154432,0.002525252525252597,0.018287243532560282,0.04012018101439874,0.006591752073291657,0.004235493434985083,0.015146415348367581,-0.0050820953870210905
2023-07-11,0.022010542292907553,0.025208987822131323,0.003158972338652255,-0.004772670119853495,0.01194576808423875,0.02322968839342776,0.02066464372122989,-0.0028075948910308846,0.0025188916876575096,0.001752080595707417,-0.009968252372695385,0.024254184564810988,0.001124701251230098,0.008289124668435122,0.02082514734774077
2023-07-12,0.00894205378876789,0.012294509507328577,0.012699383560983435,0.0235780000660597,0.006154017648899446,-0.036250450035810844,0.016891020609157703,0.04474569084709801,0.011306532663316604,-0.03847835592479232,0.0021888447183837645,-0.002131171968978607,0.00898750175537133,-0.021045708648470884,-0.04349499615088526
2023-07-13,0.015603545006570352,0.015049496893048575,0.0010705498845506867,0.022774621341404178,0.004154440866902309,-0.033054671047577866,0.004349462807283544,0.026908254148457766,0.009689440993788878,0.07958162801273305,0.01441464559363026,0.022543901607966488,0.00695894224077942,0.019818609338259963,0.010060362173038184
2023-07-14,-0.0183136412560444,-0.019118236862686544,0.00030551765506658946,-0.0019086834113216655,-0.004788556492572593,-0.0023575802678981184,-0.013029264353290326,0.009932182388675326,-0.004429133858267709,0.010530749789384952,-0.02554899994371307,-0.002088637524326753,-0.004284727021423684,-0.014657444005270137,0.02231075697211149
2023-07-17,-0.01715290721760565,-0.016838990637755513,-0.004072490277221563,-0.02294745429499956,-0.012972012177987158,-0.010634088240978001,-0.004539034697358502,-0.00679619719791924,0.000988630746416197,-0.16756982075864946,-0.04610395170949455,0.010232543945312589,0.0013881177123820088,-0.00785559084071541,0.019095869056897863
2023-07-18,0.01439486947029267,0.021577861647955388,0.01247189946308147,-0.004175373787382974,0.013727525175652566,0.046576377655016765,0.023824916312969124,0.009660270988761877,0.0017283950617283939,0.059088632949424236,-0.010963543252810348,0.019106856416127638,0.0002772387025229417,0.005390835579514919,0.02600382409177815
2023-07-19,-0.002134850870386229,-0.005280548196421209,0.0,-0.004323898388700287,0.016311411310656387,-0.009889700797827139,0.009686727870559464,0.0053819259628749005,0.0071481390189795935,0.03167848699763587,0.031225603508306277,0.002484697437557637,0.0022172949002217113,-0.00033512064343166337,0.08497950055907566
2023-07-20,0.0022652945790300194,0.0037159759119709257,-0.004997992816043961,0.004737498602243928,0.008554839343164033,0.059162523346107276,0.008344080646388141,-0.016416176682244932,-0.011747430249632873,-0.015123739688359339,0.02407261566126917,-0.007435754582553522,-0.007605088495575174,0.0023466309084814174,-0.0010305736860185544
2023-07-21,0.017955805074524545,0.019040096439262744,-0.0021817691282455254,-0.0037983341739656895,0.0305133533727584,-0.015959343794579195,0.02136189396405208,-0.004313660537622388,0.0014858841010401136,-0.019078641228478355,0.026020138263038062,0.005221311675297935,0.000836003901351523,0.004013377926421313,-0.040577716643741435
2023-07-24,0.020599459420646005,0.021668589276735872,-0.002237376420566428,0.009860674024311233,0.009032328091487685,-0.010320720876529688,0.03330005843459127,-0.010608111212836002,-0.0017309594460930278,0.06356736242884242,0.03731983113753712,0.010162601906177127,-0.0015313935681470214,0.014823451032644819,0.08602150537634401
2023-07-25,0.0108774661483646,0.011303015161217678,0.0007644480875172999,0.016013496210786737,0.0025627523650597617,0.016759805308360853,-0.014438195723766811,0.009985246070288945,-0.004954173891503544,-0.00535236396074934,0.007917762352248614,0.014531634646519409,-0.004043502509760155,-0.005087805678647639,0.0036303630363037076
2023-07-26,-0.008608336034878539,-0.010674350162489965,0.0032591661522642923,-0.0029471762917833155,0.023509499790516752,-0.023809544603050514,0.018890408175133988,0.005875221068504688,0.005227781926810948,-0.030941704035874484,-0.031560101882281866,0.02401944624783736,0.004759904801904025,0.020290333223358603,-0.05294311081880965
2023-07-27,0.0159189547029992,0.016628555202999218,-0.012385170659578115,-0.006939969138261337,0.02602971640274343,-0.06491552019982427,0.014894025848306125,-0.023726110122969213,-0.01832590391282818,-0.012956964368348034,-0.023623112452199613,-0.0004304114520705671,-0.010032046816218498,-0.009215844785771976,-0.010069444444444464
2023-07-28,0.008903134128907197,0.006118185985385605,0.007555159382788501,0.013847530845074951,0.014296042336484183,0.05858744077566014,0.0017963209601323804,0.005528997271033953,0.003027245206861817,-0.02297233942803567,-0.014720917173087544,-0.020021502245357925,0.002955665024630516,-0.02953655352480422,-0.011925640126271508
2023-07-31,0.006706667950949541,0.015140248113433952,0.005151997276145792,0.01978551580066301,0.010917324051668453,-0.0015162806991032562,-0.009066971759844944,0.01986045283757809,0.0015090543259557165,-0.03262955854126681,-0.029881607820445577,-0.008787345985792117,0.0005613247263542842,-0.027576929544308015,-0.054668086616968425
2023-08-01,-0.007596936828326184,-0.005256727251021109,0.004212153680855035,-0.025284725029570243,0.010866303848049874,-0.028094198327503705,-0.01911915198847125,-0.02599178828629778,-0.01180311401305878,-0.01388888888888884,0.023025228189623048,0.010859915256908437,-0.004768583450210362,0.0006916825177243346,-0.020277882087870847
2023-08-02,-0.020139048876643306,-0.023104397435840918,-0.0019203803994120028,-0.016951324828972103,-0.0063173745978155615,-0.03242185411800114,-0.03383220327238434,-0.01875415026389926,-0.005590851334180469,-0.017605633802816878,0.003279195598627105,-0.009427797090559409,-0.0007046223224351778,-0.011750475203041288,-0.01878114220007665
2023-08-03,0.023317337891407774,0.02591527542268568,-0.0031392157832278444,0.012671409872578199,0.02349958114262507,0.035526870890419726,-0.003998866571229387,-0.00707246230649794,-0.01584462049578328,-0.015360983102918557,-0.004754118354344916,-0.0013279672468969883,-0.00507685798900015,-0.0006994229760447501,-0.020312499999999956
2023-08-04,0.012919878811448848,0.015573226186887723,0.0037078050471186508,-0.007997910085192239,-0.004130164498666988,0.004678302236672982,0.00665531676806963,0.0013143448124945944,0.013762659049597614,0.007280291211648526,0.015076909515423509,-0.015735828704405708,0.008221119773210495,0.010673665791776088,0.009569377990430672
2023-08-07,-0.01043601053075871,-0.010625419665063918,-0.0030868759988363914,-0.008322513553119526,-0.015250473419155308,0.05743112436707354,0.007653364335488355,-0.020112646390639366,-0.0035860655737705027,-0.00413009808982967,-0.01970582849839153,0.004728678393726815,-0.00014058765640379,-0.02042936288088648,0.03870458135860977
2023-08-08,0.009725824545016692,0.011959918212595122,-0.005126891160374347,-0.017046959831690134,0.02324650274622142,0.019082586273843738,0.014512893766005286,-0.018364927005714016,0.007197943444730015,0.007257646448937338,-0.0012001474146356994,-0.029134916280477707,0.0025309336332959287,0.010957935666313201,-0.0019011406844106071
2023-08-09,0.016014911362848716,0.01784856958050285,-0.004745164912636435,0.005202779523049594,0.0393440892651058,0.06553840960295454,0.029278449209073187,-0.0029493083688419963,0.002552322613578406,-0.009778692743180661,0.0031540864929009427,-0.015928033747988235,-0.00014025245441795509,0.0010489510489510856,-0.0323809523809524
2023-08-10,-0.013135368198663011,-0.0187204005034316,-0.0008715016882763216,-0.004379561119956632,-0.01674461177359554,-0.06623862516201429,-0.00809315617214601,0.004238440309207725,-0.00865580448065173,0.004677754677754775,-0.0028447737505881143,0.007741070619381674,-0.004769252349558162,-0.01362207474676913,0.004330708661417271
2023-08-11,0.004745324368912618,0.004467553102456279,-0.0011801779461809714,-0.00973073255587642,-0.01008468309035171,0.0025334670479293386,0.020725023280018018,-0.003165413814399498,-0.007704160246533087,-0.018106570098292862,-0.003903936068879954,0.016992522554130973,-0.0060606060606061,-0.007613314447592057,-0.01724813798510383
2023-08-14,-0.006911628740873033,-0.008174062810669236,-0.0013356496550632757,0.002692149844329972,-0.01063592035757821,0.009025305248944182,-0.019798335307757653,-0.0013231316454158648,-0.0005175983436852549,0.0026343519494205214,-0.00030142665315435746,0.058136860268536594,-0.001701644923425949,-0.007314897413024046,-0.01715197447147987
2023-08-15,-0.015311445410535529,-0.018422060757570802,-0.00452677408854163,-0.016915012689092124,-0.01952526424024703,-0.0486583730555451,-0.020163770646276613,-0.002163919286568672,-0.004919730709476933,-0.024697845507094085,-0.006332903662212952,-0.12654121034975663,-0.0021306818181817677,-0.048705966930265965,-0.02840909090909094
2023-08-16,-0.016963157636467607,-0.019879005467560162,-0.0035654725701970147,-0.002731118537694144,-0.002344816714937026,-0.02519741041011403,0.0068478779607659135,-0.005089611622612233,-0.005984907624251856,0.0118534482758621,0.013201746540868475,0.0017335617340090703,-0.00185053380782918,0.008690723597203798,-0.0012531328320801727
2023-08-17,0.00802882951278483,0.012723635313391046,-0.0067935991933471,0.009311220050849167,0.024131899954327185,0.011188288496781995,-0.01583478226956092,0.008451981224494087,-0.006020942408376917,0.007454739084131967,0.014827101137302012,-0.01211370555373148,-0.0025670279520821904,0.0014984079415620855,-0.013801756587201952
2023-08-18,0.008083693330637853,0.010697855664647538,0.0006788057964024485,0.003662997028031967,0.021300616552990537,-0.026707337606796,0.0005315558812166721,0.0011027621723043168,0.004740584672109582,0.01374207188160681,0.007821705469124973,0.01076073004827438,0.0032885330283098924,0.01945015896764546,0.04028837998303647
2023-08-21,-0.004009480601995241,-0.006523061899038507,0.0033915992695017216,0.0035144665746680293,-0.013767113250978569,0.031752194226550845,-0.01792294279735962,0.026834155887072164,-0.011271297509829581,-0.02137643378519294,-0.00439307435548153,0.014607561241995137,-0.005130397605814463,0.005320124747752786,-0.022829188748471285
2023-08-22,-0.005091171084973811,-0.0045837802401709205,0.0015600624024960652,0.010371786551650164,0.007252402203776764,-0.027355633562959225,0.005951091599567082,0.004977652658272991,0.003976670201484733,-0.00586041555673944,-0.04088834926671292,-0.008540751840549587,-0.00014324595330184042,-0.013503649635036474,0.004171881518564957
2023-08-23,-0.009758416122055746,-0.018170492995627008,0.011474545994775376,0.014131442156842366,-0.003090296216179733,-0.024609361393958973,-0.007278301959774969,0.04026476474744123,0.015843675732770013,0.020900321543408262,0.01441500467111756,0.016490308659436348,0.007736389684813716,0.005919348871624042,0.017864561695056125
2023-08-24,0.001802686306084711,0.00202818688486861,-0.000513320677856477,-0.009464970145179219,0.008724515114865827,0.008810602551642122,0.0040450560134688285,-0.0062389862422415066,-0.0031193137509747393,-0.008398950131233596,-0.00922147537839313,0.023486712365692997,-0.0028433323855558967,0.0045972784111805165,-0.013877551020408219
2023-08-25,0.01343573342588189,0.009867156852431336,-0.0036977819640249265,-0.00199069234098892,0.04787096753726017,0.008336605002795983,0.03467626744561514,0.00037168521271890853,-0.0007822685788787531,-0.0031762837480148187,0.01815688777514679,0.00023651663839685533,-0.0014257199885941985,0.01116602599304417,-0.017798013245033162
2023-08-28,-0.0007102886553490562,0.003382145019084515,0.003556896915936081,-0.0015957558449171128,-0.031383166602511725,0.015354344455904334,-0.028055875686808673,0.0007432517302574659,0.0015657620041753528,0.016463090812533165,0.0025475522312805587,0.00685909294652709,0.001856082238720802,0.010318609703113601,-0.008849557522123908
2023-08-29,0.012674718289887643,0.013233523198265207,0.009400003235477739,0.01038892777498357,0.0018104094188025055,-0.008918186095916547,-0.0018600520415459343,0.022237789345398884,0.009640437727983286,-0.018808777429467072,-0.005082271442903186,-0.015034118464976598,0.006270485962662109,-0.009496506002508509,-0.031037414965986443
2023-08-30,0.0043280238136353955,0.0057909508391018605,0.004020164119999503,-0.0021091212864169373,-0.035301474510606834,0.09389671755634765,0.006701352206322397,-0.0017355278760649018,0.0002580645161289752,-0.01650692225772099,-0.015324469358168002,0.008824260230740011,0.00028324599915019455,-0.0005426917510853446,0.012286090390522197
2023-08-31,0.011646866909984954,0.024500797100250438,-0.003598568467277019,-0.0033025224307154932,0.014986134729829681,-0.010014347750380903,-0.015235636091371352,-0.010592671552072441,0.00361197110423106,-0.0016242555495398214,-0.00030522234027308137,-0.010165455775339782,0.0018405776582188782,-0.01538461538461533,-0.006501950585175553
2023-09-01,0.019456624793125377,0.02295833865116359,0.0006103826018479808,0.010603038157336986,-0.011964627927125493,-0.0010837365188629544,-0.0633313979348491,-0.009807117110207875,-0.010796915167095134,0.008134490238611791,0.015720489338584276,-0.01433006884421395,-0.0036743923120406974,-0.0027573529411765163,-0.009598603839441555
2023-09-05,0.016826626904785424,0.013325533009726831,-0.007371257272107301,-0.00039341410652538045,0.03690819402803314,-0.06618447768354763,-0.003936409078859837,-0.027814450999315454,-0.010135135135135087,0.013448090371167343,-0.008264508287551209,-0.015507691361181575,-0.00553191489361704,-0.005345622119815707,0.008810572687224738
2023-09-06,0.006219430840733953,0.009805034608178831,-0.004301968923021149,-0.016399894572821316,-0.008355091731838238,-0.027885370342446425,0.007903838890013226,-0.014941895820940743,0.0007876082961406627,0.0010615711252655036,-0.009848507967862186,0.004430269172107648,-0.002424761089716121,0.008339510748702761,0.014847161572052459
2023-09-07,-0.007505522258590469,-0.007653623051613101,-0.0008743705455039885,-0.006002410962891114,0.006139052691052527,0.02749004222478546,0.008303224745675575,-0.01103157021251655,0.0013116474291710034,-0.0015906680805938267,-0.022800273887681577,-0.011516814841308953,0.0030025736345438148,-0.011211174416467573,-0.016351118760757344
2023-09-08,0.008118364899897257,0.007367323234873657,0.00010293496621627263,-0.01221149736782945,0.027021093397394447,0.010081435799395688,0.011704234788589618,-0.0025272576316798245,0.001833900969347546,-0.004779607010090281,-0.011118056337092619,0.021070897691141788,-0.0007127583749109156,0.0033457249070631967,-0.007436570428696387
2023-09-11,-0.00011033795986881145,-0.0025140122881112115,0.0023163638817644827,0.024317334510753907,0.01912645905004884,0.0011516395235582344,0.024494033246708957,0.009217213029727223,-0.003922594142259372,0.005869797225186657,0.0,0.00024279219470146884,-0.001141226818830221,0.0022230455724341347,-0.019832525341560103
2023-09-12,0.015666352366585423,0.017756849651809015,-0.006214038562734836,-0.004774505983420996,-0.010082690585770715,0.05176379922925345,0.0033840057233789356,0.0010388333628066349,0.0028878970858492448,-0.01697612732095488,-0.006809189149418526,-0.016504824740215418,0.0009997143673237119,-0.015341959334565614,0.007643884892086339
2023-09-13,-0.001955249945137294,-0.0036019778029610094,-0.0013435872144798022,0.001066084328878114,0.032178592657742255,-0.02296754030603798,0.0038490978829786027,-0.009296499548997472,0.0020942408376962707,0.0016189962223420729,0.02726401548455648,-0.008144171300914937,0.0011413896418890346,0.003191289656466978,0.015618027666220335
2023-09-14,0.019808443069544435,0.018526966575200587,0.0001552645941138575,0.007055374428249328,0.01341907814999277,0.010447715385159428,0.001570302921498179,-0.007157884957544547,-0.004963427377220442,-0.003232758620689613,0.0,0.0,-0.002565198802907176,0.005800898203592864,-0.002636203866432374
2023-09-15,0.002454678382333819,0.006765671652400274,0.0069328963189310144,-0.005023146929821087,-0.028177495189340873,-0.02363363832657972,-0.012615312718896599,0.016616857430883147,-0.0036755053819900185,0.029729729729729648,-0.0162967442509262,-0.020651873398899734,-0.0017145306472353683,-0.0026046511627907387,0.06475770925110136
2023-09-18,0.005323112939162211,0.007822041865432006,0.00369955473375283,-0.005845642229717729,-0.028107798966782394,0.03176999641109712,-0.0037664869642768384,0.004583624612402248,0.002371541501976271,-0.009973753280839937,-0.015620095641886045,-0.008130112188539096,0.00028624588521530825,-0.017534042156314156,-0.02151427389325611
2023-09-19,-0.0009531289526027997,-0.003060848255534987,0.0001535408795247939,-0.0073499705728443665,0.02603165718420586,0.04398831644054346,-0.014752276305732503,-0.0016356795040236571,-0.004206098843322792,0.010074231177094273,-0.010097789297618731,0.0028176386288758515,-0.003433967663471149,-0.0009493070058856912,-0.012262156448202943
2023-09-20,-0.008585940110625412,-0.010087699558448793,0.0068587934426802555,0.008750680863506721,-0.013960055011736805,-0.040379216128614726,-0.014634475806939884,0.016599130155614095,0.007127771911298764,0.012598425196850505,-0.017487014988808225,0.014559418153336612,0.003302225412778137,0.003420752565564511,0.008133561643835607
2023-09-21,-0.0024590583827739376,-0.007199839772571659,-0.013979970688479448,-0.021353242594482902,0.012384249496420585,-0.04500554085467612,0.00026725601351063055,-0.005725443240746975,-0.024639580602883404,-0.014515292897874565,-0.016974271162108368,-0.017371662139995192,-0.007012020606754432,-0.019886363636363646,-0.022080679405520165
2023-09-22,-0.000321612086923051,0.004462808637023086,0.003093421362921678,-0.0002727849214119171,-0.018349169385922126,0.01034490034970803,-0.022176413368803827,0.0064835533894895825,0.005374899220639717,0.00420831141504463,0.020117299539742284,-0.005380414172729608,0.0024499207378585464,0.0019323671497584183,0.0065132435953103585
2023-09-25,0.00021447703635590898,-0.003887576128697834,-0.004625822426467474,-0.004365034169861337,-0.013308302579726261,0.0007583826233819035,-0.006987270692662806,-0.019113417561898327,-0.017642341619887758,0.00838135149292829,-0.034511068640604825,0.009788736922919483,-0.004744105807935606,0.0011571841851494291,0.016393442622950838
2023-09-26,0.007181886186837794,0.007917028122843117,-0.008674959707530516,-0.006713219319228858,-0.011771250017997281,0.006441818999187721,0.007193701153432652,-0.008425132467811625,-0.004081632653061273,-0.0031168831168830735,0.001872350814494661,0.005102040816326481,-0.000577784197602238,0.0038528221922558004,0.0
2023-09-27,0.02756496373479811,0.03639784199295071,-0.015053663756131042,0.000551749920022937,0.028196521461185453,0.0406626672307564,0.014206478933054933,-0.020610085593825378,-0.007650273224043769,0.007295466388744121,0.012742099765933323,-0.009898461666204006,-0.004914004914004955,0.0003838034926118006,-0.016129032258064502
2023-09-28,-0.012118133209303328,-0.021029047974867265,-0.006504864704275692,0.018610387174803122,0.0009956225550442621,0.06548480400681234,-0.03590389784021353,0.0016906218812107188,0.0,0.010863942058975784,-0.018117796007321996,0.00589589273771618,0.002614379084967311,-0.002110109342029487,-0.0012942191544434989
2023-09-29,-0.000733903300901062,-0.01003160154977123,-0.0066538912820443,0.008526215008709315,0.013321260548746494,-0.0054329483149796465,-0.02610470698963363,-0.012391709357165492,0.0024779735682818327,-0.024053224155578312,-0.018622931408183163,-0.04204893031765111,0.0018832391713747842,-0.019607843137254943,-0.06436285097192229
2023-10-02,-0.048263546238086374,-0.02169843816320749,-0.01012808780951191,-0.025228153330402292,-0.041550156150624185,-0.03038579367097549,-0.011352903090012023,-0.04578159948972682,-0.01235924196649274,0.025170424750917686,0.04195682285917535,-0.02208030840046893,-0.006795835743204193,0.0015686274509802978,0.04293628808864258
2023-10-03,0.0023150599337686817,0.0046161187065763,-0.003085725055513855,-0.004542950529719869,-0.008409646389558545,0.038380271432844504,-0.02159851742031138,-0.0018852349302785898,-0.015294771968854315,-0.002557544757033292,-0.006683337032240666,-0.011969515297682976,-0.006405590333381839,-0.0033281127642913466,0.006640106241699861
2023-10-04,-0.0562032634542764,-0.056147057578712634,-0.0036383117957506927,-0.008712449980236792,-0.055579866978340386,0.004408278048625203,-0.06868356194786596,-0.010482582271636232,0.0076249646992374576,-0.003076923076923088,-0.01715728250081927,0.015143171297210545,0.00439560439560438,0.00019642506383821257,-0.014951627088830244
2023-10-05,-0.020277332633431233,-0.02267874180034868,-0.0016350555483776175,-0.010323710420953813,-0.04940687277203504,0.06887238472034674,-0.004094660204705947,-0.005153645965829234,-0.0008408071748878809,0.02366255144032925,-0.009755257433632591,0.013289920624502072,0.00189642596644779,0.006087981146897015,0.032589285714285765
2023-10-06,0.006066398692539332,0.0058316531547932815,0.0073151555773363075,0.02184948023807709,0.011189724239956123,0.05432728230071082,0.001461879546658329,0.03319269747481224,-0.008415147265077194,-0.011055276381909507,-0.009851359986370989,-0.016059956911075535,-0.004368083867210215,-0.011516689439781347,-0.017293558149589328
2023-10-09,0.042208555421353156,0.04336268025354406,0.010351234642142604,0.004966171137110953,0.02268338106280221,0.011384022684191697,0.02093791970268266,0.00933139729485899,0.014144271570014189,-0.007621951219512146,-0.020247858768976057,0.008977115718652895,0.009359461830944715,-0.0013823064770932536,0.007919049714034232
2023-10-10,-0.005672149646568148,-0.00474642331270303,0.005900337773908415,-0.002882623045589394,0.01803417263382867,0.0017772636523947227,0.009070153714519025,0.0016098545910903095,0.0002789400278939702,-0.005632360471070186,-0.038125767841185154,0.002965775469445431,-0.0011590843233845183,0.005734625271900384,-0.024879965080750743
2023-10-11,-0.02087851453732581,-0.028847310942416993,0.006398975997200518,-0.004955916194293253,-0.0071520834330000005,-0.0014783784942209444,-0.021386835206561927,0.008311979745806441,0.011712214166201829,0.005149330587023604,-0.008705338138386809,0.006182762884324511,0.0020307513780097874,-0.01494298073141953,-0.004476275738585445
2023-10-12,0.002097416753855219,-0.006946870481498002,-0.002278412926866036,-0.005534028907757227,0.015474347203433991,-0.009771984441017123,-0.02040630514191688,-0.0075147292445867375,-0.016813671444321887,0.016393442622950838,0.017750387795477884,0.03553304500213694,-0.0065141864504921765,0.029940119760478945,0.027877697841726556
2023-10-13,0.05686045801916784,0.05765285934345443,0.031067445565586826,-0.003895430436737901,0.05478013247895497,-0.03229666171933876,0.046327979395348384,0.04290562930426933,0.011774600504625754,-0.005544354838709631,0.016155631240990287,0.0,0.004516975083782571,-0.007558139534883712,0.014435695538057791
2023-10-16,-0.013642841589794896,-0.01174590889064131,-0.003708447680594862,0.0019552987797764043,-0.01946009923949843,-0.039246010835814804,0.003399093413709142,-0.005148003527843947,-0.012745912995289599,-0.006588950836289964,0.009936821443905952,0.006707961977743704,-0.004786771105309007,0.004686584651435233,-0.00431220353600692
2023-10-17,0.0027886223730608783,0.0,0.0007237255381336016,-0.003205988872824417,0.00873242503313354,-0.009649395851608733,0.005059340842382243,0.011189750224225303,-0.012068481616615223,-0.0020408163265306367,-0.009839052535681736,0.024602704473632775,-0.009182334936598147,0.008163265306122547,-0.011693373754872227
2023-10-18,0.01779753556133712,0.019155273050613264,0.016841503579371198,0.0018179291571085443,-0.011773225640319795,-0.007469958407224531,0.03020354967659289,0.0035428146484837164,-0.006534090909090962,0.006134969325153339,-0.008852716843319008,0.035017509823561443,-0.003236245954692518,0.01098901098901095,0.017090271691498682
2023-10-19,0.0096174563215079,0.01188862155101833,0.006198217176867082,0.002652157079104933,0.010734873430368053,-0.03239528052918317,0.003484244314879037,-0.002484358145269705,-0.013154132113239903,0.026422764227642226,-0.03189937988571201,0.02223299293965697,-0.004279811097992914,0.003432494279176135,0.023696682464454888
2023-10-20,-0.0023813985478382538,-0.006937481565711834,0.007018442016694104,-0.013782538758535967,-0.005168641127601847,-0.019614503686618767,0.005038721187261341,0.020273549156168746,0.005795421616922702,-0.01881188118811883,0.005272053776672392,0.0021276451453531298,0.005483918778716568,-0.010072215887495295,-0.013468013468013518
2023-10-23,-0.0252821369191486,-0.03673241843639963,-0.0033092536628285263,0.008752088770868749,-0.019356271346718246,0.00931362176088113,-0.019000662943469027,-0.011948067775201299,0.01382886776145198,-0.010595358224016138,-0.027158658541220904,-0.00802074533012298,0.004569575471698117,-0.011902476483010127,0.00213310580204773
2023-10-24,-0.019592587112939652,-0.020470230947819967,-0.0008552536474630834,0.010355427188980082,-0.016346325958518926,0.01537930145477695,-0.02615416451260577,-0.003987558915387268,0.00028417163967042747,-0.012748597654258065,-0.011936829962986284,0.03258029062314205,-0.0011738811445340946,0.006605789780454563,-0.011494252873563204
2023-10-25,0.02339045720145294,0.01970386395952839,0.004430818657821467,-0.010526279639112235,-0.0047292211967581155,0.01312690505154479,0.0073204679548026785,-0.0044821033756419215,-0.014488636363636398,-0.008264462809917328,0.024941519620195196,-0.011515430353364331,-0.006463934185397369,-0.00540436209226014,-0.02067183462532296
2023-10-26,-0.024409153614600387,-0.025529925292868128,0.0012531956335677386,-0.000979838945981637,0.004421738362175631,0.06777408532612861,-0.01230190627358596,-0.003934088796884727,0.013548573075814252,-0.0015625000000000222,-0.016349749441103345,0.0006989463756679193,0.006358125092414513,-0.006792159906850337,0.019349164467898028
2023-10-27,0.029000375786507382,0.028001464447672042,0.0005507037010576976,0.018355056805555936,0.0026281733858164458,-0.015556923622897179,0.024998919449476187,-0.0007460480921032131,-0.0034129692832765013,0.003129890453834161,0.01024350139357355,0.030034910119870473,0.0007346459006758455,0.013872606486909023,-0.00690250215703192
2023-10-30,-0.033488133247943974,-0.037760151068075065,0.0035526522821804907,0.00426522564048093,-0.02804806901178669,0.059418445550065035,-0.039999987628008826,0.022485688184272767,-0.001997716894977186,-0.005200208008320328,0.0022957514986388095,-0.03594031219675997,-0.0019086771399207114,-0.011177490846020377,-0.01650738488271064
2023-10-31,-0.0004573274731671795,-0.01567246936933797,-0.005634187722061146,-0.0021920529489821705,0.00832684701055264,0.06652746113304153,0.0012162569250124822,-0.018941671357483814,0.001429796968830388,0.001045478306325176,-0.01851500729154021,0.010550996483001063,-0.00044130626654903526,0.003313194309101597,-0.017226148409894004
2023-11-01,-0.031804213387723324,-0.0071586549702701285,-0.003409742095789814,0.0009611381971377231,-0.009862924857971134,-0.022657367430768738,-0.0167364963722878,-0.006829829693913991,0.00913763563677894,-0.007832898172323799,-0.029560418070656347,-0.001392125530198629,0.006475349521707141,0.0033022533022533107,0.009887640449438129
2023-11-02,0.02623184795877398,0.025111842140206342,0.0030188679245282124,0.006035685734353535,0.021610714578698786,-0.006296529665371975,0.02768252003921612,0.002909410901256404,0.018675721561969505,-0.010526315789473717,0.008416796715476904,-0.009526036620952416,0.005848808305307873,0.00987415295256544,0.006675567423231055
2023-11-03,-0.0225676352205888,-0.023647792504152165,0.0028592682076122866,0.0020452503762391494,-0.03361430029172097,0.012384856766531671,-0.020035652387418112,0.019779384370119724,0.01027777777777783,0.015425531914893709,-0.01907788335243965,0.037063145116063456,0.008140718127634727,0.01802147239263796,0.012378426171529622
2023-11-06,0.0034161964614491946,0.0038504229334039852,-0.005302108765921187,0.009525128844657837,0.009781783150481616,-0.07140829543337202,0.01585640637011987,-0.0022412846557293697,-0.01044817156997524,0.0,0.02917339159041643,-0.010404899434537818,-0.007065609228550818,0.009792843691148745,0.005676855895196509
2023-11-07,-0.04191124303867011,-0.042687416001848,-0.007593269521935064,-0.010648334627458733,-0.038612682295449896,-0.037990145949572174,-0.03050220280476401,-0.027690213099181515,0.013337038066129514,-0.01833420639078054,-0.025787353902912202,0.022628557477678557,0.004937554458321225,0.006154419992540072,-0.009552757273121992
2023-11-08,-0.025364534730338617,-0.026366819737737024,-0.007955384429630064,-0.011444156523158222,-0.031426079821844644,-0.010828075533129367,-0.01808371387879426,0.00617557946266456,0.007403345215245327,0.016008537886873064,0.009294788217249161,0.0053643136549521575,0.0018786127167629285,0.0001853568118628246,0.038579570363875604
2023-11-09,0.005908991894559845,0.005442665906664423,0.006129328685624769,0.00192942928388673,-0.010948678174042659,-0.02092725638702353,0.01517500383082715,0.008124697331463704,-0.016058791507893355,-0.01680672268907568,0.01001000985711653,0.00022233460700227248,-0.007356122890523564,-0.015752409191994055,-0.01941747572815533
2023-11-10,0.017747758168129124,0.01888038480998988,-0.01629611983985224,-0.014167835529877881,0.008826423979099163,-0.0026306798073646442,0.013282170288772432,-0.026980826012055648,0.003596127247579517,-0.008547008547008517,0.014866203937720313,-0.0011113580946503498,-0.0010171461784365121,0.00433063453210325,-0.00947051226861817
2023-11-13,0.013385685052261342,0.014124711586734229,0.006450947161577014,0.022045485755163075,0.03506980855503006,0.054071887485925174,0.021191975241491967,0.003781212388570543,-0.0008269018743108925,0.028556034482758674,0.006640627881279171,0.0438362538375312,0.0001454545454544487,0.025871766029246235,0.006518904823989535
2023-11-14,-0.0006058582694753456,0.0,0.0083581423629564,0.005460745787656318,-0.000774799525765979,-0.028464209993295686,-0.005858897654990702,0.03497917817471041,0.01903448275862063,0.002095337873232017,0.02347689295651767,0.009592837223299844,0.013670738801628834,0.0005482456140351033,-0.012089810017271163
2023-11-15,-0.015642062524954925,-0.020444651551834947,-0.0011187140462115552,0.009504436366160274,0.011138133358432167,0.02704446621717671,-0.009447502380914297,0.017591755665661735,-0.010286951813752054,-0.015682174594877196,0.0056871893281620345,-0.00929052753331816,-0.006312769010043073,0.01187214611872145,-0.020104895104895104
2023-11-16,-0.04631685294525356,-0.049047768805272285,0.011709005461625566,-0.0034969768780473975,-0.041307907115905707,-0.040125397706846755,-0.04573536881732454,0.01733019277986747,0.009299781181619338,0.00849707912904929,-0.02676716662331835,-0.005115141414368751,0.005919722783713555,-0.017870036101083064,-0.012488849241748423
2023-11-17,0.04120385581054986,0.04101505900117308,-0.0013083568622580533,0.00890808279859967,0.00810850290524412,-0.03331156005403424,0.03969349975467096,-0.0034739738161877476,0.0008130081300812275,-0.016324381253291165,0.007360008629801129,-0.028920309239569675,-0.0010047366154729565,-0.014703179562580382,-0.0049683830171635135
2023-11-20,0.0212132374584435,0.022532601109836126,-0.0022169105920277765,0.02006690264630917,0.027772732791983445,-0.026351374209231615,0.01899752435400237,-0.009660193291987307,0.0035201733008394243,0.005353319057815886,0.02114982357849704,0.015221761746911477,0.0008620689655172153,0.020145495243424794,-0.013163867453472533
2023-11-21,0.0015791697509706104,0.0021906980964954137,0.010755908818169901,0.0005246146780546468,0.026460823170387338,-0.012491330233395437,0.003503981836489256,0.01119640076630457,-0.0016189962223421839,0.0010649627263046302,0.020335115871697562,-0.0021729682170241738,0.0008613264427217437,0.007313951362223348,0.021159153633854677
2023-11-22,-0.005942970065567432,-0.008615124056393308,-0.004396446275553356,-0.012583587914200334,-0.012239727679997925,0.017919929389228706,-0.00062673199821206,-0.0071718963227281884,0.00216216216216214,-0.0026595744680850686,-0.010887620733341263,-0.002395483611223659,-0.0011474469305794432,-0.015066255218732949,0.0013513513513514486
2023-11-23,-0.007198588878491119,0.0,0.00025090324555843146,0.003318743580612127,-0.006195697490064989,0.012771812192661658,-0.00806302093991007,0.0,-0.003775620280474623,0.0,0.0,0.0,-0.0020103388856979043,0.0,0.0
2023-11-24,-0.009708748787777721,-0.020233431770006693,0.004866277496746063,0.004630834480789714,-0.01236418519921556,-0.02692569726463845,-0.022263346363594616,0.027754290446514007,-0.005143475906876027,-0.011733333333333373,-0.03861939839090944,-0.0015280772706932622,-0.0018705035971222639,-0.01898267600442316,-0.012595591542959972
2023-11-27,-0.007445997275838501,-0.009001857253565504,0.004692972747909474,-0.008955595991503196,0.0007757831230892354,-0.021366062455813184,0.006835634672849755,0.014098417745013636,0.010340136054421745,-0.016729627630868826,0.007374365944442962,0.0028421913596288206,0.005622026812743153,-0.0007514559458952075,-0.02642369020501134
2023-11-28,0.02125527477981537,0.02070535718835509,0.013714954905138077,0.010232576766504131,0.024349040978273173,-0.031495999832748645,0.022982746780299212,0.010457174566768535,0.002962563964449272,-0.008781558726673966,0.027547684634544822,-0.018312675366294107,0.004873853211009083,0.012596352697875624,0.017781937295273664
2023-11-29,0.017384894265914053,0.018976532898155263,0.0034803801891849506,-0.003946357389501665,-0.006363979784204554,0.03621574572280517,0.024035906906847204,0.005695956543360969,0.00886143931256722,-0.003875968992248069,-0.012373450422273558,-0.013324450727630444,0.003708987161198385,0.00037133308577796953,0.022528735632183938
2023-11-30,-0.003249057136270439,-0.02440279361655051,-0.004396463341964529,0.0113576288119972,-0.020079656650830113,-0.0007132150899579193,-0.03669647664419917,0.008814564438401451,-0.008251264306627593,0.026681489716509077,-0.00740317743715202,-0.004726481304600072,-0.004263786242183043,-0.0031551596139569593,0.025629496402877594
2023-12-01,-0.047688089947087065,-0.024881508852397816,0.025317686180287957,0.02089316369437344,-0.05970673629168921,0.004282600038800544,-0.035776009225470196,0.008144596833256745,0.014761137949543812,0.005955603681645938,-0.01740294189097802,-0.03821805506000342,0.007993148729660282,-0.013219139824986015,0.011836913634370783
2023-12-04,-0.010775843099871119,-0.013905748393959416,-0.02273053601468611,-0.022640067716001244,-0.0006763330030797876,-0.04264388422007004,0.0061761103026818365,-0.0370210684263832,-0.005025125628140725,-0.00914962325080737,-0.0036979843802330548,-0.007053844547628696,-0.004106485414896666,-0.014150943396226467,0.03249566724436748
2023-12-05,-0.010636958144806585,-0.009857628856492329,-0.002888993479979507,-0.012563763944569817,-0.006993265259838344,0.005939136002577117,-0.011198590088526084,-0.014416619309840395,0.01594896331738438,0.017925040738729026,-0.018948963313699996,0.026995085824277343,0.006682781174463193,-0.0005741626794257826,0.04196391103650865
2023-12-06,-0.03756468926324752,-0.04065268879718564,0.005696594464363436,-0.01484426606009015,-0.02457306544319804,-0.052029531527733486,-0.03795671566921699,-0.012892040490234513,0.009419152276295195,-0.008004268943436532,-0.018518524145164528,-0.021443435667019117,0.0016949152542373724,-0.0076599004212944966,-0.00805477245267816
2023-12-07,-0.003364737412269614,-0.0005765482431663305,-0.0007324576308012087,0.018296741283480467,-0.010480533468278597,0.006228116928489458,-0.014284328540848268,-0.006572045226414747,-0.002332814930015581,0.007530930607853703,0.036924318543700485,0.00023564115210628067,0.0002820078962211259,0.012543419529139399,0.016646366220056885
2023-12-08,0.024172764515373313,0.027257097185772183,-0.015588362017927682,0.009380380679734568,0.01247451394110799,-0.0015473688365800209,0.024285408441938383,-0.032066394248763674,-0.010392309690828827,-0.005339028296849957,-0.018782998884923185,-0.0007066850246613132,-0.007893994925288972,-0.005908137983609674,-0.01757188498402551
2023-12-11,0.002505306574116073,0.0012634610929280754,-0.010325166953648601,-0.01047119438535471,0.010732253543231485,-0.0581170438425056,-0.003268514370018072,-0.008619561553113608,0.0,-0.011272141706924366,0.01814555971533771,0.015322960426572774,0.0005683432793406329,0.024539877300613577,-0.03861788617886175
2023-12-12,-0.03669605366726725,-0.03799774391571298,-0.00025078999460581564,0.0015873127002865584,-0.03883160183522072,-0.04936235534411171,-0.031031347297699297,-0.0019760275271949457,0.003938041480703536,0.004343105320304019,-0.013121855965970486,-0.003482702478492139,0.001988071570576455,-0.00916916167664672,0.02663847780126849
2023-12-13,0.013926874688857893,0.012534624729646282,0.0020570428239472527,0.0,0.016231936754894427,0.0103850836430317,0.02283173762370372,-0.003915905464392577,0.01778242677824271,-0.012432432432432416,-0.011311762288715443,-0.018872334280383152,0.012329931972789199,-0.01227573182247399,-0.035831960461285006
2023-12-14,0.03164554816211829,0.030372831053337546,0.02383216062797655,0.027073418249222936,0.016953815043472265,0.02441110101391719,0.046372644160881826,0.06435799886699844,0.014131551901336081,0.0,-0.0108390389168036,0.0,0.005599888002239872,0.004971319311663391,0.01495087569414788
2023-12-15,-0.0007831556992005106,-0.002095578681779675,-0.004499033269278585,-0.000900086090659391,0.011384250186314837,0.04138795099062831,0.008589843174626521,-0.009379142839321397,0.004053711679756766,0.05747126436781613,0.014407526719911523,-0.03680835852609743,-0.0011137407768342378,0.0013318112633180501,0.059343434343434254
2023-12-18,0.018288619734447176,0.014559721560745809,0.002357935326059213,-0.00952379432767525,0.019841287169208854,0.004817376245105365,0.01029472864017289,-0.00163391133106483,-0.004794347716376435,-0.012422360248447228,0.013002554298005231,0.01775143387846878,-0.0013937282229965486,0.008550256507695142,-0.019467620182757273
2023-12-19,0.01642086541121124,0.013384865521790745,0.005684929015559836,0.012473975633472856,0.016462103150107987,-0.004394693524492399,0.01936082615850565,0.008770154279064801,0.00380324543610544,-0.008909853249475908,0.0017772542194438579,-0.02325575549859793,0.002093510118632347,-0.010926902788244153,0.009319286871961152
2023-12-20,0.005932015289602521,0.010620898057828843,-0.0021442163028014827,0.0014117244174900456,-0.0030550891020119098,-0.018057814780918058,-4.5391397344385354e-05,0.012770349203467646,0.005304369790351204,-0.0063458487572712885,-0.003351038251119598,-0.00818456897479558,0.005292479108635062,-0.003238095238095262,-0.020473705339221215
2023-12-21,-0.0038895554637858876,-0.004446265502925373,0.0017581177624141908,0.0017941739091058562,-0.004319702908521905,0.051082958167526726,-0.019175756643397546,-0.001642950479598615,-0.003266331658291488,0.0058541777541245565,-0.03006329937654295,-0.01125281337504802,-0.0009697977279025105,-0.008408178864895866,0.004098360655737654
2023-12-22,-0.0040307305363948,-0.004466123071871553,0.008677447669488414,-0.003326087140847922,-0.013200810983875377,0.014774443234224055,-0.01315725961668568,-0.0006993167223640073,-0.0015124779430299995,0.0010582010582009804,-0.01039971710255394,0.010622185816550056,-0.0006933851060879626,0.0019271535941414175,0.00612244897959191
2023-12-26,0.025294043350438056,0.027324662900232166,0.0003382877284032748,0.0,0.0028558803972305036,-0.02298848474755899,0.013238773278718252,-0.006010778521731819,0.0037869224943196667,0.015327695560253707,-0.012775581031938099,0.00900902414546767,0.0011101859561477578,0.010386612810155738,0.032454361054766734
2023-12-27,-0.0175157046292177,-0.019319823876784437,0.0112571496175764,0.012321935042060028,-0.01682410707609483,0.027058826279337866,-0.0015289587504802027,0.009567632077617239,0.013078470824949617,-0.007808433107756363,0.006887953080895626,-0.010664727629866588,0.00540615469919592,0.002665143727393904,-0.020825147347740658
2023-12-28,-0.015819235556713496,-0.0315747395495003,-0.004586544937339454,-0.0077342297009269645,-0.02576318207896211,-0.023673171910267188,-0.032389745235085754,-0.009887147561097764,-0.005958291956305817,-0.004721930745015701,-0.015547263140639256,-0.014790659279918295,-0.003860471529022469,-0.008733624454148492,0.013643659711075395
2023-12-29,-0.01722156505462813,-0.0016719398467338609,-0.00561552732031434,-0.008305654925399919,-0.001251737215580917,-0.016816575732866768,0.00834453564461679,-0.011643330084871284,-0.0014985014985015033,-0.00632577754348973,0.0073699402348050835,-0.01781170483460559,0.0,-0.009002106876077387,-0.005542359461599422
2024-01-02,-0.014927330116984994,-0.01772511158987533,0.0007722045940339317,-0.002963566532974915,-0.01069292947139644,0.02147976950973396,-0.0036622298542773324,-0.005030848782513031,-0.00900450225112559,-0.01591511936339518,-0.0010451345506077292,-0.018393798195636357,-0.005259515570934292,-0.015075376884422065,-0.0338375796178344
2024-01-03,0.031097649615654976,0.03296390715206443,-0.014758297943891718,-0.0055569585011168154,0.03111882577008651,0.038940771646164274,0.03016850455014297,-0.0331606060213967,0.0025239777889953796,0.0032345013477088624,0.006486661491003076,0.005542375659391974,0.0019479615973285735,-0.003532182103610726,-0.010712814173877261
2024-01-04,-0.0084345515924521,-0.007015055409136051,0.0035245501271674584,-0.004288497938198299,-0.0061434621868433625,0.05734637081434868,-0.02224172249118872,0.0018740162349903944,-0.010322255790533696,0.002686727565824887,-0.004573750789705788,0.000524966422654094,-0.004721566449104264,-0.005907837731390364,0.022074135776759762
2024-01-05,0.01507933823381924,0.022440712874367774,-9.753715701221743e-05,-0.00952753230428538,0.007765460364153043,0.025522788285323283,-0.002180014216304982,0.005785350311548587,-0.006614093106079855,-0.012325830653804881,-0.014828798732895887,-0.03305353016796997,-0.002371982698479158,-0.009706814580031642,0.004074979625101838
2024-01-08,-0.03351954441395333,-0.041186844818875024,-0.00795201894811337,0.0013176639541592206,-0.012114241298795791,0.03007263566928331,-0.03690330102443551,-8.64501941706397e-05,0.0040973111395645745,-0.012479652740097658,0.00572398703083743,-0.001356483971027389,0.002937062937062862,-0.008201640328065585,-0.03206168831168832
2024-01-09,0.019311528353493035,0.020771531587279624,-0.0002458814851241664,-0.013422787206381792,0.028522611599860914,0.0704698110076738,0.024164129986208538,-0.009342625552745454,-0.0010201479214485554,0.009340659340659307,0.014333902294696443,-0.005704987961681951,-0.0012550550829730778,0.0016135538523598392,0.023060796645702375
2024-01-10,-0.01018163839952424,-0.012043122133366335,-0.0025577723422897103,0.008670078497812206,-0.018789586692241622,-0.047335429523394534,-0.004574357766299997,-0.0008731466556609613,-0.0020423793719683836,0.0005443658138268859,-0.005403124008818816,-0.012841563407189227,-0.0002792516056967509,-0.010269834877164707,0.0012295081967212962
2024-01-11,0.007942715965004066,0.009107382254031071,-0.004241097469752986,-0.001190138159818388,0.02814734572536648,0.01908517560520573,0.02273493420798456,-0.015163437784921907,0.004604758250191798,-0.003808487486398282,0.010656045027774175,0.00027679520313994566,0.0041899441340782495,0.0020345879959309254,-0.011461318051575908
2024-01-12,0.011368004286101296,0.009164172353136602,0.01604603172933472,-0.009665027734902298,-0.001682965171698303,0.06974494292003408,0.0028378384930927147,0.027732172951330902,0.00127323656735423,-0.02348443473511741,-0.01281784051221202,-0.02794689063112865,0.0022253129346314626,-0.0207106598984772,-0.012836438923395477
2024-01-16,0.0,-0.0038524873159216932,-0.010430954116653846,0.007085557909354723,-0.003259330952452455,-0.12466039025372477,0.0007546229510850821,-0.009886887361439944,-0.014750762970498488,-0.007829977628635354,-0.010471204188481686,0.056362137769886855,-0.006661115736885881,0.01783122537839521,-0.023489932885906062
2024-01-17,-0.005236986298566504,0.0022098899080500445,-0.01167370295629988,-0.009026926835468574,-0.002630974074241732,-0.010344899593718315,0.006362210606103869,-0.018183395396530688,-0.002323180175529127,-0.002818489289740711,0.009523825670676223,-0.03341415708041107,-0.0037720033528918506,-0.01751884294153594,0.0008591065292096189
2024-01-18,0.015665142061231707,0.02094824040248211,0.00752552982105037,0.003348910652279935,0.015073847675719731,-0.06027869886918147,0.022525050753546383,0.006706300595118897,-0.007244501940491643,0.003957037874505298,-0.0016771872070250327,0.00724832867983527,-0.0019632590099565306,0.006427534729421591,0.0051502145922746045
2024-01-19,-0.0068268132230623335,-0.009044251517073332,0.003808900541738325,0.011214968383594481,-0.011694335974236303,-0.06599924788088585,-0.00948018199521028,-0.004235261488605424,0.0007818608287724071,0.0033783783783782884,-0.015119643472393585,-0.013285325090349076,-0.000702543206407169,-0.00020601565718991743,0.013236549957301502
2024-01-22,0.019093686947752708,0.02424735990328819,-0.0034987914479922555,-0.006073409629378412,0.011795185899047489,-0.03969834892061408,0.034677180835988475,-0.018076250681950512,0.005989583333333437,0.0005611672278338364,0.026865634979520214,-0.00196356860317326,0.003374578177727683,0.009066556769008915,0.0054782975136957734
2024-01-23,-0.006370153914415089,-0.01090570113311573,0.0017802876783592492,0.007040379138754105,-0.0008168281468994287,0.012815270143832658,-0.012378205740818826,0.007715540592583503,-0.007507118819570335,0.0016825574873808868,0.0010381901415896788,0.014896060967913405,-0.0025224215246636428,0.012456606085358368,0.0
2024-01-24,0.006159620929878873,0.009681236583545472,-0.00483761901071833,0.024271206815683177,-0.0035299026499517883,0.07795917592809287,-0.0002714181089169543,0.018850162706218088,-0.0049556598852373845,0.012877939529675198,-0.01846088791847922,0.006092444343029024,-0.0022478224220287,0.0006050826946348842,0.023889354568315202
2024-01-25,0.029860061997885268,0.030230448570623958,0.0008928813631572385,-0.004378611780549324,0.04235961680910627,-0.026505086097452613,0.024847218423027506,0.002329220204937421,0.004980340760157187,-0.001105583195135429,-0.016694863073165922,-0.014037918407098338,0.0030977189524077353,-0.013908486192299896,0.0024559967253376946
2024-01-26,0.013587319452086799,0.008402294735658566,-0.000247794621816122,-0.0038804466664635884,0.017171102138833216,0.054842391507959,0.01311607522841074,-0.0023238075454502516,-0.0020865936358893666,-0.01217487548422802,0.00859663736025884,-0.025684008636252753,-0.0025266704098820814,-0.011242845461978734,-0.01959983666802778
2024-01-29,-0.01376423080638911,-0.01576725193245876,0.004015255732850775,0.00584334478749704,-0.00334107993872923,-0.08185836740234154,-0.028595159524069103,0.016831524572191947,0.008102456874019781,-0.013445378151260456,-0.02940552011807762,0.01518621144117116,0.00436251055446113,-0.01240438288195167,-0.011245314452311583
2024-01-30,0.005703898203879509,0.013545206200338944,0.003011738675031461,0.008649676054211186,-0.00956282383038265,-0.1658634960761951,0.014449225773472296,-0.0013397932697253312,0.005963183821622975,0.017035775127768327,0.009879270482475055,0.024555496773302155,0.0009808042594927624,0.020514967552857533,0.020219039595619215
2024-01-31,-0.013997871650332727,-0.025314844878290943,0.008318928055008667,-0.0010239822901964013,0.0004987865013694748,0.01107366537531873,-0.034237169696088254,-0.0024234974254054853,0.009020618556700999,0.001116694584031297,0.000434792560079833,0.014600517336001984,0.00629899216125418,0.002871794871794897,-0.016928158546655636
2024-02-01,-0.03683762293423476,-0.02676333315932078,0.011081915834172174,-0.012812287870844763,-0.03393631620611348,-0.023809502184254927,0.005267201780762898,0.0034271208899558925,0.01379310344827589,-0.002230897936419396,-0.009126509766727353,-0.017920108076809216,0.005007650577270928,-0.015545101247698923,0.010499790004199872
2024-02-02,-0.0174078166494529,-0.020861567622511346,-0.008401402956846882,-0.008046696746912274,-0.019499369305547076,0.014146363191985145,-0.02155087664564559,-0.018547296269306734,-0.017132779037540957,-0.010061486864169966,-0.01907892458326521,-0.01354720555347344,-0.010934256055363356,-0.01225846665281527,-0.0029093931837074205
2024-02-05,0.008534799134710447,0.0069175430055929965,-0.0052587656496022595,-0.012953025707343246,0.02436091050439071,0.0014430115374408636,0.028731020327140255,-0.01612268735765887,-0.014611638041527764,0.0,0.013413867537642288,0.012051621237840315,-0.007836551917156487,0.0065208245687842226,-0.015839933305544007
2024-02-06,0.007693274657721627,0.007282203739850113,0.0041606920691703575,0.0027836569503090214,0.006569285584286488,-0.03506241768575724,0.0036665006125582433,0.0025968465167978128,0.007284079084287187,-0.00903444381705254,0.01345680059594434,-0.006369477351621855,0.004513399153737607,0.002716823406478497,0.008047437526471857
2024-02-07,0.00788907972353603,0.007502429001149835,0.00014626540041362546,-0.01189691366915313,0.026433801663079626,-0.020905950222616987,0.020610686202087614,-0.005135523284976906,-0.0012913223140496033,-0.01025641025641022,0.01784936263249004,-0.021181649510876643,-0.0008424599831508006,-0.008753647353063831,0.0117647058823529
2024-02-08,0.03055167525459157,0.031952350268743546,-0.0018520869757988612,-0.008561890370064607,0.026854186701084526,-0.025419396096771574,0.034909410422357956,0.012882694034497044,-0.009568140677527759,-0.0023028209556706924,0.025235251230374622,-0.011674276654348947,-0.00393479482855541,0.003784693019343921,-0.022425249169435224
2024-02-09,0.006860286742994326,0.008134283747808446,-0.004492442566779942,-0.005262388163474241,0.02539090238644559,-0.03651541493599697,-0.001067488135061745,-0.0016397365500649963,-0.0005221932114882755,-0.009809578765147098,-0.01418440393523357,-0.0008643569728357114,-0.0015519187358916664,-0.008378718056137435,0.014018691588784993
2024-02-12,-0.0023117463896135115,0.0010411482934342686,-0.0027958754639684225,0.011530054096954068,-0.015046221449210417,-0.04277206067294581,0.011882916755583173,0.008034435229054449,0.0018286311389759113,0.0034965034965035446,-0.0076173679314387455,0.006055381134469018,0.0012717253073335488,0.008027038445289403,0.0012568077084205154
2024-02-13,0.009390202964224548,0.012350553825419386,-0.01269062903498519,-0.0038889374159684076,-0.008117549929812062,-0.0446832555922001,0.011532074766325007,-0.026993657681435357,-0.01564537157757495,0.0005807200929153211,0.008528735568610335,-0.011751235813240113,-0.009878633926051372,-0.005658005029337776,0.0
2024-02-14,-0.014135534812098172,-0.015795599249386005,-0.0014447501067629265,-0.003634888328755692,-0.029628071463826178,-0.04736533002869281,-0.03244796727892563,0.010635350102393915,0.004768211920529897,-0.015089959373186357,-0.020084583049952975,-0.004350348181858532,0.0035632839224628565,-0.013277133825079002,-0.020083682008368187
2024-02-15,0.015441202938625942,0.018136735395592574,0.005288617137007456,0.015133088529866168,0.004839639944770324,-0.017402111686289135,0.000604253048251957,0.02601770176056717,0.0029000790930662212,-0.015321154979375362,-0.00755120788874486,-0.011069000664399642,0.0014202528049993557,-0.00704826997009822,-0.03159692570452599
2024-02-16,0.007361822421654063,0.014866124314449669,0.004565959134647635,0.02169574158967591,-0.006055833702594882,0.01771030845196897,0.0076348862644757265,0.023000982227910027,-0.005520504731861164,-0.0029922202274087484,-0.008913040161132812,0.017967617388852997,-0.0038292440788540993,0.00860400086040003,-0.011463844797178102
2024-02-20,-0.01353785631109139,-0.01275416220599035,0.007756570046715483,0.007425701211828617,-0.02675841978760307,-0.020509628984231587,-0.025085594924786903,-0.014207017682625445,0.0007930214115781098,0.005402160864345751,-0.003948240942604264,0.005787036934834289,0.0017084282460135825,0.0057581573896352545,0.03969669937555764
2024-02-21,0.00837991829116369,-0.003453525735641727,-0.0026963427141595275,0.002069089778085953,-0.009628392576911726,0.12500001891010326,0.003776234523311439,-0.011036140317655319,-0.005018489170628637,-0.01850746268656711,-0.012772473426697739,-0.016110489082810764,-0.002842524161455362,-0.015479219677692946,0.0008580008580008069
2024-02-22,0.007708050091023377,0.008984686373241901,-0.001769698456392299,0.005936250275447419,0.01730006554483965,-0.02312465230623917,0.021303628144614395,-0.003763530836137563,0.0029200955667640915,-0.012165450121654486,-0.01383008523886653,-0.02076025176466556,-0.0011402508551880963,-0.01119965539521861,0.0
2024-02-23,-0.024500961721356296,-0.02696861379114235,0.009208623440938979,-0.003976925853198976,-0.02263815520165302,-0.07448034006858939,-0.024842628631346453,0.00896114555202776,0.00847008999470611,-0.015394088669950734,-0.004297639236453099,-0.010152266224093487,0.003424657534246478,-0.012851230668699642,-0.016716673810544314
2024-02-26,0.011149179148403743,0.014250281052778702,-0.005123391446286041,-0.014940774908293042,0.027140646048161132,0.0349344932701785,0.0126937707269279,-0.01967868287731711,-0.003937007874015741,0.01813633520950586,0.008632463974638904,0.008748096218655688,-0.002417519908987531,0.0026478375992939895,0.006538796861377483
2024-02-27,0.013570856211656546,0.016628008315036746,0.002550370841929439,0.0018305983570814366,-0.006044821690489255,-0.026522018400768954,0.01682859227867506,0.00026648837527054603,-0.002371541501976271,0.0030712530712531105,0.011486448288429596,-0.019736860717643134,-0.0007127583749109156,-0.004181338028169002,0.015158077089649113
2024-02-28,0.0003586225791949449,-0.0041841234888125856,-0.0006849099509730339,-0.0009135955779983052,-0.031937409654250515,0.16718264974126051,-0.03130866013513911,-0.005017132093987242,0.003697834125726329,0.012247397428046591,-0.00556668895233603,0.010677242618479132,0.002567760342367942,0.0024309392265193797,-0.025597269624573427
2024-02-29,-0.0007169880302932974,-0.003565046804596128,0.005874577905147449,0.0018288619962290031,0.009592619293151694,-0.013262586888394656,0.014663215633708315,0.01142349489254424,0.004210526315789442,0.006049606775559546,0.0,0.006036824852676537,0.0009960159362549792,-0.0050705467372134105,0.01138353765323985
2024-03-01,-0.0008371166290960241,0.02185023048550372,0.01995425170308507,0.005346184454089187,0.007601180206620484,-0.013440847293478053,0.13457441772758938,0.02135353589073663,0.006551362683438144,-0.008418520745640423,-0.0008956765710705916,0.0021002467226793886,0.005259417199715788,0.013073343673831062,-0.030303030303030276
2024-03-04,-0.008976660354343635,-0.01538080953055132,0.014601373464335321,-0.0007782155553804904,-0.021078293461862962,0.0441416723445367,-0.0109776146979077,0.027170614274201865,-0.003644884144753946,0.01273499090357788,0.0006724023915809507,0.0035928509192553193,-0.0025452488687782715,0.0034995625546807574,0.006250000000000089
2024-03-05,-0.009178769422935829,-0.007492968680433476,0.007336619083568419,-0.002076816460834685,-0.015374809446173976,0.021398751774218017,-0.020458705648169873,-0.000672813860286392,0.010452051215050995,-0.009580838323353325,-0.0031355699789743507,-0.011933173789771434,0.004819960306209348,-0.005448997384481236,-0.03149955634427681
2024-03-06,0.011214019486574411,0.012539932289246991,0.007610088973013518,0.0068938569073004885,0.02179172414461794,-0.014307612106985501,0.008330718805482196,0.021419806438190525,0.006206361520558534,0.010882708585247869,0.006066063085718998,0.011171441887327882,0.0015519187358916664,-0.00043830813061584983,-0.04489234997709579
2024-03-07,0.0,-0.002527447936105487,0.0032434436837973646,0.012659869186094852,0.011789871529869655,-0.05754279931712669,0.0003524140079480542,0.004037635245967897,0.0010280133641737965,0.019138755980861344,0.02344803663199868,0.014929830072034855,0.0014086491055078643,0.014689761017320668,-0.0009592326139088447
2024-03-08,-0.010607488706960155,-0.011655874387282661,0.009375600076629409,-0.008802174022138676,-0.01996515604530047,-0.007150721527683479,-0.010803213406089474,-0.0012720613976834327,-0.0017971758664955262,0.0005868544600939885,-0.005018619850408634,0.004118840604953711,0.0005626670417779867,0.01166810717372524,0.011521843494959105
2024-03-11,0.0015837871651798174,-0.0010255329940253022,0.0014184844000229013,0.009652485128602839,0.004127388778843555,-0.02548476739691219,0.02109049707802324,0.007107868990331667,-0.0007716049382715529,0.004692082111436902,0.009868438113980194,-0.012305836037711293,-0.001124701251230098,-0.004698846646732147,0.020408163265306145
2024-03-12,-0.0035275625685065037,-0.0047478858608122065,-0.010280544181687223,0.0006373632344987001,-0.01331171940007847,-0.025582693873855478,0.0022864347352555825,-0.012973192615528983,-0.00540540540540535,0.0017513134851139256,0.02562432844138085,-0.009789434146534881,-0.0036593947923997394,0.014592274678111528,-0.0037209302325581506
2024-03-13,0.025756843963790965,0.027849455003883472,0.006786367438781138,0.03248403066263417,0.02621829939433562,-0.03267210893475714,0.029036477009716233,0.031619384224554015,-0.0041407867494823725,-0.005827505827505797,0.01609151267407527,-0.00838822017784302,-0.0018364175731035992,-0.0002115059221657889,-0.0060690943043884005
2024-03-14,0.01654170427039081,0.019317622829230663,-0.006098701637168413,-0.003824699001306997,0.008826486224714492,0.050060352399342145,0.015705437717344672,-0.00340554852837871,-0.012733887733887728,-0.009378663540445475,-0.001041947280869704,0.006646562559006863,-0.006085479762241719,-0.0008462026655383648,-0.0239549084077032
2024-03-15,-0.0009365702735846249,-0.002707374045281208,-0.0027681660899654403,0.018702008444635654,0.006718812807886554,-0.04939694548972251,0.006473541120479931,0.013106062813527108,0.00026322716504334487,0.03372781065088759,0.030871914573059156,0.004501800555361202,-0.0011391143386016989,0.014821088291340212,0.017324350336862304
2024-03-18,0.018162680082863147,0.02073050698662926,0.0012954193051699647,0.0004862869176296414,0.022442208848905132,0.029003008395935614,0.013415163975869948,-0.004325442713012606,-0.004473684210526296,-0.0017172295363480083,-0.014568948455734532,-0.008365755029655975,-0.0022808267997148635,-0.00876277905278533,0.02696310312204342
2024-03-19,0.0056392895294219425,0.009066731007401074,-0.0021254435856713494,-0.013610458639809364,-0.009862963610937636,0.024075167234258288,0.0017771795720069594,-0.005061532157954685,0.004493787998942622,0.008027522935779796,-0.011499001324804414,0.0060259115299163835,0.002857551078725429,-0.0018943380340981086,0.017964071856287456
2024-03-20,-0.016365304991124208,-0.021444841132737036,0.0006019580763612087,-0.004927924565145236,-0.023544773976474254,-0.025802728306984712,-0.01049889314295871,-0.001241793641142519,0.000526315789473708,-0.0011376564277588708,0.017864574600233274,0.02575623318574194,0.006981051431827812,0.020244622522142652,-0.013574660633484115
2024-03-21,-0.001977872890998267,-0.007468175906861663,0.010967122245199024,0.001981026166358868,-0.009978786698193964,-0.009417323376071596,-0.00223188116545614,-0.003369014233626122,0.0015781167806416807,0.003986332574031914,-0.004285695601482731,0.005255438811587521,-0.0004244482173174635,0.0020669698222406385,0.0032110091743118296
2024-03-22,-0.0040801874458124,-0.005427438547706553,-0.011305878026236948,-0.0124799584639681,-0.005770447621750607,-0.014260207888821874,0.004656991440850522,-0.006318221637909627,0.006565126050420256,-0.003403289846852009,-0.023570434603392698,-0.015103055108383945,0.003255484784147278,-0.016089108910891103,0.014631915866483824
2024-03-25,0.015451243007244209,0.01637107453539266,0.007592547381365833,0.0027527321927545145,0.009497297461462884,-0.026522018400768954,0.0031389140232904733,0.002146501094300035,-0.003913383772501944,-0.0034149117814455954,0.028967277199736685,0.007667372623761937,-0.0021162528216703835,0.014046121593291439,0.00045065344749883884
2024-03-26,-0.0057636887608069065,-0.004026775032933472,0.0003676019408305198,-0.0027451754598913913,-0.021205153992531978,-0.02476777809091235,-0.017391960616345514,-0.01058803914778017,0.002619172341540077,-0.011993146773272456,-0.01223994865800404,-0.005560504378651632,0.0011310617842499315,-0.00847632830266698,-0.02072072072072073
2024-03-27,-0.0018551149230072728,-0.003308064976415892,0.006154761521633523,-0.0008758720460723124,-0.008848896015923424,0.09079365228339142,-0.005887542456668449,0.00579995096657937,0.004702194357366851,-0.013294797687861237,-0.015489467748080576,-0.0023542902345722316,0.002118344866544275,-0.005421184320266836,0.007359705611775569
2024-03-28,0.016145976050311317,0.022372461327128335,0.012234001411838502,0.002755145347547394,0.006542060705082564,0.026193222154136775,0.02845757113748948,0.006984807513086944,0.002080083203328087,0.03573520796719398,0.005873769766086223,-0.003834772250645324,-0.0007046223224351778,-0.0008385744234801207,0.023287671232876672
2024-04-01,-0.0006859303347697132,0.006492736893301654,0.017903940227713466,0.01061571605731726,0.004396651347571723,0.04197390837964887,-0.018507122032817347,0.0063313942174194615,-0.0160871821484172,-0.014705882352941124,0.006047985629053176,-0.012733248904683747,-0.007897334649555776,-0.004825849769198531,-0.0058009817045961976
2024-04-02,0.017158545314782003,0.017202275201952055,0.010943223651234346,0.005931825957501635,0.032278940753922125,0.013609132275133051,0.018044239226559622,0.03406268996382589,-0.00659282700421937,-0.02066590126291623,0.007462619882432353,-0.015296959198802806,-0.0018479033404406042,-0.009909340080118123,-0.02109515260323158
2024-04-03,0.004835810998992551,0.0032883003438559655,0.014549895022101467,0.030221047403820922,0.007559255399760101,-0.011278210411183709,0.0007249604961774292,0.044217904299650446,0.0005309264666844005,0.01230949589683461,0.005144033083316346,0.005178228054346867,0.000712047849615427,0.007027257240204365,0.01971572673085742
2024-04-04,0.014549558746040026,0.013578321767190316,-0.0028077753779697234,0.012759403176806794,0.0032572704405282593,-0.03639321764528036,0.01206125636374411,0.0072369529423923495,0.005306447333510267,0.00810654313839021,-0.01432951832358853,0.010606060606060508,0.0029884730325886455,-0.0019031507718333396,0.0004496402877698369
2024-04-05,0.005736311465123878,0.003695661597790334,0.015984363155187253,-0.0016484091504225251,0.011563818127325654,0.006200630035189558,-0.0020041427596758643,0.00957996443363962,-0.007389812615465785,-0.0022975301550832716,0.015368594814515468,-0.00119938199845393,-0.004256526674233818,0.004237288135593209,0.01977528089887648
2024-04-08,-0.00866514128982876,-0.005522993173487367,0.0023876941627967163,0.008845360119745127,-0.015975506424533825,0.033053230454935356,-0.014344101811899157,0.011386871496421591,-0.0034565275192768308,0.0028785261945882823,-0.020249496341354978,0.008706075783088352,-0.0035622684525505877,-0.002953586497890348,-0.002644336712207984
2024-04-09,-0.01062180917953448,-0.01388403267389926,0.004848958887175625,0.0021042376965809684,-0.018946706582797734,0.015184380376418227,0.0025467399646648126,0.006459326471641047,0.007203842049092746,-0.009758897818599288,-0.00793321620062859,-0.0011904580252510844,0.00343200343200345,-0.0059246720270842435,-0.014140521431727837
2024-04-10,0.01185422958727389,0.011498248139624634,-0.005926177014361711,-0.0009332035214748569,0.011430732323538084,0.0069444506355726965,0.009435340077855514,0.002509759167750092,-0.020397350993377472,0.006956521739130528,0.0016834599239645698,-0.014004803699501522,-0.013111016103747986,-0.008301404853129024,0.0013446884805019543
2024-04-11,-0.008178663414111775,-0.013803531539772207,0.010347491840666967,-0.007006120820645445,-0.017654033840361683,-0.0641909458362313,-0.002696265907000339,0.007689286834710707,-0.0027041644131963194,-0.012665515256188864,-0.03319323670181262,0.014203724066859769,-0.0008664259927797513,-0.004722043356943595,-0.012085944494180878
2024-04-12,0.007911735027567923,0.007527723409939346,0.0005901068458671332,0.0012935834448233319,0.009512002947290377,0.0034013166408797257,0.010381749037142507,0.002803753691273947,0.008405639913232177,0.01574344023323615,-0.0028248819387680646,0.02622165564041845,0.005347593582887722,0.012723743799870624,0.0077027639329405595
2024-04-15,-0.003869524443669947,-0.0029185149347662476,0.0037487477265747415,0.028537876772739335,-0.01150795151821249,-0.044632766687347614,-0.006778712366182438,0.0140152157214406,-0.016671148158106996,-0.009184845005740572,-0.009152280987827832,-0.0171312253224305,-0.00733179988499133,-0.013415672913117516,-0.007643884892086339
2024-04-16,-0.0008879226682525498,-0.0005854472498986185,0.01040707042724498,-0.01678468903064423,-0.0010926544766765023,0.024246013573645087,0.013793575364858146,-0.011622571169416895,-0.0027344818156959105,-0.0011587485515642815,-0.01231584249520623,-0.009453507258585625,-0.002027516292541609,-0.011439671918843097,-0.0036248300860897142
2024-04-17,-0.030326547759867428,-0.03127926604796116,-0.008057208277662875,0.008593700854375275,-0.028891425977473073,-0.011547333142956417,-0.033164453151926954,0.0009887660549878774,0.007677543186180413,-0.0017401392111369152,0.0020040114204782356,0.010140246161183475,0.004498621390219171,0.003930131004366899,-0.023192360163710735
2024-04-18,-0.002062095352135196,0.00048374548731788813,0.004019468283694705,0.02256754588809362,-0.015846542412197295,0.026285021471250225,-0.005497074398534085,-0.0005997388683270932,-0.006258503401360582,-0.00813480534572919,-0.019555579291449687,-0.0020667616823213386,-0.004189540595203711,-0.013266637668551517,-0.0004655493482309536
2024-04-19,0.0020663563760139336,0.004955832419659689,0.006588844382037218,0.013849808690624688,0.002920413509777564,-0.002845757153371653,-0.0012529341070522948,0.016908471303422212,0.004381161007666945,0.01581722319859402,0.005893067600293289,0.01686394144092085,0.0018859712752066216,0.014326647564469885,0.02515137401024692
2024-04-22,-0.003322269589709159,-0.003488103411791066,-0.02792283748486002,-0.00033310815433929,0.007515818813892627,0.022260293895810745,-0.009187160038220177,-0.05536660613178679,-0.0008178844056706547,0.014417531718569743,0.014871559971328718,0.0017456373716278062,-0.0004344048653345256,0.009126466753585305,0.036347114947751
2024-04-23,0.01632181803385424,0.00615572897553851,-0.001832511450075125,-0.0022220260932316327,0.007342610588451759,0.011725308518099498,0.014858145651431176,0.004336164089319583,0.0016371077762620256,0.007390562819783897,0.005994681444835281,0.0026140704210646515,0.0020281037230189813,0.005598621877691556,0.02586584831214389
2024-04-24,-0.004523880730178509,-0.006597925236693336,-0.0015798621571310179,-0.005233262622752033,-0.011360101623699603,-0.08774836419463539,0.0033023242508334327,-0.0002561183140994405,-0.007082538817760775,-0.011851015801354392,-0.014345652310265966,0.0023174616589787256,-0.0031805696111031345,-0.0012847965738758127,0.01623931623931618
2024-04-25,0.011247506599877166,0.009177661618607225,0.00175337744931503,0.02316988788829355,0.00019607190462589408,-0.009074401525013487,0.0087408232212014,0.0006587486985751845,-0.005212620027434833,0.007424328954882986,0.0035826208678633176,-0.0060693818020682855,-0.003480783176214697,-0.002787307032590003,0.013036164844407061
2024-04-26,0.005504975306253712,0.00335047002895017,0.0020063825707044014,-0.000328220048903316,-0.0008626594384505415,-0.014652044242802642,0.0023203931909892006,-0.0036939446875853266,0.004688361831219012,-0.0022675736961451642,0.002454275124956551,-0.011340488414368188,0.002037549119487725,-0.00279509782842402,0.0016604400166044808
2024-04-29,-0.01229048574436975,-0.014549806116927466,0.004473415225983546,0.019697998943214445,-0.006632063754189899,0.25774474483856635,-0.0057513328578070455,0.004845636109294338,0.006587976942080687,-0.0017045454545454586,-0.027598523704526978,0.024411728802849364,0.0034858387799563406,0.0010780508840018133,-0.02154993783671777
2024-04-30,-0.00610860753627096,-0.008471462804184426,-0.023243012242031513,-0.020283336869440727,-0.0070714611470878985,-0.019211781119526705,-0.013788326241145787,-0.03587471130734532,-0.00681756203981454,0.0005691519635742104,-0.032043894602591716,-0.005742176486060679,-0.004776378636560996,-0.013138057290544958,-0.008894536213468918
2024-05-01,-0.0503072858893715,-0.035762239646796146,0.003517346823457723,-0.002629003024304133,-0.024468875059713735,-0.029633356901765606,-0.049210552863217405,0.003713370845268793,0.010708401976935678,0.008532423208191142,0.006620921570944516,-0.010684325209000867,0.006253635834787774,0.008948057616761318,-0.005982905982905962
2024-05-02,0.002756420431561768,-0.0006329500222508333,-0.0006057560985504029,-0.012850041959577174,-0.00358906551469107,0.05331265146814079,0.007410549786367682,0.003548637605564231,0.0008149959250203231,0.01974055273547659,0.0,0.042323408469580936,0.00231247290070824,0.029634436513086726,0.008598452278589797
2024-05-03,-0.008485706944071358,-0.01063959937124892,-0.0004329753886894716,0.017690297976540315,0.00012276639331454398,0.05257978850222633,-0.01594452417747194,-0.0051913059974680875,0.007057546145494031,-0.011061946902654829,-0.0035236440440271632,0.02632314123724644,0.004614275414563718,0.009873949579831898,0.03324808184143224
2024-05-06,0.004460013870121626,0.004736944612608207,0.009789418937722782,0.013337677536732429,0.007366835792880888,0.02474321862193829,0.012954533536203572,0.034940434752880556,0.0024258760107815913,0.02237136465324374,0.01768034022568754,0.04010917382546042,0.0002870676044208764,0.027459954233409523,0.043316831683168244
2024-05-07,-0.00204005958490161,-0.0012742877069052971,-0.0030027454300868284,-0.0019419191869826102,0.0017063385206697035,0.005467008787381378,-0.017309342982828047,-0.002411486937494489,0.004033342296316134,-0.007111597374179435,0.015751687144266446,-0.009968568176443426,0.00114794088104464,-0.002024701356549863,-0.011862396204033177
2024-05-08,0.005050482809642709,0.007782605661228903,-0.0008174435864659602,-0.01372833241429694,0.004258579723049216,-0.009062066502470767,-0.00456083090476167,0.00212432940134355,-0.0029459025174075615,-0.018181818181818188,-0.015963442932735883,-0.00688925846731403,-0.0017199369356456495,-0.01582471089470483,-0.014005602240896309
2024-05-09,0.003589320600514867,0.0034182083778075967,0.007750936408533082,0.009973757231342528,0.0006058437539357975,0.05212623691218843,0.003949755248518816,0.0281787912257363,0.0034918076819769883,-0.006172839506172867,-0.026419540302032085,-0.018142977626575907,0.0024407753050970094,-0.01649144506287359,0.006087662337662447
2024-05-10,-0.012994711177654605,-0.01261670417673244,0.014827137737851492,0.018665211989947306,-0.017436234387702365,-0.021295098773258192,-0.016563046790185054,0.005083166827917651,-0.005888650963597475,0.02936194240542056,0.042847015559988266,-0.0027173913043477826,-0.003580635920939601,0.010270383567386299,0.041952400161355374
2024-05-13,0.006884885717126643,0.010989018488071656,-0.013473684210526304,0.023649741140465252,0.0009858368948234553,0.05728239038542182,0.004320472255143759,-0.0019097771130708319,0.002692514808831481,0.0060340098738342896,0.01620632417750878,-0.014713879826932952,0.0011499209429350898,0.0004149377593360981,0.03794037940379402
2024-05-14,-0.01175627818807734,-0.013903008914684878,0.007212933138604383,0.03101252738377136,-0.006894257524939662,-0.015539664099169292,-0.020274839028281644,0.00935473344970772,0.00349087003222337,-0.01035986913849507,-0.04132974244538712,0.005530973357969149,0.0024407753050970094,-0.005391953546246331,-0.019768743006340905
2024-05-15,0.0044914148933972164,0.007818516234270767,0.014831137526316152,0.0032300941776288727,0.0012809579618797695,0.030716631902377722,0.015124400100423596,0.03612425159082977,0.010971367407010879,0.019283746556473913,0.02038422974845333,0.022277244135165297,0.005729017473503184,0.012093411175980062,0.013318112633181167
2024-05-16,0.006283947348234564,0.00763075320455453,-0.003924966690487142,-0.015595103224520734,0.008501539571423189,0.03269867541499738,0.01642107044291352,0.005116249131760231,-0.0013234515616727949,-0.011891891891891881,0.02227327755904218,-0.01076136634015512,-0.002136143548846503,0.002266172229089314,-0.0037551633496056835
2024-05-17,0.008526561096316554,0.01047575623493291,0.013372417666631664,0.0337285272204606,0.017432547018080058,0.05250502924665068,0.014343068899284717,0.04658688443724435,-0.005035780545984636,-0.009846827133479175,0.016846361012766042,0.0029915027180313913,-0.002711574140145556,0.009660842754367849,-0.018092725216735772
2024-05-20,-0.0032151019488931842,-0.0032474958126954556,0.008728426618944019,0.006031230805584098,0.00032172076402114946,0.047600915251362785,-0.013324470358693885,0.03729831909799808,-0.0021310602024506853,0.017679558011049812,0.023194151235765625,0.014370982879538863,-0.0008586147681740597,0.016286644951140072,0.05758157389635321
2024-05-21,-0.009915205353390633,-0.0067669285072220475,-0.005167150976522428,0.006191619082146271,-0.009971382291953157,-0.029080307456842425,-0.011772145850701077,-0.010464268945084898,0.002402562733582414,-0.005428881650380024,-0.011010326530511372,-0.004811596581607125,0.0012890289315381498,-0.009415064102564097,0.012704174228675091
2024-05-22,-0.011824273166208932,-0.021322260861178277,-0.013603199360417761,-0.04913071532746904,-0.012386863013652216,0.0640209672671197,-0.016812784327217445,-0.017980417775665725,-0.0005326231691078487,0.007096069868995691,0.0015280439363845044,0.0158475009602832,-0.00185953368616798,0.008088978766430666,-0.006451612903225823
2024-05-23,-0.006593417649164657,-0.009024067951477588,-0.023277175579855647,-0.010477584636271908,-0.008224353089323788,-0.06509498321003016,0.0006483617586168222,-0.03230546979072435,-0.003996802557953649,0.005962059620596261,-0.015039285643909328,-0.003966155345280331,-0.002866150759530006,-0.0056168505516549505,0.00721500721500723
2024-05-24,0.009341225793129793,0.01105760951932444,-0.0011552076109369036,-0.007889568221074228,0.0007463555606257444,-0.05156194225801858,0.005993387924823734,0.0015189382636022764,0.0,0.001616379310344751,-0.005310862382449488,0.02601536361932144,-0.00014371945961477728,0.007060722211014836,-0.0010744985673352137
2024-05-28,0.025572313734591345,0.027148746490105458,0.009423859498822074,0.020299282294478305,0.0212959673911024,0.02777775149707007,0.009983118175649563,0.05410487147406973,-0.008828250401284099,-0.00484131253362019,0.012680749391536628,-0.02561447321211996,-0.003737243064539264,-0.014823717948717952,0.004302617425600674
2024-05-29,-0.007361704317211726,-0.007515952152811867,-0.006492700542382823,-0.0143575364082833,-0.011358977243260182,-0.03745169377074831,-0.017776009884155508,0.007256527438352922,-0.010526315789473717,-0.015675675675675627,0.007908624928191665,-0.01991502888594876,-0.004905497042273832,-0.012606750711671388,-0.010710460549803624
2024-05-30,-0.02081337195607913,-0.016660351368124715,0.0007261025146629851,-0.027780688447472612,-0.02773902782942539,0.03168872652155619,-0.024265600845474578,-0.02530815914998452,0.007637752318603308,-0.014277869302581014,-0.0034873549190761466,-0.014901110563670605,0.004349717268377518,-0.0035008237232290185,-0.01696138578130635
2024-05-31,-0.002931808721965523,-0.011808570852208544,-0.008536429567474357,-0.013270504865637411,-0.002447880777429301,0.00583198535375784,0.008899698114831489,-0.03475849325537028,0.0043313481321061165,-0.005571030640668551,-0.0043744697637690955,0.003025319265815618,0.002309802223184665,-0.003926431080801818,-0.0036710719530103075
2024-06-03,-0.03994121571341147,-0.035978655928368686,0.019975095111743002,0.014533603106619886,-0.028515814093628578,0.06532669337102326,-0.03726307277702201,0.01135425463320705,0.013207547169811429,-0.006162464985994376,-0.030316367623846707,-0.014258327482806199,0.007057467953334395,-0.017012448132780134,-0.008474576271186418
2024-06-04,-0.010719805522489856,-0.013069269802606143,-0.009243298034458336,-0.027581822890222485,-0.004485637518415908,-0.06168362616313405,0.0059513795939165615,-0.03762931528980695,0.007980845969672856,-0.0022547914317925244,-0.011780708313412935,-0.012239204162682538,0.004147597254004598,-0.004643309413254526,-0.021553325901152
2024-06-05,0.011480999194839026,0.011194535082924562,0.011970733077135032,0.015721262880396436,0.006649415504768497,0.06612529237622922,0.0017450880646916467,0.015599534417557903,0.005542359461599311,-0.007344632768361614,-0.011233330485282522,0.012390858408495076,0.0025637373593505597,-0.001484308736217188,-0.01747056589441698
2024-06-06,0.01862006142435857,0.019981144363863335,0.006482804606924963,0.015477827047106985,0.024553456022905484,0.023213685313069554,0.018652282673505383,0.0433751765848307,0.0015748031496063408,0.02902675014228806,0.028286514625379233,0.009179381899774075,0.0007103281716152043,0.019324697387980372,-0.01120989563200614
2024-06-07,-0.0031300862827464693,-0.0002647818881917896,-0.027562802725095148,-0.04188868581605121,-0.0025025051850682267,0.03438492741629329,-0.006214794103806653,-0.061189895734008126,-0.015461215932914052,-0.007190265486725633,-0.01623444037830102,-0.005788246021485088,-0.009227711527541205,-0.017291666666666705,-0.018764659890539437
2024-06-10,0.025244843475243695,0.029259885081295955,0.0008602150537635467,0.013794592415377283,0.02678911508762649,-0.004112434542129728,0.011877799924729926,0.014794614924277028,-0.005323396326856522,0.006685236768802172,0.0006875722796806372,0.020238390756634583,-0.0020060180541624506,0.00763196947212208,-0.031872509960159334
2024-06-11,0.0035526267951111468,0.0020581896900713215,-0.00017185317737433703,-0.0073521770784747975,0.002733218628066858,0.07673780362988603,-0.0008296044480801124,-0.021364496583668013,0.006957452502006856,-0.004980630879911407,0.0002290041586840985,-0.023641337519106687,0.004163675520459487,-0.008626130864716974,0.031275720164609
2024-06-12,0.008300785160827218,0.007702162546450841,0.012120669641629833,0.012933958208273033,0.008053532273800235,-0.02684559718445101,-0.006019403465615802,0.03580136600026118,0.01195854371512084,0.010567296996663034,0.0027479448503244797,0.002504938615753849,0.006863025450386084,-0.0006366723259761953,-0.015163607342378316
2024-06-13,0.0018159991361974548,0.0015286974086883287,-0.015627674564742233,-0.0161518893117496,0.01884628184518866,-0.02824300936386015,0.008854068286055616,-0.039302783688554,0.005777310924369727,0.00935608145294431,0.0015985314766091552,0.02248743839931322,0.0035501278046010665,0.010405606285835534,0.004862236628849326
2024-06-14,-0.0015709637875283011,-0.0021623733452137417,0.013416780697260489,0.009650570147001325,-0.006514422512282625,-0.02636027906333649,-0.006623626435720342,0.014211819916549073,0.004960835509138395,-0.018538713195201728,-0.004103974069104344,0.0002715343655450564,0.00042450827791151724,-0.008196721311475419,-0.011693548387096797
2024-06-17,0.019728845306597353,0.02396437165004417,-0.008556509650782584,-0.006482093355932861,0.004816719448601292,-0.03228043519458712,0.01971156081700598,-0.002618858009242331,-0.006755001299038721,-0.01388888888888884,0.0011446711701286194,-0.02198698761594342,-0.003677510608203649,-0.018648018648018683,-0.03467972256221952
2024-06-18,0.012819012831509546,0.015436298213678867,0.007685660087483948,0.008957135066665955,0.015428010556684635,0.04340021823679718,0.014835172651539441,0.006138052622137735,0.00496991891184928,0.014084507042253502,0.013034523228697692,0.011934550253211995,0.0038330494037479568,0.014035845389764656,-0.01606086221470837
2024-06-20,0.004453266673664524,0.007355626779034674,0.009416719321595046,0.012275369394641578,0.001467700469554467,-0.05775180043323502,0.007087556609048917,0.0430774426232603,-0.0020822488287350893,-0.022777777777777786,-0.007449165283085368,-0.019199122004437408,0.0005656908499505064,-0.01597103918228282,-0.01589347079037806
2024-06-21,-0.0054836218145318805,-0.017524581283925866,-0.01595612023137405,-0.026851466362019516,-0.013071892955767161,-0.01313389791248476,0.005158395155358653,-0.039088872867611646,-0.0002608242044861431,-0.010801591813530464,-0.0006823423507210657,0.011744915038500725,-0.0004240282685512575,0.004544470893745878,-0.01964207769532955
2024-06-24,0.00903336804033672,0.011148195950211992,0.005662299008388105,0.00734312253643421,0.012000832910052273,0.03918676081424399,-0.0008752542628809312,-0.0028404163905957347,0.0018262457605009441,-0.0034482758620689724,-0.010241168919123633,0.0304035388920314,0.0002828054298642524,0.012710038776389432,-0.016028495102404228
2024-06-25,-0.011626554762969366,-0.009800262762226009,-0.00580099559892866,-0.03225091894115817,-0.00475929406011133,-0.019566013742442934,0.0012741605890416174,-0.022109953547468586,0.0013020833333332593,-0.018454440599769306,-0.016785544464465785,-0.0201180264098213,0.0005654509471302305,-0.0102105934907466,-0.019457013574660675
2024-06-26,0.0028231720707985186,0.000866011298261915,-0.007551097171590859,-0.0030815369764300993,0.011197901870807714,-0.046444128821466535,0.011890116024626307,0.0024968097862720917,-0.010143042912873823,-0.01292596944770863,0.016136633968452996,-0.01204487830144152,-0.004803616840915459,-0.00042983021706421987,-0.0009229349330872605
2024-06-27,0.013372426858046182,0.010383143659421501,0.010115920360676212,-0.00892960180083413,0.003980345476285674,0.021689467786774275,0.0003929605898194133,0.00031128267066016235,0.0031529164477142047,-0.014880952380952328,0.000920619443612658,0.0005542039634631735,0.0017035775127767216,-0.009030316061062083,0.03418013856812929
2024-06-28,0.00023155773356031695,-0.0024467452100440656,0.001283916748531011,0.014323732842509207,-0.012050544813024922,-0.03128486927291474,-0.006481771130896097,0.011031200367249472,-0.00838135149292818,-0.039879154078549806,0.006438233352276779,-0.0016616064618498738,-0.0024092970521542023,-0.0015187676285528529,-0.011165698972755655
2024-07-01,0.0021987594486705397,0.02256556680440558,-0.0002992799124950096,0.00819947030403112,0.03885733003784164,-0.04728955848565253,0.01945358393350416,0.0021547944862312374,-0.01875330163761224,0.0025173064820642743,0.04706423010616234,0.014424444402305836,-0.007387412984798947,0.007822685788787531,0.028455284552845628
2024-07-02,-0.004157051001093759,-0.00683616830895073,-0.002351532869999562,0.0006777949859759769,0.005736744572072627,-0.017352697386872618,-0.0019004687736668968,0.0018089216787948725,0.004845222072678235,0.009416195856873921,0.02400171132822715,0.008750291448285541,0.0027193359095463165,0.004743423889607579,-0.013614404918752765
2024-07-03,0.012755084663368388,0.01292114148496526,0.015428131270529555,0.02517209251254271,0.0017492672778676166,-0.0069815032218331075,0.010841680392364994,0.040711329974230326,0.011518885614786978,0.003731343283582156,0.03558487445313596,0.004337235375408088,0.005281187553525468,0.009871244635193177,-0.012466607301869992
2024-07-05,-0.00915955410930358,-0.00858361486509529,0.011943973155452259,0.025875425685593978,-0.012109451894302237,-0.04094291886461876,-0.016222691916507603,0.027497713217136566,0.0068855932203388814,0.019206939281288804,0.0209876643989364,0.044534412955465674,0.005111458185432349,0.010199745006374883,0.032010820559062125
2024-07-08,-0.00912873708307993,-0.009980781559691843,-0.014263649275698453,-0.00783513482612308,-0.008953339348766631,0.020267326959671594,-0.008284139876833962,-0.024531682355846574,0.0015781167806416807,-0.03768996960486326,-0.012494940452051684,-0.019379844961240345,-0.00014126289023874694,-0.01198990323937732,-0.033639143730886834
2024-07-09,-0.012711327555575802,-0.011174518990454962,0.0018616045456949504,-0.009519720186769165,-0.021519054859940767,-0.009298324832323512,-0.0041372608627522345,0.0050296991462468466,-0.004726890756302504,0.01137081490840175,-0.04367345693160074,-0.008695620007822757,-0.0016953941791466587,-0.010857994464551823,0.0022603978300181904
2024-07-10,0.00496099870986999,0.008475553138107328,0.0049833393786811175,0.006443863518333259,-0.002060606839313861,-0.0063993618844994105,-0.009495896679874605,-0.0014623708966311488,0.0026385224274405594,0.007495315427857641,-0.012804145988120519,0.00026575115016869155,0.0008491367110103898,-0.017434352130865305,-0.019395579612088376
2024-07-11,0.0037611622935744826,0.006333791499701924,0.01773330757564362,-0.0214867011334805,-7.9428681517002e-05,-0.026191545220603185,0.0057521789718324445,0.02170728780753728,0.009210526315789558,0.008679479231246123,0.018374455677891754,0.005580670134570864,0.0059389140271493,0.00131434830230015,0.019779208831646633
2024-07-12,-0.00433258477717835,-0.004962522978448347,-0.0004954586152440266,0.019962221087021614,-0.003415136541080499,0.026895992833145588,-0.0009929530258221408,-0.016181417937619846,0.0007822685788787531,-0.01659496004917027,0.009339813649085427,-0.026162774989876514,0.0002811357885859067,-0.00721942682126453,-0.02931889941362198
2024-07-15,-0.002116903537103254,-0.003649135454374952,0.003387429808434206,-0.015113618111123328,0.0015939540329801272,-0.07342207131592104,-0.009422334720040393,-0.006928666605447442,-0.0062532569046378494,-0.02375000000000005,-0.023764481309066166,-0.09416556908285278,-0.0018268690275435873,-0.04980167474658437,-0.010223048327137496
2024-07-16,-0.013199706980891679,-0.014039817781266728,0.01601554121140958,-0.01876794917162039,-0.01782305901001846,0.013901747681108523,-0.0056590442128856555,0.017051343072634673,0.009176717357105346,0.013444302176696565,0.006031938928025671,0.004793307855085915,0.003097282838237403,0.011595547309833032,-0.00328638497652578
2024-07-17,0.016123234444004098,0.025879102062987824,-0.003201291161383346,-0.010125923000237291,0.01020734342337315,-0.06992681922477562,0.009606512623722585,-0.033915710047297654,0.002078461938165743,0.005685407454200986,-0.010492541123375276,0.011031640651052665,0.0009824561403508625,0.0061898211829436445,0.01601507300989158
2024-07-18,0.0003525949535878592,-0.0003620854538246565,-0.0014228221224226179,-0.03023422795308417,-0.00288692974796656,0.04422600018347089,0.006036861514488345,-0.004711759468881471,-0.005963183821622975,-0.016959798994974906,0.005193717446911661,-0.005603048841893443,-0.0019629837352775903,0.0011392116655275508,-0.007417709782104764
2024-07-19,-0.02913880083596143,-0.03248010687416558,-0.023326741151889818,-0.01101733089661261,-0.02722370533426588,0.0014117745792163738,-0.02622793758936315,-0.030238422069819415,-0.005738132498695925,-0.00191693290734829,0.002368150883634179,-0.001186311979778032,-0.00351222253441974,-0.001137915339098794,0.014012143858010306
2024-07-22,-0.0027834410647950003,-0.004367883266165551,-0.0018340820746385322,-0.009125345675870089,0.006489960371326209,0.057800707390606165,0.0082434601516308,0.0012376652315870817,-0.002885624344176274,0.024967989756722098,0.009450142047491283,0.020190078850973237,-0.0009868884816015555,0.01868307131465019,0.009672961768770083
2024-07-23,-0.01686892431927789,-0.035347201528862615,0.005261660296975501,-0.008252630503160385,-0.010226696438634608,-0.028431760702727904,-0.022868922755407084,0.00027466762859273963,0.00210470928702966,0.0056214865708932304,-0.007234045799742406,-0.002619306986313741,0.0014112334180074182,-0.0002236636099306466,-0.009580291970802901
2024-07-24,0.008640870630580055,0.00818603509501692,0.003489345812059952,-0.011336211378029537,0.01763559481919641,-0.0320072849030022,0.01549231941750051,-0.0005492498866341844,-0.008401155158834328,0.0031055900621117516,-0.013716232141906759,0.002042549356637391,-0.00183201803833144,-0.005816554809843444,0.007830492860432914
2024-07-25,0.008077391622866914,0.00889293045460926,-0.02574821063423105,0.003293538350434222,0.0076659682167536936,-0.03589995745180219,0.0065674764956134,-0.0449581003656101,0.005030447445062203,0.005572755417956765,-0.004563213437283387,0.02620850366908556,0.0011294649159960812,0.004500450045004545,-0.016910420475319876
2024-07-26,-0.015054090710413637,-0.014307551541297592,0.011684724877841557,-0.001945379566998251,-0.020840110973853854,-0.017148382807040785,-0.002877332216410511,0.001906045431760317,0.006059009483666999,-0.02832512315270941,-0.046933015966518554,0.0025538987289219772,0.003666619658722281,-0.034498207885304666,-0.02649930264993028
2024-07-29,-0.01663994231263477,-0.017496190246794496,-0.0013439526131352464,-0.010354494084407584,-0.018473326865016793,-0.04935199115165201,-0.018370294430714473,-0.005635373005088651,0.0026184865147944603,0.004435994930291454,-0.018781486433578687,0.006227037314024519,0.0012645777715329931,-0.021113689095127564,0.014326647564469885
2024-07-30,-0.014414659607356772,-0.014246065643590433,0.011439124658644051,0.0002462837045060784,-0.016084169086657107,0.11484005669786512,-0.011675531972650477,0.023896353365210787,0.004439801514755759,-0.018927444794952675,-0.002100843890460502,-0.009845288326300938,0.0019646365422396617,-0.026072529035316427,-0.013182674199623379
2024-07-31,0.026580237063334122,0.04255319366154864,0.008939708939708968,0.02387389623587377,0.0336784593801811,-0.04233298082670467,0.039755406966065276,0.014560201309504306,0.0049401976079042065,-0.015434083601286175,0.012865479229486443,0.005965926430442137,0.0022408963585434094,0.0012168410805548646,0.006202290076335881
2024-08-01,-0.014866260647787732,-0.02053659386867379,0.022377930693643133,-0.022475880750358335,-0.0037673196470240367,-0.03339880085760427,-0.03384371749301629,-0.015532716152481862,0.014489003880983287,-0.0019595035924232507,-0.009930723158252275,0.005083275238471963,0.008244829513694762,-0.006319883325230924,0.009009009009008917
2024-08-02,-0.03407946678665952,-0.03656140747986625,-0.004434053443846175,0.004303436100247415,-0.036527561748916804,-0.0005081538122045925,-0.0335279357872551,-0.0030002148300314335,0.02065799540933444,0.011780104712041828,-0.02705854621678927,0.015734774373568516,0.012474012474012364,0.007093933463796498,0.013157894736842035
2024-08-05,-0.006639689142639238,-0.007888931285946366,-0.010284292648073623,-0.0244858326009727,-0.008583171525428424,-0.012709698048385731,0.006903707431518136,-0.04142179651225175,0.002748625687156503,0.010996119016817518,-0.01606325062698777,-0.0022129676154045708,-0.000547570157426458,0.014573718727228568,0.0009276437847867136
2024-08-06,0.0023591126864526135,0.0035644981921243435,-0.005236379151883908,0.006902588954098343,-0.001218127487870313,0.035015426307942965,-0.0031710814697601952,0.0007386784460730045,-0.013705457263892384,-0.0051183621241203126,-0.004142348436894316,-0.03604103010825066,-0.0060265717025065335,-0.015082595163993351,0.006950880444856367
2024-08-07,0.02418930953084719,0.02773232914376722,0.0003289211446697582,-0.018446936040343642,0.026047629922186344,0.050746267948559964,0.013369458602675577,-0.009816974501390519,-0.010106114199090466,-0.014147909967845651,0.0337656252552192,-0.019844763220640993,-0.004409535620779947,-0.008021390374331583,-0.009203865623561902
2024-08-08,0.010596218711252714,0.012760853936399252,0.01270356344555057,0.0019047449505518177,0.000933897146618845,0.007102322436294717,0.01777453813417762,0.024972049131537943,-0.0035732516590096797,-0.010437051532941943,0.002603564742048814,-0.01613849823064306,-0.0020761245674740803,-0.010291595197255532,-0.0013934045517881577
2024-08-09,0.00631632108222524,0.008531222938130911,0.004100131252962713,0.008872011767543597,-0.007676657569319678,0.00752223474533098,-0.003709539545665108,-0.00047274502840910504,0.007428278688524692,-0.0065919578114700395,0.00897075218696708,-0.02684163533449646,0.0026352288488211695,0.018073780638772075,0.009302325581395321
2024-08-12,0.033140839421077706,0.0419052755617495,0.012371674158818458,0.018844173091887573,0.028550719306320804,0.021465238558216138,0.022005566724135894,0.015643770248275235,0.003305364861428961,0.01725282017252816,-0.026438957036460486,-0.024517316271172707,0.002489970950338982,-0.015564202334630295,-0.010599078341013812
2024-08-13,-0.019562582632458025,-0.021358969980247,0.001517591385034045,-0.004685586734918812,-0.0071889167712627655,-0.018729964097798035,-0.027917587530675858,-0.007952148279771976,0.005575266092245235,-0.014350945857795172,-0.022350403545642328,-0.036757719566936076,0.0034497033255140863,-0.022727272727272707,-0.014904517931998096
2024-08-14,-0.011525595204326722,-0.017485579372921167,-0.011205078997179596,-0.002725391521017251,-0.008789514771484042,0.03305404986921934,-0.02257130218286474,-0.015923451511127062,0.004788306451612989,0.008603573792190566,-0.015486751804057342,0.04566209954762113,0.0012376237623761277,-0.009352881698685533,0.01134751773049647
2024-08-15,0.01604812869877592,0.01532866008987388,0.005121567698492369,0.028322941837596538,0.004095862347453405,-0.009914408915887463,0.015897653501412812,0.03992072192873586,-0.010534236267870534,-0.015748031496062964,-0.014481848374686579,-0.03961326252417685,-0.0071418761159181,-0.028833886195458014,-0.012155212716222552
2024-08-16,-0.016781843472202906,-0.01931937135978523,0.018215434225335336,-0.002778420370612711,-0.0206904503724068,-0.03368234832205197,-0.02027144328878505,0.015383559329904317,0.003295310519645156,-0.01200000000000001,0.012161123065396628,-0.01461513507373724,0.0013833171946326939,-0.013399894902785037,0.003312825366777128
2024-08-19,-0.025351363395203164,-0.029745580351059675,0.0013791472663955417,0.009448827084581168,-0.027998492107727868,0.052755531552729495,-0.02008487173107143,0.016053926442010757,0.004042445679636186,0.020242914979757165,0.013016281547760578,0.02735668581911277,0.0009669843901092268,0.018641810918774926,-0.0033018867924528017
2024-08-20,-0.005923341387783498,-0.004437297550992092,0.003659563471229532,-0.004080210726197908,-0.00013250743353010463,-0.016554784165037306,-0.0033129841659851333,0.0073529464524912935,0.005535983895319507,-0.007936507936507908,0.005930265790225819,0.0019248494143111472,0.0030361578802098332,0.0010457516339870132,0.008991954566966331
2024-08-21,-0.014896294584770153,-0.028498117021350078,-0.0012154385389927524,0.007711788329572533,-0.005964994228631282,-0.009554098673620337,-0.022736360170455105,0.0007129488542407802,0.004004004004003914,0.0013333333333334085,0.007123579514840994,0.000640448974861485,0.002889378095762174,0.006006790284669661,-0.024859287054408985
2024-08-22,0.015384590690272981,0.0150146229177337,-0.01209030375981357,-0.009685558875619948,0.006134109148376199,-0.056959150147848026,0.01755106807202078,-0.015945152531918638,-0.01071784646061813,-0.010652463382157085,-0.013658570080268717,-0.019520019531250044,-0.005213335162573718,-0.02258566978193144,-0.01683501683501687
2024-08-23,0.023309963661081845,0.024928087132886967,0.011761472654881588,0.012919627659366162,0.01599295203704898,-0.015099804828899499,0.018451644713073145,0.026890945505960273,0.0045351473922903285,-0.010094212651413192,0.02546989685884582,-0.0003263906837720487,0.0035857123155427217,0.011420982735723673,-0.017123287671232834
2024-08-26,0.030498655587083423,0.03461173693057118,0.0034952292240051364,0.004052973772307622,0.02100275139827401,-0.03264099976382173,-0.0022755718561112692,0.006412408152894233,-0.0005016302984700571,-0.015635622025832796,0.0055461667582856755,0.018935744504394725,-0.0009619348632677882,0.00814075630252109,-0.008461921353907442
2024-08-27,-0.02308728044175723,-0.0244122892579266,-0.0009001443613326776,0.004511469226766485,-0.02632027331622977,-0.026584829935086374,-0.014474315232875123,-0.0008673005916490784,-0.0030112923462985997,0.014502762430939287,-0.013189429904024275,0.016661267503238708,-0.0006877579092159358,0.008075019536337491,0.02058232931726911
2024-08-28,-0.011313657967974344,-0.013372198498000198,-0.00591478479111629,-0.020210432774924958,-0.024975967299258328,0.013655411281430885,-0.014286438865463325,-0.02587558388710398,-0.0015101938082053845,-0.005445881552076259,0.015795812565714273,-0.020485345887378714,0.00013764624913981116,-0.009302325581395321,0.011805213969503292
2024-08-29,0.01640179136046016,0.018652805712012777,0.008865946712543371,0.0006031501162757635,0.02462874309202734,0.10725395958607331,0.014854658097318785,0.013058630507235325,-0.003024955886059999,0.017796030116358663,0.03277509466244455,-0.007078448442277896,-0.0019267822736031004,0.015910276473656726,0.020904229460379176
2024-08-30,-0.014260687450992071,-0.03108945457118406,-0.012771921473360925,-0.000602786545500833,-0.01422943509200092,-0.004679452536519246,-0.01601637840296999,-0.02794594608547285,-0.005056890012642201,0.0168123739071957,-0.0006948987854823452,0.009721321907536495,-0.002344180915609506,0.008472400513478862,0.014761904761904754
2024-09-03,-0.06408633066220626,-0.043643869213822795,-0.001819946778968462,-0.027261741036582965,-0.020208662595072258,0.03573106340622445,-0.10580095470920092,-0.027148399366699993,0.008640406607369755,0.022486772486772555,-0.024802960360749804,0.025994884290293507,0.0038700760193504102,0.015274949083503131,0.03613327076489914
2024-09-04,-0.014237329515360164,-0.016206986764290554,0.0011890606420927874,-0.0031002693207448084,-0.021985520881348974,-0.026327773912960706,-0.00803965003330287,0.007727795127925541,0.008062484252960411,0.010349288486416475,-0.017114362394248017,0.012824446135092593,0.004818945339391423,0.009027081243731194,0.024003623188405765
2024-09-05,-0.0001374760282735199,-0.0007224772336431595,0.006769634859956408,0.014429678052155337,0.00528388607581376,0.050815836151192784,-0.018350501444056033,0.01963288600329638,0.00399900024993749,-0.001280409731113985,0.023458313337307635,-0.009573735956777019,0.0017813099479309091,0.0022365805168986785,-0.007518796992481258
2024-09-06,-0.02242405871600306,-0.021402795723434842,-0.007274585855684523,-0.015450576923279336,-0.024851308548530016,0.009316835557074965,-0.015474056875175224,-0.03175483184483319,0.001991535972118541,-0.01602564102564108,-0.0366256911209315,-0.00717186848456397,0.0024620434961017956,-0.018844532606000497,-0.013814616755793208
2024-09-09,0.01097662265825039,0.015368714994359323,0.003208370911157221,0.017436714998912528,0.011536640989981528,-0.04615385260303817,0.01286919591134783,0.017369094930580475,0.002236024844720408,0.0013029315960912946,0.020603388353112706,-0.0018844413160092888,0.0,0.01086681829668934,0.004066877541798464
2024-09-10,-0.0368874447601647,-0.0430795972043837,0.0041063476467329,-0.010772352479629155,-0.03804801224611609,0.02857144426718694,-0.02624454180186908,-0.0012018096316284144,0.005205751115518131,-0.01236174365647369,-0.018264891254084703,-0.022655701592234068,0.003547550825487855,-0.022499999999999964,0.005850585058505775
2024-09-11,0.020523169805461983,0.02372619860979097,-0.00027533140089341934,0.010518504479177126,0.01637511558898308,0.017025029783627632,0.014545445736600993,0.010829166443353966,-0.0007398273736127781,0.0026350461133068936,-0.01297426680768754,0.00869279342046525,-0.0012236573759347724,0.0023017902813298186,0.008948545861297452
2024-09-12,0.019260736419710156,0.02466206688931072,0.015025250464053563,0.012245827003533494,0.012955895585044841,0.03832604948813523,0.015707388569442537,0.04131219817675014,-0.0034550839091807006,0.015111695137976389,0.012152819498401302,0.01021389189822064,-0.0008167710318540689,0.011992855320234863,-0.001330376940133049
2024-09-13,-0.0050020925975474695,-0.004639693912723342,0.011663896914117844,0.010162181170665807,-0.016282747250979,-0.022061961516188333,0.0016605785591055078,0.03214199554210251,0.0032194155522535794,0.011650485436893288,-0.0029405229733848737,-0.00347553271252965,0.002043596730245234,-0.0047907211296016605,0.014653641207815316
2024-09-16,0.015919555647701644,0.020975889002258663,-0.0006894889729924802,0.009101707362479505,0.005997240050202635,0.029501014235709278,0.019687072832602848,0.0023453697167905574,0.003455936805726978,0.0511836212412029,-0.023101466169427876,0.014901751103311156,0.0013596193065941176,0.017988345578920706,0.01269146608315097
2024-09-17,0.01305837729542536,0.015694195477093498,-0.006324504817213139,0.00011872826969905326,0.019028912799727404,-0.020648978813901153,0.017122238523001654,-0.00493972986572877,-0.0014760147601475815,0.004260499087035852,0.02012576697007673,-0.006560468801854791,-0.0013577732518669228,0.0014932802389249211,-0.004753673292999139
2024-09-18,-0.0006783639678898945,-0.003933119394501139,0.002391681664119183,0.0058146180266738234,0.005054581197502461,-0.017211688420140314,0.00439583892340889,-0.00907932599497141,-0.006898250800689842,0.0006060606060604989,0.01085086189111717,-0.00031448460225036445,-0.002447314751869434,0.007952286282306265,0.0
2024-09-19,0.01670055264162995,0.014666383195923283,0.00615716131713806,0.011326064135611658,0.01140856472795071,0.02802107353083949,0.024518802246330518,0.02481791204131012,-0.007690399404614245,-0.01695941853422167,0.018541065879791097,0.006291286688892672,-0.0027259097723865144,-0.0007396449704142327,-0.017802865827181935
2024-09-20,-0.005208325373311062,-0.0004169392712893849,0.012085922257843995,-0.0010499095889554555,-0.004834233220798012,0.0366269011291982,-0.011456244518397884,0.002637188293048043,0.0020000000000000018,-0.009858287122612497,0.009820355626637411,-0.007814942318532747,0.004510045100450943,-0.0012336540833950416,0.0053050397877985045
2024-09-23,-0.007920477309848128,-0.021551661037618852,0.0023807909244859538,0.0017517626770862105,-0.007587259105130029,0.07354145427104264,-0.022687112155659106,-0.013119078423192376,-0.0009980039920159944,0.029247044181704984,0.010910794263223611,0.028670467166056257,-0.0006802721088435826,0.026926877470355715,0.024626209322779147
2024-09-24,0.01718533987609816,0.016910540934567786,0.009236569274269524,0.03275823444623138,0.016502686057287663,-0.023727439652633353,0.019847250148068207,0.04368316228445157,-0.0007492507492506961,-0.004232164449818665,0.031206050314086076,-0.008882064001483503,0.000680735194009463,0.0028866971373586736,-0.007725321888412018
2024-09-25,-0.022748425251114313,-0.026131849929932338,0.0028763358878876044,-0.0003386679455525954,-0.009309750614497792,0.03371225467701344,-0.014682000695627306,-0.012861639501308364,-0.005998500374906235,0.00850030358227083,0.009783852052589248,0.007725586998908351,-0.002585034013605436,0.01055408970976246,0.019463667820069253
2024-09-26,-0.025319910611661167,-0.02898556753760073,0.003799289066706679,0.03455281816900335,-0.011156403991993358,-0.019719394812836466,-0.01930094918587011,0.010316157868872189,0.0005028916268543515,-0.004816375677302864,-0.03289776620169704,-0.0058264147835718205,-0.0012276633474287424,-0.011630666983147409,-0.008485362749257486
2024-09-27,0.005307330878643102,0.007536606325260875,-0.009944638264371974,-0.008731709921866782,-0.0015917266377757366,0.12263052517755502,-0.004231920628604224,-0.015800231133121678,0.004272430258859039,0.011494252873563315,-0.01724133027351704,0.0601480544903481,0.002868068833651982,0.023775216138328448,-0.007274283269148474
2024-09-30,-0.0029175702149638605,-0.00014670190944121586,-0.0032608204317906564,-0.009909728559837294,-0.0004220144184720054,0.007236439429602948,0.004659539053739392,-0.011263033483806084,-0.005505505505505548,0.01614832535885169,0.03153148427536223,0.0017456373716278062,-0.003949339507013483,-0.008210180623973717,0.006896551724137945
2024-10-01,0.024940796979962876,0.024350941861482678,0.011619217725451048,0.008785640158684105,0.019889353108125896,-0.009237149479634943,0.002293416337328713,0.009016818807569216,0.006542526421741357,0.010005885815185467,-0.01378989881100856,0.016555365695971824,0.003554826360404606,0.00023651844843897152,0.02568493150684925
2024-10-02,0.0046221313019256804,0.0038664848344072134,-0.0076571747694920145,0.013339244691211283,0.0036335201029558117,-0.0034530354901214366,0.009813944759531346,0.005819703175424573,-0.005750000000000033,0.008158508158508049,0.018876750784697638,-0.024571446010044684,-0.00231607629427788,-0.0011823126034523623,0.027128547579298834
2024-10-03,0.05033831047216464,0.051497870027547465,0.003558452325636896,-0.02045264045452666,0.05160159787753815,0.029106068265205787,0.05372881835137511,0.017737413431924365,-0.006789036962534523,-0.009826589595375745,0.022186582317534898,-0.025190410829717846,-0.004506349856616132,-0.009469696969697017,-0.019097927671678172
2024-10-04,0.005539813063131005,0.009089651027908596,-0.004254965120749521,0.004553572582307375,0.00784421781154232,-0.03905721748823543,0.0015291100001013636,-0.0018950829642458977,-0.011898734177215209,-0.008172796263864579,-0.014544590090749487,-0.006911021266021056,-0.009327846364883374,-0.007887189292543062,-0.022783761391880653
2024-10-07,0.03689938681370886,0.03710677921682293,-0.0006747315372888085,-0.0007739048560948536,0.03610494540970266,-0.037841638608905326,0.027674439293130737,-0.011920988933720289,-0.005380476556494984,0.00294290759270166,0.011807457923560971,-0.017246633001607448,-0.0031847133757961776,-0.003613587087448855,0.004662992793556642
2024-10-08,-0.046336339872226295,-0.04627948824307726,-0.011477906097618118,-0.023677776687422103,-0.041315407529916026,-0.004734162855167479,-0.03979015445733591,-0.04378646275791487,-0.0015455950540957941,-0.01232394366197187,-0.026705619495773436,-0.0036945250448039424,-0.00013890818169193242,-0.017166344294003877,0.0037974683544304
2024-10-09,-0.007774014922889982,-0.004485548897968816,-0.0035667840525418493,-0.01291934675905837,-0.008836806465490121,-0.026710557319341244,-0.0008219740288486488,0.002306035113814442,-0.0028379772961816263,0.0005941770647652778,-0.0025363295610019154,-0.003399277140816115,-0.0023617671575437704,0.003936039360393551,0.007145859604875904
2024-10-10,0.03682423122743583,0.035636273709432675,0.005064755837062007,0.006888681900564464,0.032500276701251885,0.005639047369019767,0.04089229281732898,0.01906326830731886,-0.004915912031047909,-0.005938242280285055,0.014100800601462904,-0.015503875968992276,-0.0011140509678317922,-0.005390835579514808,0.007929883138564353
2024-10-11,-0.004534012637697815,-0.0038233476778023467,0.014018868380057281,0.015165269466808073,-0.002977570154686582,-0.016074760224436102,0.00032544376074650216,0.01661026643886343,0.0015600624024960652,-0.00657108721624855,-0.009801693996925431,-0.0031496062992125706,0.0015335285096891305,-0.009115545700911554,-0.007867494824016608
2024-10-14,-0.01998990147714308,-0.02289565621276679,-0.003998038701437889,-0.019768577314569602,-0.029736765093460682,-0.052431615898243855,-0.01998512044593448,-0.013864221710395475,-0.004932502596054045,-0.018039687312086605,-0.029465902849036274,0.0,-0.003479955456570205,-0.009448035803083066,-0.022954924874791338
2024-10-15,-0.04144073228005141,-0.044020044960001226,0.004989422344032102,-0.014437997128814217,-0.0380353226849065,0.001603828616233427,-0.03362418984207449,0.01428434325917971,0.010696582311505276,-0.017146356399265206,0.00687857961520244,-0.014849959579877559,0.005168319597709248,-0.005020080321285092,-0.009824861170440014
2024-10-16,-0.00040402396359429105,-0.002692015251870572,0.004628820387624799,0.0072084962060370295,-0.00594231898655162,-0.05244187687922863,0.0012759261345827166,0.0073904842984802155,0.002323180175529238,0.008722741433021763,-0.018138997501171095,0.006093728314460645,0.0008337965536409087,-0.011099899091826404,0.009490940465918918
2024-10-17,0.003098837560715495,0.003977820453541003,0.0060193775788504045,-0.010389028220965324,0.00910467997456088,-0.008449606453236225,0.003185808981403415,-0.005887917925395669,-0.011073911923770274,0.004941321803582532,0.021833009614904197,0.014026119621508126,-0.004304359900027754,0.008928571428571397,0.007692307692307665
2024-10-18,-0.018670241056084502,-0.020517857447453047,0.008310249307479145,0.013880839322396143,-0.01927545521707008,-0.03792074608460705,-0.021887730563229568,0.04621041849849683,0.002083333333333437,-0.0049170251997541214,-0.018079372035806007,-0.00785916363417627,0.0015339562125227246,-0.01896333754740831,-0.02841391009329941
2024-10-21,0.016835524199780183,0.01935851364142782,0.0032600374885531913,-0.005292277794826883,0.014450346134549319,0.023915031753597216,0.006343577352713181,0.025339003025819817,-0.01299376299376298,0.011735639283508403,0.013629834982872069,0.008555074896188453,-0.006265664160400974,0.01134020618556697,-0.0008729812309035134
2024-10-22,0.023556332998162954,0.02168365691943719,0.007630854441409207,0.00578304317190792,0.024595781521091542,-0.0004324945956222237,0.028192846992709297,0.02840360847007206,-0.0018430753027909308,0.017094017094017033,0.030667592728911508,-0.0018849375084730724,-0.0015412638363457853,0.010958205912334318,0.006553079947575258
2024-10-23,-0.0142030749349209,-0.018310441973630964,-0.01101534384611802,-0.010004587419066291,-0.006884189959817322,0.013414062073630717,-0.014530584734927188,-0.03419373110913926,-0.003692957003429198,0.006002400960384069,-0.0068665426067821,-0.00849862166600035,-0.002806623631770977,0.005797832114948331,0.004340277777777679
2024-10-24,-0.007737484500247693,-0.00819548154828098,0.0071444276022927244,0.0034846941867077152,-0.008687425051507436,0.0768574151028294,-0.006711084887480512,-0.0008620490231698863,0.006089489012443661,0.005966587112171906,0.021664034446391423,-0.014603193979414675,0.0022516183506895437,-0.0012531328320801727,0.005185825410544576
2024-10-25,0.022452350900874718,0.022652746581935723,0.0020736278202200253,0.004630161145460221,0.016255723106649356,0.01506735419196481,0.025053058335361644,-0.00023800006401142326,-0.003947368421052588,-0.014827995255041526,-0.004060462389822939,-0.014819607583657635,-0.0019657399606851644,-0.008531994981179403,-0.021496130696474602
2024-10-28,-0.060881061104776424,-0.06129843411404423,0.0004718669285628252,-0.0017283492907218534,-0.04892550253151284,-0.09804684887931159,-0.05393312648595794,0.006755384514960827,-0.005284015852047519,-0.010836845273931361,-0.03306914719615872,-0.0032701113143176475,-0.0032357906584130625,-0.013920526449000215,-0.018014059753954315
2024-10-29,-0.004200440073572009,-0.0025229767865074804,0.009144089482737927,0.00011546680621021821,0.0023959466823177955,0.016024227209910036,-0.007424755047768294,0.012976622886919476,0.00026560424966803886,0.0073037127206330155,0.002576730238701419,-0.009842520079225592,0.0004234297812280019,-0.008983572895277181,0.021029082774049135
2024-10-30,0.02010686515678617,0.020830256583091344,0.007083510294533024,-0.0011540945096204513,0.025261286081525558,0.2127025071655151,0.022492065387376803,-0.010359203122465854,0.0031864046733935947,-0.005438066465256797,0.02359818117370205,-0.0006626298791977403,-0.0004232505643341211,0.011655011655011593,0.004820333041192004
2024-10-31,0.00840800254572538,0.009473859788609929,-0.01838760322128241,-0.0032351102014506194,0.014582267764479129,-0.04850615467708952,0.003908394557242012,-0.037182329788516766,-0.0007940709370036769,-0.0018226002430133947,0.030358319440005,-0.006962884817697468,-0.0021171489061396764,0.006144393241167334,-0.004797208896641925
2024-11-01,-0.000820191156159833,0.003320758308477556,-3.6408414677224776e-05,0.007882211768321268,0.00662308424581215,-0.016254122672919702,-0.01846765218566826,-0.0033993832557535075,-0.009801324503311282,0.00912964090079127,0.025697825943660213,-0.014023413045179511,-0.003960396039603964,0.0,-0.004382120946538115
2024-11-04,0.0270862297984118,0.02849335757378002,-0.0010912265580105274,0.013686076946767933,0.022334640996598543,0.04431084767784066,0.026798902389508106,-0.0019052386149303047,0.0074906367041198685,0.004825090470446325,-0.015982675506767685,0.014561525527598596,0.0029821073558649047,0.0048346055979644476,0.001320422535211252
2024-11-05,0.005993566026473607,0.007275732953475611,0.0012744884066093753,0.00987064804949589,0.008799911484195011,-0.0399136377746947,0.012579200790068468,0.005387907620903132,0.003983005841741827,0.004801920768307433,-0.012510967463630784,-0.00033379873657635173,0.00042474869035813434,0.006583945302608196,0.00659340659340657
2024-11-06,-0.008076269299752248,-0.00416718198729471,-0.02669378610290485,-0.051230235579305394,-0.014842441653823313,0.0288389140543015,-0.00449970462963023,-0.043913586327227305,-0.016133298069293867,0.0185185185185186,0.03000663311304641,-0.003672808358983759,-0.0077837531842627206,0.0007547169811321641,0.0013100436681223737
2024-11-07,0.009476763238456032,0.009345768532968313,0.011022680365348814,0.044404974961672394,0.007224713188748844,-0.019657772562907794,0.008941809886886531,0.017424128200999034,0.007258064516129092,0.0029325513196480912,0.042727655065097236,0.00033514110442744993,0.005847953216374213,0.02111613876319751,-0.0030527692978630228
2024-11-08,-0.02327111689477679,-0.02736323024091214,-0.0040653410457155426,-0.028004506705995857,-0.020775075165354373,-0.00891205612690138,-0.020013646142770458,-0.01278136770439886,0.006405124099279513,0.008187134502924076,0.009312929755412647,-0.007705151735238669,0.0008508224617129745,0.0012309207287051205,0.0017497812773403787
2024-11-11,-0.02761609367371698,-0.03324803110555652,-0.028610693283079858,-0.017613440300298988,-0.018446585089579193,0.09404277795797378,-0.027577654262148088,-0.026116851823051013,-0.0015910898965791898,-0.002320185614849146,-0.01291779910194657,-0.003713727407771872,-0.0034003967129498935,-0.004917629702483439,-0.012227074235807822
2024-11-12,0.0008352715726620552,0.0011758058491799783,-0.004354930876873997,-0.02172875948621167,0.006006573218787725,-0.004452058597406383,0.003730209095650361,0.004780612445006049,-0.011420982735723784,-0.0034883720930232176,-0.03967594249331918,-0.007455141177664104,-0.00440716519761164,-0.00815418828762049,-0.023430592396109673
2024-11-13,0.005424946348025594,0.004550756695459901,-0.007596995149130148,-0.012987055078364729,0.0038448070570520354,0.026143781736858385,0.00040727665190565254,-0.0031284842862845386,-0.004030091348737219,-0.004667444574095736,-0.022712508056619285,-0.004438333288010243,0.0,0.0007473841554559435,-0.020371208691715714
2024-11-14,0.003873807194599399,0.003945588804067146,-0.00525810850811903,0.0017215862047936792,-0.003154133908239376,-0.0663761151743153,0.00844735288169085,-0.0026806385097365437,0.0062044780145671385,-0.017584994138335253,-0.016378965769551446,-0.015775054894486717,0.0011423675567614477,-0.01842170774209606,-0.019870609981515686
2024-11-15,-0.020948135256467992,-0.02445415400005735,-0.001088190288689228,-0.005401383799477855,-0.018713535499666478,0.013644476560800589,-0.016349545203644178,-0.00449059698612897,-0.00214477211796249,0.01193317422434359,0.020477044903983943,0.009059254716082377,-0.00014263300527739275,0.012934313974131362,0.011786892975011787
2024-11-18,0.031813092723883996,0.0319308732651864,0.017314500723369042,0.014070521282697701,0.03708134115798134,0.053134997449436394,0.035397324129762486,0.026077501871331954,0.0,0.012382075471698117,0.0037486656970802112,0.002417063793855423,0.0008559201141227213,0.011266900350525688,0.020037278657968338
2024-11-19,0.0001363507014984222,0.0033255597941077575,0.006272432391649874,0.005355480493552056,-0.004974660745419746,0.008408966206472579,0.009611990695261197,0.0014440225953762376,0.005104782375067174,-0.004659289458357585,-0.014938495130436769,-0.005855948194753213,0.0019954389965792796,-0.011141371626640306,0.004568296025582397
2024-11-20,-0.006820352157294374,-0.007493826886298849,0.007867712342027655,0.0032687013103669393,-0.00620482158517166,0.06504342152779863,0.003975086152802509,-0.008074878468253832,-0.0029403902699812745,0.00702165008777067,-0.034790396252953215,0.0027719604159737177,-0.0014224751066855834,-0.008012018027040546,0.005002273760800424
2024-11-21,0.01950289583785647,0.01785967298513147,0.008749086095363845,-0.007360911366055989,0.021605351765125347,0.045724993696057536,0.006647820511759717,-0.0014213308938789693,-0.0037533512064342744,-0.00813480534572919,-0.025415861948852037,-0.00587415938253677,-0.0017094017094017033,-0.012872286723876858,-0.006787330316742057
2024-11-22,0.012663273198194158,0.01626247381544932,0.013944465284642105,-0.009482138372975513,0.0002198222657836535,-0.06289309343716265,0.0009710862203697879,0.012842887898042221,0.0013455328310010284,-0.0029291154071470205,-0.009720242874483809,0.005213764116633435,0.0012842465753424293,0.005880848887752421,-0.008200455580865573
2024-11-25,-0.028734815555805038,-0.03228516972672435,-0.034547582353354755,0.004295514043697324,-0.017407312928556573,0.07670182597851238,-0.029543016778126874,-0.03510175764957435,0.017199677506046784,-0.001762632197414793,-0.013406783987404247,0.015560165318314612,0.008123129542539465,0.0022877478393492634,-0.015617822691777694
2024-11-26,-0.0027394133924764086,-0.002465996407301163,0.0010693331403952566,-0.012831424566665528,0.002281578168184195,0.01840309795543149,-0.004348919429297049,0.005892135359252038,-0.003434610303830965,-0.011183048852266064,0.03348704437693617,-0.019067095235829057,-0.0018377155781735821,-0.002282525995434992,0.006999533364442367
2024-11-27,0.0002747462317223004,-0.0007269946895994694,0.007095659851660274,0.0069323787303003925,-0.016425702935185416,-0.06616146851391147,-0.00923785234386787,-0.009115454218612262,0.006362672322375307,-0.010119047619047583,-0.04320263315322126,0.0083304194572702,0.0036821979889534173,0.005338078291814874,-0.0032437442075996525
2024-11-29,0.0015103749496907515,-0.01047731676241892,0.00647755531983174,0.003319452646739496,-0.004810243213790755,0.0496254432211809,-0.015050187932533099,0.019062781167803244,0.005532139093783028,0.01743836440168378,0.021104309456480008,-0.011703937681529664,0.0025398617186398464,0.0007585335018962525,-0.010227801022780092
2024-12-02,-0.015217995245383253,0.0014705657958984375,0.0005645464809935774,-0.0012253680398633948,-0.006976760114497438,-0.044602991582540774,-0.01363378466289078,-0.007691056383986372,0.0013099292638196758,0.0035460992907800915,-0.008171116260529576,-0.012887537890532763,-0.0005629838142153787,-0.004295098534613406,0.009863785814936632
2024-12-03,0.024919961992169393,0.02701914843631581,0.0035357917411134032,0.01729846566193327,0.018367985061423786,-0.053221288723261484,0.023576043707752126,0.020624659978094595,-0.003924646781789609,-0.002944640753828054,0.016476866916241173,0.009174333660943335,-0.0012674271229404788,0.006597310327328021,-0.0013953488372092648
2024-12-04,-0.01779414750224384,-0.020017178681853598,0.00311107955018608,-0.0009647154296502647,-0.022681210805585383,0.00032870726580225273,-0.011873182307358343,0.01377222708379855,0.004990806409246096,-0.002953337271116352,-0.01716331841736718,0.006993006993007089,0.0026790750141003628,-0.00806654902949333,0.0023288309268747476
2024-12-05,-0.003042473076075747,-0.003501573687828219,-0.010387881823236578,-0.001689997379813346,-0.005398133968060215,0.011830434950549806,-0.0034036523251989026,-0.011775857560738068,0.000784108729743771,0.010663507109004655,0.02158620905966102,-0.002083354526095871,-0.0004218815918998198,0.010165184243964509,0.016263940520446107
2024-12-06,-0.013455314753550107,-0.01610550592043225,0.004229042337068556,0.0008464291529572954,-0.01071573021815353,-0.0009743491343137123,-0.013609290243621786,0.00167020121014394,0.0023504831548706306,0.009964830011723436,0.015669512444182132,-0.012526117536426518,0.0023916713562184277,0.0,-0.007773205304069553
2024-12-09,0.014341909500494632,0.017410801361211092,0.0098510867084729,0.020538735513414785,0.02386757047942978,0.03446032101713281,0.024289126608429523,0.03302760059266885,-0.006513809275664362,0.007544979686593178,-0.0035062579584325126,0.008104363669757308,-0.0023859649122807136,-0.0037735849056603765,-0.0023041474654378336
2024-12-10,0.0006931390654403291,0.003217691713777171,0.012137855731237046,0.0,0.0011907279797489512,-0.0059710293696181305,0.002202303874463629,0.004562930250220587,-0.002622606871229949,0.01497695852534564,-0.0016420289249435838,0.009437195497564055,-0.0016882386043893804,0.004797979797979801,0.001385681293302632
2024-12-11,0.01842352343372844,0.02478502213736955,0.014089188568283673,-0.0022492128263161826,0.01701659299949565,0.06797341350267705,0.014820137012705903,0.006149038056919576,-0.007099658164606892,-0.005675368898978461,-0.007048943657837481,-0.0027700409514637148,-0.0023957158962796266,0.00075395828097502,0.002767527675276771
2024-12-12,-0.0014960961096208703,-0.003841289926648672,-0.01715821441068255,-0.004508792688889596,0.005982072655630999,0.022794524051797493,0.0013596390176118245,-0.0409679879164937,-0.007150423728813582,-0.014269406392694028,0.004969306850703736,-0.00520833333333337,-0.00268399491453597,0.00025113008538424353,-0.00873965041398339
2024-12-13,0.014711812393187529,0.01813773683730524,-0.012401216035536011,-0.010965435502349297,0.014933407810271415,-0.05065121741842704,0.006688489430359379,-0.01834891579558018,-0.008535609495865515,-0.004053271569195105,-0.004473803530611331,-0.00837694204706585,-0.004390934844192618,-0.0075320110469495605,-0.022737819025522077
2024-12-16,-0.007786202420368871,-0.008135808999945704,-0.002167594260514827,-0.0013256968901805832,-0.002643190313693755,-0.02012194674295864,-0.013038284891732643,0.0013700804421390433,-0.0002690341673392549,0.03488372093023262,-0.013244975751228294,0.009855641438981655,-0.00014226774790160324,-0.006324310650139164,0.04463437796771119
2024-12-17,-0.009741593627768164,-0.00890959215917042,-0.002996254681647992,-0.012549788257135042,-0.01594519068432032,0.029247075756057228,-0.01609557692329744,-0.004039500514133487,0.001883745963401573,-0.003370786516853963,-0.0263663052884211,0.0010457243531873939,0.000711439954467874,-0.005346232179226029,-0.009090909090909038
2024-12-18,0.002732571957519747,0.0071347030099311315,-0.0032682010412753426,0.002077502037469481,0.012163959723858753,0.019951627264417793,-0.0005658439841744745,-0.005331505153422289,-0.011281224818694646,-0.014092446448703444,-0.02634169677400755,-0.026810626322260056,-0.00753590217545852,-0.025595085743537194,-0.006880733944954143
2024-12-19,-0.006949204802724207,-0.009492747967746795,-0.017035371175543546,-0.0193901764332417,-0.007671897143586959,0.062240673869536245,-0.010294471727616772,-0.04327523812379108,-0.011138277641945082,0.008004574042309809,0.01163082410483618,0.016457982481272282,-0.0032951289398280847,0.011820330969267046,-0.015242494226327952
2024-12-20,0.0008233423470040968,-0.006436912517008175,0.014186572069549763,0.005098795009250923,-0.0026813433438522827,0.04575887021528047,0.009777418741860888,0.01945418256041931,0.00659340659340657,0.012478729438457181,-0.013246658373680331,0.036606806311348716,0.002443582003737177,0.011941848390446541,0.0
2024-12-23,-0.0042501395340275305,-0.0031673081428574834,-0.006389227575678391,-0.004454374258297533,-0.00241965431495228,-0.024546427407552196,-0.0016996042504473508,0.007687142348014264,-0.008187772925764225,0.003361344537815114,0.018996960706588517,-0.01697792869269954,-0.004588471465443056,-0.005130836326321164,0.014071294559099501
2024-12-24,0.013080058014073748,0.01242057534495622,0.0027775850253972667,0.006587180369147516,-0.0021560801556772535,0.07932171999184834,0.010627849732703254,0.002877423752003949,0.0027517886626307053,0.0016750418760469454,-0.009694242955160526,0.01174436579096505,0.0008643042350906516,0.005930892212480554,-0.010638297872340385
2024-12-26,-0.0043490036268137855,-0.006847300113940302,0.006981560365680206,0.005556250947168495,-0.00729229249533625,-0.05854033938334058,-0.006687441016077655,0.002435442448680769,0.0005488474204171645,0.0117056856187292,-0.009287121748686289,0.043700985241640566,0.0008635578583764403,0.013073570879261753,0.011687704534829368
2024-12-27,0.012421457905811506,0.014076352899701217,-0.00828968718095624,-0.0023330124362923588,0.017911393657242147,-0.05410497438716955,0.00637271632691272,-0.013046233794329343,-0.005759736697750983,0.000550964187327807,0.0012667655311426884,-0.0157017275723762,-0.002013229795800986,-0.0080971659919028,0.010166358595194103
2024-12-30,0.0029661753557281845,0.005524070794298952,-0.00524328629489712,-0.00418466421274033,0.0243673804142035,0.1200911147079704,0.009243194502176033,-0.018512890698538564,0.007172413793103516,-0.0038546255506607396,0.005060747991468384,0.0056497581971239885,0.004899135446685854,0.0020408163265306367,0.003202195791399909
2024-12-31,0.003360666783857935,0.010283186067063577,0.008746763488626907,-0.014707636514165179,0.009175927095237402,-0.07698175898026627,0.012751044943645429,-0.005703303823144101,-0.002191180498493539,0.013819789939192972,0.00151051250629064,0.016523462984629145,-0.0020074562661313022,0.016547861507128392,0.005927952576379347
2025-01-02,0.017282970606592007,0.01965973241377794,0.010602044680045442,0.0006272095288955004,0.014392854552339962,0.007431926670239397,0.025181124871186622,0.023565970765631716,-0.0008234971177600858,0.0021810250817884125,-0.0015082342995187403,0.010728178567910085,0.0005747126436781436,0.0012521913348360059,-0.010426110607434258
2025-01-03,0.0076386385977025295,0.011349676770511463,-0.005357830209113845,0.012786791210606774,-0.0026338466050978004,-0.08360655385299076,0.0008772651450821289,0.0062116000563794405,-0.0019230769230769162,-0.0190424374319913,-0.008056386832572038,-0.035381152190252174,-0.0015795519816197423,-0.018509254627313676,-0.03023362345396241
2025-01-06,-0.002744727207022457,-0.005408349524478107,-0.0027498583502449936,0.021661000967249322,0.0031519021238832767,0.09481211422254221,-0.008862015346926544,0.017982933049925043,-0.003578309936691393,0.015529672767609526,0.00913697415513659,-0.004334737643967634,-0.0010067596720839678,0.011722731906218087,0.021256495040151258
2025-01-07,0.009829619528209488,0.009380131379920664,0.00679912391930837,0.008117323897803619,0.004712998276547031,-0.06072986213536302,-0.004372471304851744,0.003460597615807748,-0.008563535911602194,0.0005461496450027692,0.0241449431513181,-0.01105163510747842,-0.0033112582781457123,-0.00025188916876572875,0.0037002775208141436
2025-01-08,-0.011550932568433314,-0.01252525663536408,0.0026262475637688354,0.01610381239354819,-0.006592656792727691,0.05856774371405149,-0.008092303029960779,0.00016419222530705824,-0.0016717748676511324,-0.008733624454148492,0.009577587867314552,-0.00914318252984847,-0.000288892098801119,-0.004787100025195223,-0.011520737327188946
2025-01-09,0.009978918990179109,0.008183285278483776,0.006885251892217781,0.01230042489546812,0.011698708358900856,0.013694864969277853,0.00900409066595187,0.011132296914532214,0.0013954786491767734,0.004405286343612369,0.028460183691914276,-0.002734170518998047,0.0007224389539084441,0.004810126582278418,-0.004195804195804231
2025-01-10,0.036921529314749124,0.03584958862988996,0.008993589539443514,-0.0011683875293851953,0.05192997539622968,0.07781683565010367,0.022974837983394725,0.009743081858092362,-0.008082497212931972,0.0317982456140351,0.06551562293611157,-0.004112343179070055,-0.007652324574068725,0.02141597379692617,-0.006086142322097365
2025-01-13,0.01567201562839715,0.029384876700634166,-0.013406962189226546,0.0049128340091268985,0.0126314104121934,-0.013787933222955906,0.012241632281984938,-0.032163649054718024,-0.0033717336330429948,0.012752391073326264,0.009323018662718674,0.03303512010283982,-0.0014549687181725224,0.027627035027133706,0.026848798869524293
2025-01-14,-0.013455177614390745,-0.016747014716252284,0.0013813003199367735,0.0034921066268100986,-0.003157895727514126,0.00864258255197825,0.002047268925091217,0.0013625458360140286,0.0005638567803778471,-0.0041972717733472775,0.005718018793780422,-0.005996063415565467,0.0011656709893632655,0.001440230436869916,0.002293577981651307
2025-01-15,0.026401409643318052,0.032774205361643105,0.013234910097216668,0.011367540825688804,0.0349265795785374,0.028981917801107704,0.02580066094715816,0.03939334514338211,0.0146520146520146,0.008956796628029506,0.011808460986941327,0.012064363864445982,0.009023431814874083,-0.00023969319271333056,0.0013729977116705427
2025-01-16,-0.00902106393735913,-0.01699151167910251,0.012178914166219634,0.011698616597980438,0.0014156416082229395,0.04286056969133001,-0.016536237160940437,0.006513632984201934,0.004165509580672078,-0.008877284595300239,-0.02679925796842597,-0.0251655831242239,0.0025962786672435456,-0.022776312634859797,-0.017367458866544783
2025-01-17,-0.006150817989528323,-0.010167806922405265,-0.0007997205459931989,-0.01655140083954909,0.0014519921598434848,-0.07280412171867878,-0.005180820599222091,-0.018145496638224734,0.0008296460176990816,0.020547945205479534,0.014656892411810452,0.009510931958549573,-0.0005754567688102119,0.014720314033366044,0.0023255813953488857
2025-01-21,-0.018566654078496336,-0.025552104955707255,0.0038199876983748826,-0.006109561840803579,-0.023998498717988537,-0.048632197185452974,-0.013208967075954536,0.011631307804815583,0.004973749654600734,0.011874032008260205,0.0017509703098987917,0.04643333521586657,0.001727364329926484,0.03215667311411985,0.037122969837587005
2025-01-22,-0.0036574714614557857,-0.0059295948328017545,0.0042403419030598855,-0.009162551812213482,-0.028888622332796432,0.05431309741912527,-0.01271409400026624,-0.002299527375212773,-0.0019246631839427986,-0.011734693877550995,-0.029495352311917356,0.01543404435038176,-0.0015806868802988872,-0.01054111033028815,-0.008501118568232657
2025-01-23,-0.008987330183198194,-0.010869560820350066,-0.0021292369091931995,0.0065550455822376286,-0.005112342350729215,-0.0037879052423428483,0.003790389546380224,-0.018118376994636698,-0.0049586776859503745,0.01135776974703151,0.013957739129658142,-0.0015832806185154258,-0.0017271157167529916,0.008996212121212155,0.0
2025-01-24,0.0026823231832535654,0.0005360615660010559,0.005027089455244216,-0.0022095654676513865,0.018086242027230304,0.02078580951932585,-0.008036354679507252,0.011410699235132826,0.002768549280177224,-0.0066360387953037225,0.003996454296556706,-0.032984441164371936,0.0008650519031141446,-0.009150633505396577,-0.018050541516245522
2025-01-27,-0.01808914864898492,-0.01995721162709041,-0.014574112570892472,-0.020163209467563004,-0.022335277799992226,-0.0819468407672922,-0.010151348670702998,-0.02478809236060253,0.010491441192711282,-0.009249743062692661,-0.004865130799740047,-0.013447052100983625,0.006338231057332111,-0.010182334833057083,-0.015625
2025-01-28,0.005319097340104939,0.008200061352136911,0.010626679336112943,0.0040442962287039474,-0.004024428018330695,-0.061130665117537064,0.012030370216508102,0.015634282319248793,-0.0024590163934425924,0.006742738589211594,0.00288891262478308,0.002659635448846842,-0.001145147437732641,0.0,0.0182072829131652
2025-01-29,-0.011743399894198592,-0.015588910787790566,0.0008310926208221492,0.008766776296092127,0.0015917926633128854,0.0184385279483108,-0.008233374699798901,0.016630377154969844,0.0,0.024214322514167996,-0.0035453100736828613,0.027188267650892328,-0.000716537689882446,0.01483253588516753,0.031636863823933936
2025-01-30,0.0037869013919211714,0.0015147425804351577,0.019207145004702886,0.007163813017121878,0.008720446151696759,-0.13804813087594714,0.0008350564424370877,0.03604576195608322,0.004930156121610407,-0.01358148893360156,0.00022233313902164653,-0.01646215554193531,0.002581385343467746,-0.01555869872701554,0.007111111111111068
2025-01-31,-0.0014309952702122875,-0.0027499596920842473,-0.0037194473963868546,-0.006063438022513634,0.00367615756391948,-0.0009845818997180622,-0.00044175426175840915,-0.0072920551417322566,-0.006541291905151292,-0.01682814890362061,0.02512230056948228,-0.011814919459437245,-0.0035760263195536712,-0.0019157088122605526,-0.012356575463371544
2025-02-03,-0.010422134308151754,0.00868612840777172,0.015857812499999957,0.007508227174973792,-0.008613393203635633,0.10118268620518989,0.03987239074188986,0.008217129995837125,0.004115226337448652,0.014004149377593311,0.008674858076055614,0.008635025077421421,0.0010048808498421824,0.015595009596929055,0.012957998212689947
2025-02-04,0.0031595295769111242,-0.006287680301271359,0.0065450808626603685,0.011294843818068445,-0.013519517490579336,-0.02953459939383929,-0.008830392383575525,0.015312491461917599,0.003278688524590123,0.0117647058823529,-0.016125564976698037,0.03391500618691867,0.002294564749748984,0.01582801795416966,0.018085575650639507
2025-02-05,-0.020866094508778077,-0.022971089945632905,0.005980927352332355,0.021185953525481693,-0.018766950699222518,0.03289267550718544,-0.02301097111670769,-0.0009426551999955901,0.01225490196078427,-0.0025278058645096246,-0.014641568914350978,-0.018152905117933882,0.005007869509228824,-0.016744186046511622,-0.008232235701906454
2025-02-06,-0.004288965181697413,-0.005912968832370691,-0.005634306542732448,0.00428449106708606,0.005788065271608467,0.014285743682563856,0.011703402955311581,-0.010317341913896771,-0.0005380683346785098,0.0040547389761784736,0.0068751690450643554,-0.006162808860570745,-0.0015660592255125616,0.0033112582781456013,0.027086063783311465
2025-02-07,0.004980518804983625,0.0055232882917048975,0.003789114843185004,0.02874149889300104,0.013678048021956046,-0.029049289123663447,0.01460447305727719,-0.005627728124880105,-0.004845222072678346,-0.015648662291771864,0.012775286274534947,-0.016318538184074582,-0.003137031227719911,-0.010372465818010324,-0.008507018290089374
2025-02-10,0.01620679112137169,0.018591544997524245,0.016207162731946667,0.025974016512314346,0.00826893082585145,0.040797821045854166,-0.00038011056732289994,0.0017627712434462595,-0.001081958344603784,0.00820512820512831,-0.005437146639602597,-0.0029860448397801553,-0.00014304105278217794,0.0,-0.005577005577005578
2025-02-11,0.014893860715839757,0.0138274336866675,-0.0006133467650617508,-0.022550781052263602,0.025990435630195874,0.021777017293584944,0.02048290132379993,-0.004970341645774812,-0.00541565123206067,-0.015259409969481164,0.00874702667577032,-0.012978349073159312,-0.0024320457796852546,-0.005717008099094811,-0.004314063848144922
2025-02-12,-0.023636359673041785,-0.02659570316910187,-0.0013299278300822337,0.02252690998213347,-0.024894669070257613,0.013071896310481002,-0.026870916319886584,0.014396100536822498,-0.011979308467193084,0.012913223140495811,-0.010188623668339503,-0.008428860244620084,-0.006310053061809873,-0.015093435553426016,-0.004766031195840514
2025-02-13,-0.0021282742944915833,-0.0011209447663713679,0.005702172107181047,0.015112835222209409,-0.0013458204258806061,0.01767179880762626,0.010097533002191295,-0.0013763012498952953,0.014053458252962336,0.006629270780214247,0.012921597778352334,-0.0047602647651480146,0.006494443642661274,0.002189248358063667,0.006094906399651823
2025-02-14,-0.0037323219384968187,-0.007715009744627688,-0.015176190892213226,-0.02358989085238561,0.00534983767245345,0.026736461711901915,-0.009854492027881911,0.004624721433643675,0.004619565217391264,0.005572441742654588,-0.003891898490287149,0.01093263257942656,0.003154574132492094,0.005825242718446644,0.03851146689744689
2025-02-18,0.014717667989850414,0.015691272884813978,0.016651170283438654,-0.015354843043614896,-0.008611657813859197,0.07570471733412565,-0.001531199647351822,0.015731309279375605,-0.007573708412226154,0.011586901763224189,0.02669849251973222,-0.007097013000447294,-0.004288164665523175,0.0024131274131273805,0.007916666666666572
2025-02-19,0.002637191288164642,0.005567175147860093,-0.004374331076212323,-0.006106843554357644,0.006514846993411316,0.06813083164589862,-9.586102048686485e-05,-0.009724804129953246,-0.0002725538293812946,-0.008964143426294813,-0.021141649389636363,0.003063391597880827,0.0010048808498421824,-0.006499759268175254,-0.021083092186854113
2025-02-20,0.005786460232885204,0.004429061520058397,0.006811756866179408,0.011191494322007056,0.019092217761518926,-0.02990660119737365,0.0,0.013669572733788549,0.0035441657579062813,0.0010050251256281673,0.020734321820554902,0.0044112240893139365,0.0020077441560304443,0.013326871819723696,-0.010979729729729715
2025-02-21,-0.02680443203160454,-0.02990213832259503,-0.0009810718137299723,-0.01041663648491531,-0.02840137176868507,0.0197495800973313,-0.02866039377632079,-0.0139934966278642,0.009236620483564328,-0.013554216867469826,-0.009521730093611791,-0.004054095294024451,0.00472305710605414,-0.0057388809182209455,0.0076857386848847575
2025-02-24,0.004702384424103645,0.004261298520753742,0.0033861574445821496,-0.00942976863045153,0.0014389609055494024,-0.05668404257883075,-0.007746633294889005,-0.01216038802187902,0.002153432032301561,-0.01781170483460559,-0.023712894206085355,-0.010176391194788081,0.0017094017094017033,-0.010101010101010055,-0.01864406779661021
2025-02-25,-0.023535733684950655,-0.02503531427819128,-0.01498376858645356,-0.006862992244350052,-0.018679710420980378,0.04506755889577696,-0.021730413901072332,-0.023760557167116336,0.011281224818694646,-0.0056994818652850165,-0.005689324549012276,0.006854009882341083,0.005830489192264032,0.0021865889212828726,-0.010794473229706392
2025-02-26,-0.006710461329719308,-0.004497280679258475,0.0040427739587241,0.012483226727030505,-0.019244447614093607,-0.06420697201306169,-0.009352957105925985,0.014213318716385093,0.005312084993359889,-0.0031266284523189247,-0.010343253085610793,-0.0013614496701961354,0.0029690371836561535,-0.006545454545454521,-0.011785246617197709
2025-02-27,0.020819001263536308,0.025211245384644476,-0.01184064497242443,0.008366382286097318,0.02201082570649171,0.007168488753949154,0.024475369631988375,-0.014014131400259977,-0.004755614266842789,-0.028227914270778864,-0.004892177334472558,-0.008520790906635267,-0.0021144629264167047,-0.00170815031722793,-0.0340106007067138
2025-02-28,-0.01161535115771728,-0.008386586363717696,-0.01636793533691816,-0.014301262806409532,-0.01711262056139573,-0.025419396096771574,-0.013172429254936002,-0.018301333968456457,0.005043801433501471,-0.024206562668101173,-0.02726259711068435,0.002750148942359809,0.004096623816923328,-0.010999755560987534,-0.017832647462277085
2025-03-03,-0.021317266358133913,-0.01992544935612217,0.018465893507547904,0.01373348009362041,-0.040129020814270056,0.07511739658361227,0.11038926858628528,0.026041885911359808,0.00607501320655035,-0.029217199558985718,-0.014472714704453438,-0.005485108112988524,0.002813731007315745,-0.013099357390014776,-0.009310986964618295
2025-03-04,-0.008098321820887766,-0.0016089016517856214,0.006721588136773926,-0.01070682552833957,0.011856271698447607,0.05531287607174118,0.0029253627116294645,0.002372633930916024,-0.004988185875557938,-0.009653605905735385,-0.014685339060773517,-0.014477808061584718,-0.0014029180695847021,-0.01427498121713,-0.025375939849624052
2025-03-05,-0.024493212856775415,-0.02856730906256022,0.0018489016514391388,0.052788478308675835,-0.02028684448962459,0.02298848432756806,-0.026068705665956204,0.023358663263996826,-0.005804749340369342,0.009747706422018387,0.0040217214834235016,0.02483387987089758,-0.0033717336330429948,0.013973577235772305,0.023625843780135103
2025-03-06,0.002308744959150344,0.0007540801326924029,0.00020509147513680936,0.002622429303501539,-0.007586558673231658,-0.033258375243213734,-0.016752446774755736,0.0062389069844550615,-0.003450106157112498,0.021010789324247492,0.003770024801824867,0.013993194892544691,-0.0005638567803777361,0.016286644951140072,0.011775788977861579
2025-03-07,0.012957119748653989,0.010247141333957543,-0.0042711677656303015,-0.02008782624408456,-0.0035074485169491743,0.02254768039008881,0.003569356973368576,-0.015576305656673561,-0.0037283621837549408,0.012791991101223532,0.006338039141660756,-0.0020195425486008167,-0.002115655853314524,-0.0036982248520710526,-0.006052141527001842
2025-03-10,-0.015349656362791397,-0.015065664117503652,-0.005044505960630219,-0.009288905782457335,-0.016290680437562655,0.020913844991833352,-0.007682489367155654,-0.008387575488472354,0.010692328254477523,0.007688083470620555,-0.02705854621678927,-0.0070826512766125616,0.006643109540636072,-0.010393466963622866,0.021545667447306682
2025-03-11,0.004041552890161837,0.0033318374189050814,0.007415327558857987,0.02166173659164672,0.007752678148688741,-0.008461390631652632,0.005973738520729244,0.018992995613364316,-0.008198889182755909,-0.004904632152588517,-0.006712989341711828,-0.0010189802961553251,-0.004212299915754003,-0.0020005001250312793,-0.007794589637780791
2025-03-12,0.019982740633042395,0.021584910266804203,0.008867180441066269,0.01708867763190991,0.004324484127332884,-0.08286547324240057,0.02142516544890083,0.01812213155369813,-0.0031999999999999806,-0.016976998904709717,-0.006034274635734582,-0.005780388207244358,-0.0016920473773265332,-0.010273114507642234,-0.004158964879852123
2025-03-13,-0.015081039335417823,-0.016696176836919374,0.015101126395629327,0.016075474982616855,-0.019988236302278417,0.006611153202147113,-0.007906590392532942,0.016933386346884127,0.005350454788657144,0.010584958217270124,-0.009713490114487189,0.027017763547837692,0.0025423728813558366,0.009367088607594942,0.015777262180974416
2025-03-14,0.010017238196191824,0.009466524786302388,0.003276183822470191,-0.005920139972173333,0.002034971293176646,-0.0017027412742629533,0.007313283863518816,0.003994055744479974,-0.0034592868547099753,-0.01764057331863289,0.00539483146857811,-0.004661984526784457,-0.002535925612848655,0.0025081514923501746,-0.002740977615349527
2025-03-17,0.006942446175368877,0.005954175707976184,0.0016660557253338482,0.013142961445080426,0.017169747184529127,-0.020955156858972424,0.015125437998575464,-0.003305319609632651,0.0018691588785046953,0.03479236812570141,0.026829231076124227,0.0180662228395847,-0.00028248587570622874,0.016262196647485627,0.04168575355016024
2025-03-18,-0.0071760537275985525,-0.010062152807804536,0.011543178884471983,0.012060447895426263,-0.004219980792796396,0.008461901151351592,-0.005868319317369974,0.014820603215635053,0.002398720682302846,-0.0048806941431670525,0.010451364782749772,-0.014459395573416578,0.0016953941791466587,-0.0027080256031511984,-0.006156552330694787
2025-03-19,0.0031179312402955794,0.003886429451423812,0.00013151221301255234,0.016623309152446586,0.017042610056060115,0.04812442484166235,0.0005533852985548648,-0.017467252280472856,0.00212709385801646,0.00708446866485013,-0.004231318789419181,-0.007335717686651533,0.0018335684062058544,-0.004443347321648972,-0.0026548672566372167
2025-03-20,0.017236525031701033,0.01637877328975934,0.0008549578120464751,0.00177301500101823,0.010036355121587626,-0.06404527875660815,0.009909601820315306,-0.005562889904744295,0.0031838684001062045,0.015151515151515138,0.008262475662844215,-0.0020154722167037287,0.0015486414191185904,0.00471113315150018,-0.011091393078970668
2025-03-21,0.0022222730848524552,0.000292948175221186,-0.007359270032536891,0.000491653333668518,-0.002084985859662658,0.0012578904555671233,0.001962538325046115,-0.014680589382369269,-0.006612007405448317,-0.01012793176972282,-0.01638962252270193,0.010770722395536447,-0.0005622715771718134,-0.003208292201382079,0.0017945266935845972
2025-03-24,0.011640746885545061,0.012155855973833951,-0.0019195753210294875,-0.00461915778421762,0.003334002437177297,-0.016582910659526884,0.0051015537823726476,-0.0007510220844495485,-0.008253461128860495,0.000538502961766385,0.003332616280394829,-0.008990948382304076,-0.004922644163150469,-0.0024758603614756236,-0.017913121361397222
2025-03-25,0.00027392661734793045,-0.0015916742783979032,0.0034155074790935824,0.02349920122245064,0.012759740081403015,-0.018906520059749576,0.0009516862555780659,0.02215540433612917,0.0016107382550336613,-0.014531754574811595,0.003558664430641789,-0.008400537462120883,0.0018374558303886346,-0.005460412012906479,-0.00911992704058373
2025-03-26,0.010545115144620532,0.00942031196925952,-0.0011236004010299894,0.006366967357125164,0.0012248950745534781,0.005468788368550692,0.010911425665852015,0.0009117712393222899,-0.0037523452157598447,-0.014199890770071,0.008037828811353842,-0.005083022599036591,-0.0016930022573363734,-0.000748689792862467,-0.014726184997699066
2025-03-27,0.003252444244366881,0.0038764772024604266,0.012737799834574126,-0.02271860254535596,-0.0017477986362628428,0.02305101922860331,0.006091056505672876,0.025387076927353425,-0.004304546677428078,-0.0027700831024930483,0.03822704248234454,0.003065374243102159,-0.0012719050310909807,0.01573426573426584,-0.006071929005137755
2025-03-28,-0.005403235613597901,-0.008009118610681987,0.008330610911466918,0.0029426863701367267,-0.010417077562271948,0.029113926113540023,-0.005208401325184409,-0.007249859778691414,0.012429073223453102,0.007222222222222241,0.02010389384336131,-0.00339558573853993,0.007075137965190326,0.006147037128104271,-0.007048872180451138
2025-03-31,0.015075385736212699,0.030565206573334835,0.011760910036651584,-0.01809294989875665,0.023486164889186867,0.013284108255288585,0.021658355036604515,-0.005397767845001122,0.0016012810248198228,0.008825151682294585,-0.005978752406464949,-0.00272568242919502,0.000140508641281345,-0.008064516129032251,0.016564126833885418
2025-04-01,-0.0033449291831086914,-0.003917269103824728,0.007429214425874298,-0.00019918874991053936,-0.0108470155278092,-0.040786594936959464,0.008497271568601361,-0.008677475694964132,0.011191047162270262,0.009841443411700457,0.056805508392334,-0.001366670301945705,0.005057600449564381,0.01921655580192172,0.0065176908752326845
2025-04-02,0.006175313433542051,0.007162951658568284,0.00642083635469648,0.0008965754560830153,0.014461151488144974,0.02632241300603222,0.012377884903625569,0.009983008192139708,-0.0050065876152832756,-0.008662696264212233,0.02234404308549509,-0.01744774477907174,-0.002516074923119893,-0.004592700024172114,-0.0023126734505087843
2025-04-03,-0.06417608745088232,-0.06637849947011298,-0.014054703015054293,-0.042301203706525015,-0.05732128823245175,0.020468603358603454,-0.07151442227784754,-0.07695877110556226,0.01191737288135597,-0.0005461496450027692,-0.02969069333420582,0.0027854726983509437,0.010229820627802644,-0.01748421563865954,-0.006026889197960128
2025-04-04,-0.06501279723801556,-0.0740850708867078,-0.027645209398080794,-0.08865097798699184,-0.048883052141225236,-0.07274048270255351,-0.050732275418573725,-0.08566765018948008,0.009945040565296992,0.006010928961748707,-0.0259243770739781,-0.01701386769612634,0.0036066028575392206,-0.03410776075135935,-0.013059701492537323
2025-04-07,-0.020890556699150298,-0.02080982223905059,-0.020359691202395447,-0.04915038809835337,-0.005763891728023496,-0.047432871218421546,-0.016743725744725824,0.013532113532447543,-0.0246177766260689,0.009234111895708885,-0.015052326012482187,0.018721256371258432,-0.008707671043538312,0.0061412487205732,0.01417769376181477
2025-04-08,-0.021647709227028633,-0.01845138250094691,0.005582409527329801,-0.009954447126836019,-0.0062322401255962,-0.05198360019363113,-0.014207272728131048,0.002778679242197768,-0.015940488841657774,0.009687836383207804,-0.0046512268454642625,0.009015277942234778,-0.005298382598996065,0.00991861648016279,0.006523765144454741
2025-04-09,0.04234326130263466,0.04649205367467135,0.029830764707529767,0.011629281209150522,0.02751584637497695,0.10129872417501828,0.023601451870252088,0.02470265354279455,-0.010529157667386602,0.010660980810234477,0.027814865113438003,0.012027491408934665,-0.010232688533781897,0.020146058927222432,0.004166666666666652
2025-04-10,-0.03283447488783986,-0.03656774394698992,0.03185688795456065,0.03484617076514818,-0.03179406933788875,-0.06787213416618221,-0.03782374498942587,0.011476422955487786,-0.005729877216916757,0.018987341772152,0.002814485212824014,0.011544970786025122,0.0024075909927772088,0.016045420883732397,-0.007837713231904075
2025-04-11,0.02258013996258179,0.023805565381066485,0.021117261260818143,0.043161321036430556,0.009235690458503809,-0.008434065799641677,0.01927290782471336,0.03759251070104619,-0.006037321624588365,0.015010351966873614,0.02223658864600475,0.005706654051231608,-0.007770556654422167,0.013362487852283778,0.03299256505576209
2025-04-14,0.0018529202166341907,0.00048778502921753564,-0.005640155420492121,0.02285073394836079,0.012782689885224796,-0.05727244274607912,0.011555268900406146,0.00842130637441274,0.011595803423522844,-0.010708822029576792,-0.02175287882764798,-0.008344459109043578,0.009255304001139164,-0.0009590026372572336,-0.014844804318488558
2025-04-15,-0.0032367307854901384,-0.003250397403054772,0.004370285869953916,0.00010849196275208861,-0.006358550435153543,0.0012029920133003191,0.0010878687134523446,0.004206722554225939,0.003002183406113579,-0.0077319587628865705,0.021804882186631902,-0.0097610024803364,0.0029627539503385147,-0.005519558435325145,-0.010045662100456654
2025-04-16,0.018246487375693565,0.01858795623043985,0.03271201184870143,0.013662920084120289,0.01780224265354935,-0.02463202681288723,0.009385523337850588,0.021689808910035024,0.003809523809523707,0.006233766233766147,0.003169188788900934,0.008497620313627774,0.0030946687297792597,0.002654440154440163,0.01060885608856088
2025-04-17,0.032042530892096854,0.03537696560409609,-0.005378914811524194,0.012302174801940069,0.017443416727236816,-0.0006159819750559681,0.027111624439758897,-0.015367810817145333,-0.00623475196530221,-0.00413009808982967,0.008213972059993635,-0.0037074690200823435,-0.002243724582807416,-0.0021660649819494893,0.0018256503879507946
2025-04-21,-0.025014669969743997,-0.024737143886393254,0.02911313223394263,-0.0022191596520091394,-0.02016438841748458,-0.07057006508790697,-0.015961481335066807,0.002344238677220112,-0.0133660665575559,-0.0010368066355624928,-0.0010444795942379237,-0.009134005924498312,-0.0032326071679550372,-0.006753497346840276,-0.01867881548974948
2025-04-22,0.01780863669080035,0.01949898053004695,-0.0017225196042004454,0.03166699576947174,0.01882499405338467,-0.0029841057180853836,0.016607799876617646,0.011816922226118187,0.00497649986176385,-0.012454592631032657,-0.00501877593687039,-0.003414134588044515,-0.00014100394811056294,0.005342399222923788,-0.005571030640668551
2025-04-23,-0.01957294850294633,-0.03172130583540156,-0.036643799574778035,-0.007186186966177122,-0.01009966619625069,0.004988395429467385,-0.007477663021082104,0.01940390716410101,0.004951856946354916,-0.00788229111928529,0.006935645305966354,-0.003768434828764433,-0.0012692144972500374,0.005072463768115876,-0.013538748832866432
2025-04-24,0.006503331629066134,0.008350737978818135,0.016544730999151103,0.0029986851107479673,0.00789878559982693,-0.030443416732234385,0.010461174462359724,-0.0010741425837215157,0.009033670955379103,0.011122881355932313,0.036318131580223456,-0.007221374395079194,0.005083309799491564,0.012256669069935056,0.0018930430667296605
2025-04-25,0.0048084099196110675,0.0036629963192029713,-0.014991397553752672,-0.002989719882251718,0.011009051053520569,0.0023890680283051857,0.006268720392991423,-0.014724331086388931,0.005425935973955465,0.0031430068098481367,-0.007452220245938501,0.004502901759617872,0.002669289126159047,-0.0030864197530864335,0.0014170996693434468
2025-04-28,-0.015103964329986397,-0.015391958325249866,0.014946656041644246,0.0005170214750780389,0.0037834772502383096,0.07933266502530989,-0.006182522475020824,3.0412120074041482e-05,0.004856988667026441,-0.006788511749347248,0.012784112900179334,-0.010344827586206917,0.003502872355331421,0.00214336746844479,-0.027358490566037785
2025-04-29,-0.02444580314957534,-0.02626915532888008,-0.004211803244400514,-0.0031004272512347164,-0.025327495411360035,0.06813874968185796,-0.016430820057821482,0.00863897644473699,0.005907626208378147,-0.03154574132492116,-0.021238256392140165,0.012195121951219523,0.002234012845573785,-0.010456273764258506,-0.01891367604267702
2025-04-30,-0.017587565262493943,-0.03657727824309254,-0.004349651900416807,-0.05453037817547057,-0.03947365757990973,-0.017720007156782347,-0.016512145051329252,-0.022359226499803597,-0.0037373198077950143,0.014657980456026065,-0.005527055301945194,-0.0017211703958691649,0.0005572582892170441,-0.006003842459173847,0.01433514582303519
2025-05-01,-0.01568437706784309,0.01769459904129933,-0.029194704478120448,0.004605243138328996,-0.012127424879184057,0.04600123797020195,0.005989257469483311,-0.01051302058231629,-0.006430868167202619,-0.006420545746388395,0.0160559643865279,-0.012068965517241348,-0.003202450570871651,0.005315293549166489,0.004385964912280604
2025-05-02,-0.013520040852195825,-0.01603647427452337,0.006548351429456201,0.010150667431521487,-0.009344005289763868,0.0434032822404411,-0.014298249859685308,-0.00621326728728433,-0.008360302049622459,-0.00646203554119551,-0.005672584599566544,0.012914527773232987,-0.006285794105321929,0.008171112713290185,0.02183406113537112
2025-05-05,-0.017294850015616037,-0.019900494582135275,0.024357906703249554,0.005942766558150847,-0.009381900534163101,-0.022038611460747926,0.001435657734380369,0.006752368265854569,-0.003535490889311932,-0.03197831978319787,-0.014466236199703553,-0.005168848852183716,-0.0008434073657576091,-0.0102502979737783,-0.0232668566001899
2025-05-06,0.031877834936661076,0.03430770257006954,0.03025012747883782,0.01718580453283125,0.017371531987635747,-0.024507012494947022,0.020615051110070226,0.028194289076925116,0.0021834061135370675,0.002239641657334923,-0.008062836432922826,-0.00900590922611777,0.0022509848058525073,-0.003131021194604955,0.00923675255226053
2025-05-07,-0.01657284905399803,-0.017261811730068133,-0.009027739290512815,-0.025026447593482937,-0.016029459553703385,0.0456251774972245,-0.017776705564674367,-0.017576201209763553,0.005446623093681824,-0.01452513966480451,-0.02146725279541062,0.0066410131281049445,0.0021055586749016975,-0.004107272287992236,-0.0019267822736031004
2025-05-08,0.028141381720572012,0.03168589912618658,-0.02532501100176765,-0.01202210152928751,0.032075234894945126,-0.008008849339015578,0.028405177532359493,-0.004703202676045848,-0.00839653304442034,-0.0045351473922902175,0.023003152264268634,-0.0006944868299696427,-0.006723630760610777,0.006065016982047533,-0.009652509652509633
2025-05-09,0.017027366203469896,0.018527801922528564,0.011494252873563315,0.010962550352269895,0.012941220469404158,0.056514495610628934,0.011029059535130559,0.009203791181071619,-0.0005462988254575363,0.005694760820045497,0.002498495724171379,-0.0020846963564470355,0.00014102383302772026,0.006993006993007089,-0.014619883040935644
2025-05-12,0.016429341880260795,0.015240909508342337,-0.03468899521531099,-0.007048420429105917,0.02163177806673744,-0.03926223052732791,0.011715009073000271,-0.008813753550887204,-0.007379065318393052,-0.0028312570781426905,0.027829701144821195,0.013579365357662354,-0.005922165820642977,0.021072796934865856,-0.01285855588526208
2025-05-13,0.025708100253722055,0.027764283855099103,0.006133844122715226,0.02249648764139267,0.028515928735306284,0.00027431869567906553,0.015423494473486343,0.014820289459054559,-0.007158590308370072,-0.009653605905735385,0.032531758760372176,-0.01786331878393066,-0.0017021276595744483,0.001172607879925014,0.005010020040080221
2025-05-14,-0.008104471526143464,-0.008167059180473335,-0.018320093326394504,-0.015059254007280809,0.016027289501412856,-0.04250067678318892,0.0018468084600513635,-0.019532624145659483,-0.002773155851358844,0.005733944954128489,0.010176134506677537,-0.0017488632762302503,-0.0022733731173628646,-0.00023424689622864037,0.01445663010967091
2025-05-15,-0.023604140490765535,-0.02422806899485419,0.012012686460360689,0.007265173990234519,-0.01817691758850648,-0.03722798127335458,-0.016405614812275537,0.007912779732317743,0.006117908787541815,0.022805017103762815,-0.0445563596406795,0.038542397460560984,0.004841925377385259,-0.014761012183692634,0.047174447174447076
2025-05-16,0.013637143955670394,0.014118837417438801,-0.012211041124369437,-0.019162396914567226,-0.011726650333268696,-0.00832833968619806,0.0034670334690820592,-0.009944215291697311,0.0027639579878386833,-0.01114827201783719,-0.00790753025266877,-0.015182186547451848,0.0007086167800454124,-0.0011890606420927874,-0.014547160957297023
2025-05-19,0.001987421589050742,0.003200463160030642,0.014526872972340898,0.017122174984529392,-0.006026289753090941,-0.06628679880518973,-0.0014007008513517993,0.004819913388177666,-0.005237045203969171,0.00901916572717032,0.010423018973070741,-0.0027406228492503626,-0.0016994759949016114,0.0007142857142856673,0.007619047619047636
2025-05-20,-0.0024413130893238266,-0.002073652197570497,0.015803339309184983,-0.0030214608104389695,0.0005639707936413441,0.10086737493248754,0.006218524883630394,0.020641841443505227,-0.00193959545580491,0.015642458100558754,0.0012136200436421163,0.005152868322052084,0.000567456376791009,0.0021413276231263545,0.032136105860113506
2025-05-21,-0.0071886450145731695,-0.01582483466647533,0.008798606066038772,0.004004730075804597,0.004791217720987673,-0.017216228325267813,-0.0010687346965544409,0.014645291561202534,-0.0158245419211549,0.014301430143014215,0.006666703657670414,0.005126452387937963,-0.0063802637175669474,0.0092592592592593,0.005952380952380931
2025-05-22,-0.007240813344422614,-0.006009402853966006,-0.005583220159951718,0.002263896980966962,-0.010097708034162989,-0.03414489563382528,-0.008651961341545333,-0.012431651395756416,0.003667136812411931,0.00433839479392617,-0.01444915099831301,0.014960876590174976,0.0029965753424656683,0.0044695365796283415,-0.008648156577150679
2025-05-23,0.005276168916966917,0.005392124383064578,0.02148711648805013,0.03398945757503302,-0.005997676727836576,0.024900119619723382,-0.010322857362443094,0.011952686996865802,0.004215851602023646,-0.0075593952483801186,0.0048869448337767185,-0.007705151735238669,0.0022762839664247636,-0.006791569086651017,-0.0036730945821854544
2025-05-27,-0.01065147351664919,-0.010401420483430623,-0.0194307877876303,-0.020076962599359316,-0.012067618536161118,0.01919612752175559,-0.01787404599222353,-0.008851187800999694,0.011195074167366315,0.0,0.004457978267587759,0.0003375272850010269,0.003974449964513793,0.0021221410044800493,-0.02580645161290318
2025-05-28,0.012638558812171352,0.015601917760914796,-0.0016664647202583316,-0.014012735500353979,0.004183848076209529,-0.057092408950309204,0.008544511878401106,-0.004404751971596399,-0.004982009410462229,-0.018498367791077275,-0.012911022666705074,-0.0087748082789465,-0.002686271737593615,-0.013176470588235345,0.0033112582781456013
2025-05-29,-0.011556240098098303,-0.014553711572739103,0.00673774499088986,0.0020456560279136227,-0.019108311526917943,0.09925096085515173,-0.014263803330921587,0.00857578624378541,0.007510431154380992,-0.008869179600886956,-0.011036192768431707,0.00919299141039831,0.003827615537283835,0.0030996661897948474,0.007072135785006983
2025-05-30,-0.0038971160413635575,-0.0024613999764007133,-0.008501460457109866,-0.00021487643785078614,-0.015135192141615184,-0.02129473199877152,-0.010197215710109675,-0.01174781852343032,0.0,-0.006711409395973145,-0.03099814050257832,-0.00033740251543512567,0.0007061149555147583,-0.009507962918944624,0.0
2025-06-02,0.011424033022024549,0.028458620104979238,0.032928958631713856,0.03911868402172791,0.013533670182903412,0.07165650626798081,0.0069172268540453885,0.05080267302526886,-0.007178354500276041,-0.012950450450450401,-0.013009183584809958,-0.008099878485858358,-0.002257973468811736,-0.007919366450683918,0.009363295880149725
2025-06-03,0.01547269135845597,0.014235434790978552,-0.00591659419655044,-0.0051710868504493135,0.02709703676450448,0.007579826173880644,0.012813619166135437,-0.0017360001668784708,0.0022246941045607205,0.0005704506560182399,0.0114520874670212,0.0020415315276494095,-0.00014144271570015743,0.007014997581035409,-0.005565862708719838
2025-06-04,-0.01173238877480387,-0.008831436281952154,0.006544032713440284,0.011435663967580334,-0.014191122481569618,-0.0016119838072655712,-0.021550915866614506,0.00046380476461815867,0.012763596004439437,0.0005701254275940482,0.0,0.008828543645214237,0.005799971707455054,0.004083593562334897,0.013526119402984982
2025-06-05,0.0074004890999408435,0.00827367494651221,-0.007089860514771007,0.010072933686062546,0.011786867779332688,-0.010495165094596914,0.014208528821337829,0.033894322976071534,-0.0008219178082191636,0.0017094017094017033,-0.003418069701305426,0.0,-0.002812939521800284,0.00645933014354072,0.004141739530602928
2025-06-06,0.01729422935637981,0.019094254687782586,-0.008444194001769323,-0.016993978080726224,0.01470511566914845,0.029099775029346908,0.006738107098237078,0.009414731643111685,-0.01151631477927062,0.006825938566553003,0.018220759835335887,-0.00471219746793472,-0.007616361071932309,0.005229379605419471,0.016956920256645303
2025-06-09,0.0085752923778597,0.010994101336975204,0.0024800706523950833,0.016459668658391546,0.009928031308411356,-0.039376303536596935,0.008859761597505456,0.01840383543041968,0.001941747572815622,-0.02033898305084747,-0.002526293302837157,-0.0006764024307553962,0.0021318931210916325,-0.0011823126034523623,-0.022983325822442557
2025-06-10,-0.0025357721751751994,-0.004748009714302559,-0.003427822091492505,-0.005194072087248092,-0.0022363405280264592,-0.028060522244912622,-0.0034364272899596315,-0.0039795003690653585,0.0019379844961240345,0.01211072664359869,0.008653436854563878,0.0013536172469861274,0.00042547156431704813,0.0016571969696970168,-0.013837638376383743
2025-06-11,0.04336763537268751,0.048784210606031886,8.974362531821711e-05,-0.01699420746322422,0.029744211007132648,-0.0073591913230482975,0.037739444811295986,-0.010289514875148065,0.006079027355623046,-0.0039886039886040114,0.0048127126559982525,-0.005745122421488946,0.004252906152537594,-0.006854171590640501,-0.000467726847521055
2025-06-12,-0.00587639461719236,-0.0016140954935971452,0.017555388350950052,0.0042698824751870035,-0.0075273800801517465,-0.00427712193217078,-0.01103010513172109,0.0012995875831953718,0.008788794287283741,0.003432494279176135,-0.00853810586221726,0.0010196729453486597,0.0032467532467532756,-0.007853403141361293,-0.014506317267196978
2025-06-13,0.07021341845050699,0.07260438528710988,0.014813116603270782,-0.003836949476324736,0.0776717135038032,0.025486822458046232,0.03952592653249787,0.0018776952036658745,-0.008984481350394757,0.0136830102622576,0.06301197146693016,-0.008828543645214348,-0.003799071338117299,0.02638522427440626,0.03276353276353272
2025-06-16,-0.013471641583949756,-0.016579976133314744,-0.010281510512619607,0.004892768227852562,0.014669105402196791,0.046634965851416244,-0.003456726751513872,0.002701231835737783,-0.005494505494505475,-0.021934758155230605,0.08891523307114113,-0.028091750123026893,-0.001129943502824804,0.0,-0.013333333333333308
2025-06-17,0.04397096058583916,0.042775530701112396,-0.0030433811300654146,-0.005386931154454766,0.04671372278055452,0.027481367822943747,0.023424500332136278,0.019544201422382113,0.008563535911602305,-0.0074755606670500185,-0.005806563078936233,0.004934768545102219,0.0031108597285067763,0.003972890862351086,0.02329916123019582
2025-06-18,0.0032701113143176475,0.00400859254994268,0.00035228370275119936,0.009269841660857425,0.011296972890177281,0.035834850406428975,0.016153884982525568,-0.006039337355512764,0.0041084634346755244,0.004634994206257348,-0.0003650384637611248,-0.0007015510443679762,0.001973498731322243,0.0006983240223463749,0.04599271402550098
2025-06-20,0.004041788791692813,-0.0027947709100140106,-0.006572619888652764,-0.003921481401726101,0.003315687686161528,-0.035597943204978,0.009053110770765649,-0.02414146808411788,-0.006819421713038731,-0.010957324106113053,-0.005477437183735168,-0.00280796002143624,-0.0007034327518289363,-0.006280530355896707,-0.011319111885067512
2025-06-23,-0.07180883814954742,-0.08567994318427696,0.002746861494594688,0.0035225281339839043,-0.07030449629784297,-0.038731461901335806,-0.04777849045778104,0.00491989464836462,0.004943696786597007,-0.02215743440233231,-0.022581228468355974,-0.005983851356947234,0.004223567506687287,-0.008661048689138529,-0.026420079260237816
2025-06-24,-0.060716336925915604,-0.060429123639729965,-0.01799708325662741,0.004955640753262935,-0.033007518493556987,-0.04353705120184115,-0.059733087699065046,-0.012502411026272031,0.0032795845859523443,-0.007155635062611854,-0.02009773620939337,-0.00672802385817628,0.001822515070797781,-0.01133412042502957,-0.03075531433740386
2025-06-25,0.008042909151569022,0.008544281480436622,0.0027595895443748297,0.009451408021621477,0.004945117088136053,-0.03703704951981612,-0.0015821793631959347,0.010755969540121812,-0.001362026695723273,-0.014414414414414378,-0.006708807483329249,-0.016042780748663055,0.00027987685418406905,-0.020539765942202082,-0.013999066728884735
2025-06-26,0.0007388157732319822,0.004929138999533844,0.0014656762288347558,0.03104003102692854,0.02773905189061243,-0.04257192754846961,0.007971519834801377,0.013883870400295262,0.003273322422258529,-0.001828153564899404,0.013508312756886687,-0.018478282983752314,0.0029378847229994953,-0.0024384296513045856,-0.013724562233790816
2025-06-27,0.0005904810888912593,0.004291826923133124,-0.018040592097894215,0.0005922928690555995,-0.022414336350109698,0.1465808574222498,-0.004383085388609764,-0.015005734662384751,-0.004078303425774865,0.019536019536019467,-0.0013328197679760567,0.0007383248857055769,-0.001813363091086595,0.004888780249327818,0.007197696737044179
2025-06-30,-0.0023608682402260772,-0.00625757102748925,0.006113837729216032,-0.007595902502630647,0.016730222221579272,-0.07568868311391364,-0.004785142613062288,-0.005133545106888682,0.00873600873600866,0.007185628742514938,0.001143900051878477,0.0007376675948018718,0.0027948574622693734,-0.003405497445876926,0.0076226774654597484
2025-07-01,-0.007395355649848168,0.005221875820971444,0.01272790708883198,0.0035784589059764116,-0.008056917991039358,-0.011863462595154473,0.009856805550826797,0.006415249765731046,-0.0008119079837618504,-0.0011890606420927874,0.023804990286724115,-0.0077404190211022295,-0.002369007803790457,0.00048816206980717425,0.016075650118203333
2025-07-02,0.029801817639851125,0.030557679041323782,0.002955371126468709,0.020007985700174702,0.03644333867569638,0.021376267947019745,0.010760336494501255,0.009533782726553808,-0.005958829902491858,0.022023809523809446,0.024181605140361384,0.011887004250921596,-0.0020952647017740134,0.02512808001951705,0.034899953466728695
2025-07-03,-0.004485567296425685,-0.006671563656073909,-0.005000461074586515,-0.010099056920037652,-0.017373603404629567,-0.022649082020094413,-0.0020255864497296105,0.009828192002456326,-0.003814713896457711,0.005241700640652214,-0.006538332752861087,0.005139478442926837,-0.0036394176931691113,0.00547358400761544,-0.014838129496402841
2025-07-04,-0.00741282141872579,-0.007462686567164201,0.0010769385148881039,-0.01540126917078044,0.01654140754484401,-0.006453457461130907,-0.0007079634465340101,-0.00024464089692677327,0.000273522975930085,0.0,0.0,0.0,0.0012644001123911508,0.0,0.0
2025-07-07,0.018890040975735767,0.021503763987605673,-0.0011056181598311232,-0.00677491698700472,0.005022823458013637,0.007381120853086509,0.016579275050308206,-0.0043507774513487085,-0.00929723817336614,-0.03128621089223638,-0.011517386825012133,-0.019357151312133336,-0.003928721762312293,-0.023195266272189374,-0.01460520310360569
2025-07-08,0.008192004596496272,0.005888436980449052,-0.007748039399920081,0.13251079520310127,0.008343321192311626,-0.021102001157853434,0.015240200461261733,-0.003905545537106536,-0.0016560861164780505,-0.01674641148325362,0.0007397987008157525,-0.0048416677577979295,-0.001267784194956989,-0.0072692028107583795,0.006021306160259421
2025-07-09,0.0005702197385211161,0.0007316759991737865,0.0012361234215578776,-0.03569529488851686,-0.01314871721951949,-0.037724530167267734,0.0013272877218029056,-0.003317569153415856,0.009123583079900577,0.0036496350364962904,-0.014045502266822663,-0.00411678912148894,0.004372355430183328,-0.011715889675372182,-0.0004604051565377798
2025-07-10,-0.022082960504976934,-0.02646969335032079,0.0014152216717480126,0.019197173893448216,-0.010667381038359847,0.03827003953045338,-0.016225626634707502,0.018898969136643906,0.0016438356164383272,-0.012727272727272698,0.005998120037050025,0.009019142583374329,-0.00042128914478301027,0.0002469745616202612,0.01381851681252888
2025-07-11,0.02505829306523144,0.028240908247505025,0.011516387344152612,0.0025234209302467114,0.026809310357658767,-0.006892419132016325,0.016075087894973583,0.04422486548706095,-0.011761487964989104,-0.010435850214855713,0.013787995224769256,-0.0033519325753608165,-0.004495644844057289,-0.008395061728395103,-0.01726487960018175
2025-07-14,-0.01634453547332282,-0.021475436915214363,-0.0014565702567628236,-0.008450185732452153,-0.023535188024712772,0.04586608141642223,-0.009876546709164158,-0.005533066875267112,-0.0013838915029061871,0.024193548387096753,0.0,-0.008968586852557747,0.00042337002540215884,-0.006972111553784854,-0.012482662968099856
2025-07-15,-0.007224389634649997,-0.006867821600662349,-0.006668496273750324,0.005621058581975369,0.006444025608497217,0.016445447340243335,0.0019395869745548744,-0.016327859636761755,-0.006929046563192931,-0.02786190187764992,0.0027568742198047502,0.0003769818300740635,-0.004372972210466952,-0.0020060180541624506,0.0074906367041198685
2025-07-16,-0.002765280802473291,-0.0021046211171603657,0.006713263647367462,-0.008925349535135352,-0.0056959954957008785,0.007947804806445413,-0.011799389931518411,0.0005022204171907241,0.0016745743790120837,0.009968847352024968,0.004765365010794831,0.011684908579546516,0.0031170303202039396,0.01859296482412054,0.006040892193308611
2025-07-17,0.014594279757618622,0.01747519900732808,-0.0041082576960875805,-0.0019102982251403278,0.030566627699543325,-0.002534514965582768,0.012313362960696184,0.005362827558010208,-0.00027862914460852206,-0.008019740900678585,0.02553815274849569,0.001117802970824977,-0.0009887005649718006,0.007893438579181122,-0.014318706697459604
2025-07-18,-0.00345221339698476,-0.0029612759094698182,0.003886049027068239,0.016769961102048425,-0.004706653064122657,0.006493506930596471,-0.007832639465372937,0.004388265134693148,0.00278706800445927,0.016169154228855787,-0.0071149327142242536,0.01972455359951808,0.0024035062915310768,0.006118453255017142,0.02389878163074033
2025-07-21,-0.0010103882225404037,-0.002078993128332929,0.014322678979327375,0.005826423411900539,0.022910732120939636,-0.0673211797151737,-0.009984151928905338,0.022970519754130114,0.008893829905503026,-0.011627906976744207,0.004478681500658999,-0.012773722627737238,0.003667136812411931,-0.012405740695694445,-0.0073226544622425616
2025-07-22,-0.008958282831723507,-0.014732111737029263,0.01094999116294626,0.015417551024466958,-0.022875811404183932,-0.02195487313586253,-0.014071940698538787,0.005600827231518668,0.004683195592286582,-0.011145510835913308,-0.00784730924030308,0.012199585186575712,0.0019673974142777606,-0.004679802955665058,0.013370216689718717
2025-07-23,-0.0011662663060381107,-0.01449930671722044,-0.013386721889036113,0.017202044783521275,-0.0011421103223143714,-0.053813095235389574,0.009229687631862493,-0.0010681540493516772,-0.005483959418700279,-0.0018785222291797243,0.009167684913554908,-0.006574097418622915,-0.003506311360448766,-0.0044543429844098315,-0.016378525932666088
2025-07-24,0.009779567188058724,0.011954004280411823,-0.00709327082750999,-0.0031061476528092546,-0.014740674756738126,0.005524926519887563,-0.008061139816824658,-0.006543102252689503,-0.0005514199062586211,0.008155583437892133,0.009440662363003227,-0.008455837474149797,-0.001688951442646025,-0.001491424310216205,0.0018501387604070718
2025-07-25,-0.01069670223337893,-0.013175755463746608,-0.01123459384726544,-0.0023368074955467666,-0.0027767578392867698,0.005171232541561155,-0.0034217294265105336,-0.02188565371354978,0.0027586206896552667,-0.005600497822028649,-0.0031762219215519805,-0.007044954868611453,0.0014098406880023173,-0.005476723923325877,-0.0060018467220683824
2025-07-28,0.023378118308673423,0.023787528165297056,-0.0076748102010902874,-0.0292357798535543,0.008478118143929736,-0.03922829039690556,0.01821656753402756,-0.0036942605132305184,-0.0038514442916093294,-0.014392991239048802,0.001062091641194307,-0.01082895455068622,-0.001970998169787408,-0.010012515644555742,0.0004644681839294229
2025-07-29,0.03526557950337694,0.03747564134777348,0.004229607250755274,0.0015192313674488034,0.015330080926336587,0.031124556954753135,0.03896589403951323,0.0015252368310385567,0.012151339409003148,-0.011428571428571455,0.017506661217034925,-0.012079961355920599,0.0053604175483144,-0.0070796460176991705,-0.01624883936861654
2025-07-30,0.010067517666977333,0.011414548850999573,-0.008483739823067049,-0.005978356094184956,-0.01838623578299281,-0.011684522007133102,0.022854286526169165,-0.013601453279073139,-0.005729877216916757,0.006422607578676853,-0.018074398661448332,-0.0038211690995600955,-0.003227164304756558,-0.014260249554367221,-0.011326097215667796
2025-07-31,-0.009694143981179404,-0.010571398053850434,-0.0007889124393861691,-0.22253141967258838,-0.007856131414233802,0.020032797626243548,-0.02357760266966613,-0.026992591774202768,0.0027442371020856005,0.00574345883854499,-0.016283153432660402,0.004219315437024029,0.0005630630630630851,-0.006199948333763916,-0.0009546539379474694
2025-08-01,-0.03943196826811379,-0.02786601567495739,0.03236976170193273,0.018935406157227774,-0.04150858207561192,-0.007405023278435174,-0.04378052061251059,0.006429213786386834,0.013136288998357948,-0.011421319796954266,-0.015473202267349495,0.021772392944261032,0.010270118176702203,0.0,-0.012422360248447228
2025-08-04,-0.013061519400476507,-0.01544632240077648,0.007823946447907737,0.0005665852180154474,0.007695967855632313,-0.04897827622358886,-0.0077408955068010155,0.01100939483429797,0.0018908698001081081,-0.006418485237484006,-0.004020490054738701,0.02355135623539728,0.0015318200807687976,0.007538341564855777,0.0
2025-08-05,-0.016288579287170868,-0.017046269992633034,0.0024223818190187707,-0.011551555763595012,-0.029081799401875497,0.02660302549281779,-0.005089899748969784,0.013309284631463969,0.001887301159342103,-0.014211886304909549,-0.012110088943341424,-0.0007303933468555401,-0.0006952169076751558,0.0,-0.01644895984518624
2025-08-06,-0.011088113642336639,-0.012431018147092243,-0.000378504337091079,0.006186973276029795,0.005599477771986772,0.022259107134299683,-0.0005259685875691478,0.0020961754742510053,-0.004843918191603902,-0.004587155963302725,-0.0009286633900230656,-0.01535092146687378,-0.000556560456379529,-0.007739938080495334,0.0004918839153960075
2025-08-07,-0.00687694855239962,-0.007303767166286335,0.005912520942948474,-0.0028466886475828623,0.0017676986653807347,-0.00324991575540845,-0.006171008305073555,0.010379762689984862,-0.00027041644131964304,0.012508229098090906,-0.004647703955101279,0.012249511452531392,-0.001252958373938462,0.010660426417056668,0.019174041297935096
2025-08-08,0.0024084906214034696,0.0,0.010886903375463053,0.017585963551933093,0.005514402720841138,-0.02510593574436426,0.00413958899278577,0.00678753772284435,-0.00459832296456586,-0.004551365409622865,-0.014568595081363322,0.0025668560987144318,-0.0023696682464454666,-0.005145356315924832,-0.00723589001447178
2025-08-11,0.0006007045761704521,0.0012523170792080318,-0.02480454170225721,-0.007182148792667209,0.005133117651667352,-0.012040138206226292,-0.004553964930149923,-0.019652785790503335,0.0013586956521738358,0.005878510777269863,0.010045538492328365,0.015727938575503364,0.0005588933910856131,0.023532454098784683,0.0009718172983479434
2025-08-12,-0.0076541276881079146,-0.012351484159403792,-0.001674141995952727,0.019215561653475266,-0.020471321604928594,-0.04942447821117302,-0.0010594850085396956,0.006292802283267784,-0.004341926729986456,-0.03506493506493502,0.00018762096756308466,0.0025206397503909628,-0.0006982265046781011,0.022486104092976245,-0.01941747572815533
2025-08-13,-0.007410851070924873,-0.008231702677522601,0.0027361132180421244,-0.005877836194779329,-0.0005793398054786403,0.007122500107407337,-0.0019282436374971068,0.015831613402925715,0.007358953393295176,0.006729475100942128,0.0009380720033065337,0.020474182226996263,0.0032140860816098904,0.011613540894489738,0.004455445544554459
2025-08-14,0.018436677359599418,0.0209097769622979,-0.007364403748689963,-0.0039044900039204578,-0.0037007606581704877,0.004596892195349422,0.018740340587112714,-0.013428974735347321,-0.007305194805194759,0.002673796791443861,-0.025491974405847495,-0.007039774575968383,-0.0033430839949853963,-0.014655593551538892,-0.007392804337111869
2025-08-15,-0.014811458976821013,-0.018136333083433653,-0.0001773035954960589,0.0030239027378218264,-0.0042515224859296374,0.026399087346125283,-0.017399966947851064,-0.0023168195495057997,-0.005723630417007408,0.023333333333333428,0.022888989965196727,0.004608251559171217,-0.0018169112508734653,0.013634110064452143,0.005958291956305928
2025-08-18,0.011389521904009658,0.009872594576703086,-0.0013599294990375155,-0.0046896794361693805,0.006876420733694877,-0.008916250156370209,0.012641764147942602,0.0015041749360886758,-0.0019188596491228616,-0.001954397394136831,0.0016923684105194514,-0.010585744758681237,-0.0007000840100812589,-0.0014673514306676738,-0.007403751233958533
2025-08-19,-0.012162125783058308,-0.016871644997116464,-0.005713454360013359,-0.010769544814671184,0.004820838058940957,-0.04290659791632068,-0.0046219372352624966,-0.018181302806909994,0.004943696786597007,-0.009138381201044377,-0.029847947041948264,0.024964337205314546,0.0022418383074120918,-0.007592456527063418,-0.008453505718547971
2025-08-20,0.015959802519404764,0.013793113574950722,0.008872495090765042,0.0038557946639010687,0.012660406418353753,-0.005061438467363288,0.01881281242506616,0.011915950329594915,0.0005465974309921684,0.0013175230566535578,-0.009287916784092132,0.016005588730709785,0.0008388088913742209,0.001974333662388972,0.014042126379137487
2025-08-21,0.012417742018698608,0.004904309093197945,-0.0020362704275490584,0.0012426207943443401,0.01995966044490638,0.02688949099974236,0.014753543203972486,0.008539943788736348,-0.003004643540016394,0.019078947368420973,0.04765622246777679,0.016438314359481954,-0.002793686269031981,0.019211822660098576,0.0029673590504450953
2025-08-22,0.0008867325197567943,0.002204020602007528,0.010911965128379553,0.0036105767787457665,-0.007311496429104669,-0.04529370916628328,-0.0005556145551804947,0.02566591931624962,0.006849315068493178,0.002582311168495721,0.022371379131130853,-0.00033684497995067897,0.005322874352150064,0.0019333011116482446,-0.004437869822485174
2025-08-25,0.015798016267404735,0.017907684685488423,-0.00029252596167905764,0.0042719675302591575,0.017070361319686755,-0.0007412361287749691,-0.004725514875342451,-0.00835833724065227,-0.00108843537414971,0.0025756600128783447,-0.009664456196611937,-0.0033704076806785332,-0.0015326738191444589,-0.010612638687891973,0.003962357602773636
2025-08-26,-0.022965141874573214,-0.023919799054944124,0.004535479151426491,-0.0035821772536120955,-0.02854106420909175,0.0077892832621320185,-0.012102603782224608,-0.0024561731928072206,-0.0010896213565786406,-0.004495825305073864,-0.0285399192149548,0.005072708617102739,0.002093217973764938,0.0031691857630424813,0.005426739023187022
2025-08-27,0.012347542635852582,0.014229273136425302,0.004544158944436383,-0.008088928174427745,0.006489836499528057,0.0552079848900362,0.012533630299640386,0.0027732735880023895,0.00027270248159250166,-0.012903225806451646,-0.005496533549200655,-0.013795443927033024,0.0018103328227265791,-0.001458080194410738,-0.014229636898920539
2025-08-28,0.00837618911479976,0.007014761302237105,0.0074522851139919855,0.01109973581418977,0.006317214604558474,0.026857307275550246,0.023360782146954362,0.012949403224522982,0.004907306434023928,0.007843137254901933,-0.013722149875213474,-0.023200334933276223,0.0011120378092854821,0.0009734728644439361,0.015928322548531604
2025-08-29,-0.007286505100364549,-0.009133070461711856,0.012031214414605307,0.012322130179588164,-0.01865957308229571,0.01800270828604167,-0.0052294666323492445,0.025771935994458817,-0.004612045577862212,0.03242542153048,-0.005410604430857502,-0.00943060357866854,-0.0006942515967787166,0.008266472161439387,0.015188633023027975
2025-09-02,0.014973526158843065,0.024683551772073153,0.02164325571002701,0.011286958046876627,0.04751394964820976,0.004004032034483851,-0.06619123904319124,0.02166662602084668,-0.0068138457345325865,0.012562814070351758,0.009714396505568379,-0.028561374926624916,-0.002778935667639315,-0.010610079575596787,-0.009652509652509633
2025-09-03,-0.022273661109663112,-0.024698813960013055,0.012053908305966976,-0.002407299808743324,-0.005685636695818008,0.018278440408152852,-0.015077279460474657,0.01146796233804892,0.009879253567508295,-0.013027295285359841,-0.015585941009528703,0.0014518834718126872,0.004040685523199139,-0.009505240068242715,-0.01754385964912286
2025-09-04,-0.009023677871606517,-0.007659866642432012,-0.007921894877767843,-0.015465591728420436,-0.012791734310665381,0.0032637045750925076,-0.001242573119372814,-0.015189459380388515,0.002989130434782661,0.005028284098051561,0.0013682504893079983,0.012685755989226832,0.002081598667776907,-0.003937007874015741,-0.00347222222222221
2025-09-05,-0.022242094510878774,-0.025362328638335097,0.01292042539915439,-0.0012254545199552602,-0.01874972380392781,-0.008457965344764617,-0.02254292424209703,0.003984307813467369,0.013546464372798717,-0.0018761726078799779,-0.013078238823581056,0.003937029805101355,0.004708489128929516,-0.005434782608695676,-0.002488800398208091
2025-09-08,0.007938880046815422,0.00630352992373262,0.006596735333402437,0.0017846953412186117,0.010887608311311414,0.013779467045320404,-0.002851021041331503,0.008569834061510129,0.00855386260358193,0.010025062656641603,0.003362305465345994,0.014973305550913585,0.0012405237767056931,0.00695479384003983,0.008982035928143617
2025-09-09,0.005604404201691171,0.005942864705379636,0.0013052833402931174,0.002338259500294093,0.003460416006870748,0.008737925429610716,0.01730823166114903,-0.013228415802935989,-0.002915451895043719,-0.004342431761786614,-0.020303544028998588,0.0245872838070329,-0.0016519823788546661,-0.0019733596447952806,-0.009396636993076135
2025-09-10,0.01656873752423338,0.016605414068235458,-5.4302095086167235e-05,0.010886528327740175,0.005948491557254965,-0.028232292659599367,0.007779146731891506,0.006238100650602041,0.004784688995215225,-0.009968847352024968,0.010462785709883349,-0.018169414085540847,0.0017926089354660668,-0.005931784478497293,-0.011482775836245684
2025-09-11,-0.016594979295276313,-0.02041776777833515,-0.0022813422986828202,0.008901029779579739,-0.022196517926039272,-0.03136349529030824,-0.01429276710659333,0.01371159856990345,0.0023809523809523725,0.004405286343612369,0.01194740062797428,0.006634057042512076,0.0006882312456986117,0.009696668324216784,0.016161616161616266
2025-09-12,0.009341496030289553,0.0051306669922135395,0.0034842672983557144,-0.000435650821192457,0.00354968800484623,0.0023858109904626446,0.0030818669621210937,0.016548012198395412,-0.004750593824228044,0.0,0.011019310835376661,0.0,-0.003026134800550251,0.010342280226545153,0.0
2025-09-15,0.006717489057871617,0.00973042947382785,0.008843342697444134,0.014601702501418012,0.017947609546571597,0.03468208045625909,0.014103010421896656,0.003066913210082012,0.0037125430920179614,0.06077694235588971,0.007395820270891029,-0.010752603944484518,0.0013796909492274079,0.016573239093346404,0.04373757455268379
2025-09-16,0.015272816459218852,0.019273260990682273,0.0016402521259075709,-0.004833001495090139,0.02676852256983553,0.019717365467634584,0.01400611404966745,-0.0010818642302560244,0.0010568031704094594,0.01476668635558176,0.017967548982490644,0.0021037011229227964,0.0009644530173602561,0.006713018460800857,0.017142857142857126
2025-09-17,-0.0075946292272549565,-0.00728446397647331,-0.001959691991288537,-0.01338221437499898,-0.016168833219262324,-0.0009668131011127956,-0.00631851278936546,-0.01763557574524066,-0.004222750065980496,-0.006402793946449381,-0.027519396204864766,-0.006647984526369943,-0.003716448726772237,-0.005715646582519662,-0.010767790262172339
2025-09-18,-0.007505438259613251,-0.007494197253132273,-0.010624562774012136,-0.00656316104952992,-0.006285065315533522,-0.05193548977561124,-0.008527691610691557,-0.000359507923986202,-0.005300821627352237,-0.007029876977152849,-0.013075760376568102,-0.0031701088969114943,-0.0011052777010224224,-0.005988023952095856,-0.007572172266919086
2025-09-19,-0.011269307661884831,-0.014000305079770237,0.0074762797039249484,0.0061660159902687806,-0.017564113967752926,-0.017352800858663864,-0.020234642098908462,0.019876724557404746,-0.004263256061817211,0.0005899705014749124,-0.010678285916276398,-0.00035337845765237574,-0.0012448132780082943,-0.011566265060240943,-0.0033381020505484083
2025-09-22,-0.001649679211879418,-0.0006381766964356217,0.01870042849452691,0.0008755060459384456,-0.0028708962657710835,-0.02839335763199502,0.003805720376277133,0.02969250773750587,-0.004549103559004508,-0.005306603773584939,-0.017189698807417164,-0.01413927213255306,-0.0011078797950422326,-0.014139444173573823,-0.022488038277512
2025-09-23,0.015923051877017924,0.012292472306296265,0.010754642914192258,0.0025147347167067124,0.015573913972318998,0.016749797373945885,0.010565166058989828,0.008972843177088352,0.002956989247311803,0.010669828097213951,0.0036607751043087333,-0.01362491171075153,0.001525024261749719,0.0009891196834816984,0.019089574155653377
2025-09-24,0.024841052393963725,0.024917174265249642,-0.012474737040318429,0.036645267153111005,0.021133942488688495,0.0017525813428975745,0.009854459832414175,-0.009390860402732293,-0.002412221924417035,-0.004692082111436902,-0.0012157560374639331,-0.01235911966939407,-0.0020764119601328623,-0.0029644268774703386,-0.0019212295869356355
2025-09-25,0.0015870814345155804,-0.00015378530796217316,0.0007961571938777112,-0.011046869505147883,0.020738766660191033,0.01609517255773829,-0.008222771855695532,0.02101555976806302,-0.000806018269747466,0.003535651149086716,0.009129656209799109,-0.011409664940145392,-0.0027743098904147168,0.0032210109018830924,0.014436958614052031
2025-09-26,0.010227587196772303,0.011388085957840577,0.010050091846489195,0.003297887083738793,0.0009890465015942596,-0.023760332189980526,0.017680628400057907,0.03409629556927718,-0.0016133369185264979,-0.008807985907222537,-0.00281470043468679,0.0007445334508893175,-0.0005564056196967204,0.0014818473697209011,-0.01375711574952565
2025-09-29,-0.030799887598877196,-0.03454048106512475,0.012129154941421527,0.02661440047243846,-0.029766543362507836,0.15238092274632642,-0.02085788095312202,0.00845933308782909,0.007002423915970946,-0.0011848341232227888,-0.00987898949281596,-0.0026040986653327325,0.0022268615170493167,-0.00320591861898889,-0.0004810004810005264
2025-09-30,-0.013976821547376339,-0.017021305249305896,0.0046690185276974105,-0.00743653195089633,-0.010226625120633215,0.01101928796841456,-0.011127255840544081,-0.007701904304227791,-0.0021396095212623534,-0.014234875444839812,-0.004887022510364436,-0.008951860655899146,-0.00013886960144426919,-0.008659079663532854,-0.022136669874879722
2025-10-01,-0.024917908871875283,-0.009459678734839105,0.0062738947470999396,0.005307034018189327,-0.013119001587821755,0.05237665718237605,-0.04409752696166769,0.022420223562232833,0.0032162958992227875,0.002406738868832692,0.01800697948329777,-0.0037636430337113502,0.003055555555555589,0.011230346892937337,0.002460629921259949
2025-10-02,-0.01897471909292514,-0.021042396612934056,-0.007543271929121187,0.013973633339134484,-0.025370310603935797,-0.009781403227745789,-0.01850578973198358,-0.027278513228021106,0.0026716537536735085,0.012605042016806678,0.0014070290416927644,0.02493379403690943,0.000692328994738256,0.010612043435340501,0.010800196367206638
2025-10-03,0.006551211432643367,0.006613781893294535,0.010547763412901645,0.032666462224428816,-0.0032092724264103367,-0.03428240369710889,0.005132375447058912,0.03471739395805029,-0.002930988542499291,-0.00652045050385297,-0.007828169250048256,-0.0022114840137602565,-0.0022139200221391597,-0.005616605616605597,0.0009713453132589311
2025-10-06,0.014566906232575727,0.013304821688282953,0.017242740455943206,-0.014037188206906581,0.0035772915231389035,0.00992786761829434,0.02209084958965546,0.010189730636546379,-0.0058792089791555036,0.0065632458233890745,0.007283038804955622,-0.0070189299164470365,-0.0024961863819165098,-0.00024557956777992995,-0.004852013585638026
2025-10-07,-0.0003055486801275542,0.0006484181620654006,0.0070668342857844735,0.012231776707494424,0.009357103733067973,0.04200172453969131,-0.004049204047925192,-0.01878041396311514,0.004569892473118342,-0.004742145820983978,0.014862378995031511,0.00037204653295086487,0.002502432920895359,0.0041758781626135555,-0.011701608971233513
2025-10-08,0.012223118243847253,0.013283649779766593,0.016506867263072822,-0.000396167808522252,0.011477518421842303,-0.04716980167567775,0.008236953242503287,0.03130624533663995,0.00026759432700029784,0.005360333531864159,0.008707746923329207,0.007065801188585352,-0.0005547080848703478,0.007338551859099818,0.0009866798223976403
2025-10-09,-0.015547151385613245,-0.01662671348061584,-0.024051075382324094,0.005846216331171883,-0.004800836259934438,-0.01920188789176236,-0.014087485197165406,-0.0371177207653417,-0.0016051364365970988,-0.008886255924170583,-0.011575439247747954,-0.004061948432503071,-0.0011100319134175196,-0.007042253521126751,-0.0014785608674223738
2025-10-10,-0.038178497881971585,-0.0424320739209092,0.006997886523715691,-0.044724704166958285,-0.03328502506882125,-0.049862375083690846,-0.033039388014216686,0.0018783618801889723,0.012325830653804992,-0.012552301255230103,-0.019452154058340332,-0.00852806157376551,0.005834143631059829,-0.015162631450232333,-0.015794669299111552
2025-10-13,0.009405390672618141,0.010016980259816455,0.033146710552253156,0.05197490844106545,0.02054981200364625,0.0038635171054970385,0.012854289759775428,0.06800463082047514,-0.001058761249338236,-0.005447941888619856,0.012955452831578729,-0.003365721454850812,0.00013810247203416282,0.000993295257015081,-0.0035105315947843163
2025-10-14,-0.01468730748038527,-0.013279557795226826,0.0073554082612508065,-0.023527082255880516,-0.02315872337277758,-0.028864629021306265,-0.008243790051215782,0.003670418990419533,0.0029146793852676822,0.005477784540474762,-0.002398136378626514,0.0018761726078799779,0.002209334438000532,-0.0012403870007442475,0.007045797684952282
2025-10-15,-0.007693533369643957,-0.007325388408636391,0.009175240478579871,-0.0017066757965109591,-0.010374940791342269,-0.003963039452525408,0.003171830153299915,0.015085318161481842,-0.0026420079260237594,0.009079903147699797,0.017628227171343713,0.03333331047372434,-0.001515569027280228,0.0,-0.0029985007496251548
2025-10-16,-0.013729582881861768,-0.013900830048527935,0.024514470108056186,-0.002815755957587207,-0.009793930389840888,-0.02586209145423557,-0.012374656901261716,0.03818058224827747,0.007417218543046333,0.011997600479904058,0.0013779467692029979,0.0036245017112077615,0.004553608389678443,0.004222553402881246,0.007518796992481258
2025-10-17,0.003766779185447877,0.0013923047742669947,-0.021209936091034498,-0.005344942333289748,0.012305542448469486,0.023825709362230274,0.014351174632957875,-0.059577927835793965,-0.0031554036287141374,0.001778304682868992,0.005111109528007196,0.014806811823363075,-0.0024725274725274637,0.008656937917387975,0.0024875621890547706
2025-10-20,-0.004568487352122119,-0.00034759223923253035,0.034675932031636325,0.013484778969078404,0.005550449971307714,0.129321871909297,-0.004081216963565448,0.025168480427872897,0.002637826431020729,0.0017751479289940253,0.003520443994045497,0.014234875444839812,0.0011016248967226083,0.012015693967631247,0.001985111662531125
2025-10-21,0.005081156889355398,0.005215563885136554,-0.0574161146704919,-0.013605505131580542,0.006249718576679886,0.02266703003800319,-0.002677291417934047,-0.07177368014823882,0.0034201525914232533,-0.008269344359125852,-0.012862986352513817,0.0066666452508223895,0.0013755158184318717,-0.0009692270414344284,-0.008915304606240682
2025-10-22,0.02071103170391675,0.011760641798077565,-0.01063497950254988,0.00628806052911135,0.019856685123623485,-0.0069084425982217645,0.021749866736121115,0.00023177601770218992,0.0007865757734661916,0.007742703990470501,-0.011451171048007636,0.010805180095730949,0.0004120879120879106,0.0038806694154742694,0.006996501749125361
2025-10-23,0.05432173994077005,0.05623933188935637,0.0197275046093901,0.0243902063933088,0.06818998366383311,-0.030724621776572203,0.03319035888963162,0.02151239838940544,-0.0036678019386953142,0.011820330969267046,0.015977616176084064,0.00793099238954742,-0.0027461211039406797,0.009664170089393576,0.018362282878412017
2025-10-24,-0.0007576212150588457,-0.004693330817777452,-0.001881583554853683,0.002262959284184962,4.157194332354841e-05,-0.011961782016266742,-0.0021796572867535113,-0.0021657428655393884,-0.0021036024191427583,-0.011098130841121545,-0.011794741236863304,0.006158119691136665,-0.00041305245766209975,-0.002871500358937573,-0.0009746588693957392
2025-10-27,-0.004852891764882239,-0.0030894085643736746,-0.028541703100724125,0.009227433016246955,0.01373225924098942,0.04176755919693931,-0.0011962469318039792,-0.03751780118501091,0.0015810276679841806,0.012994683992912037,0.009946289943245423,0.01394085691406799,-0.00013774104683195176,0.024478041756659463,0.02634146341463417
2025-10-28,-0.018591910540062706,-0.018920238483593477,-0.009105120770259267,0.0,-0.0200730219899814,-0.028181256863539117,0.002499459479860411,0.012091399038288708,0.0023677979479084232,0.007580174927113603,-0.010045344329960071,0.0278336266036312,0.00041328006612473267,0.01030686343405951,0.005703422053231932
2025-10-29,0.008074481843877823,0.005486251171838097,0.004418631991192301,0.018091612471139884,0.015541151322383095,0.009267533227317326,0.02519221971760799,0.012647229101044433,-0.007086614173228312,0.004629629629629539,-0.001989623506975957,0.0071778538565456795,-0.0049573120352519595,0.001854857407836752,0.0061436672967862815
2025-10-30,0.0012323141298693496,0.001488097772306407,0.0037993229578294763,-0.02971241712750594,0.014725934676474761,0.1718009995783889,0.015047899942717713,0.01481529562404571,-0.005286809410520732,-0.008640552995391682,-0.01016743068350534,0.022351777206464307,-0.0017990589537780766,0.010182828049062786,-0.015030530765617667
2025-10-31,0.0010769183819110406,0.0067690250863108314,-0.004830773379692066,-0.002461655362990589,-0.011707321233558332,0.04246713322216378,-0.005141279722437608,-0.008961797101403657,-0.00239170874302419,0.0029052876234747504,-0.01953678128685521,0.019011406476437287,-0.00027727713849989843,0.007789232531500545,0.01859799713876975
2025-11-03,-0.002766256431842251,0.0011479123540454328,0.0043788314775428105,-0.0036521275334946424,-0.010653226888343359,0.03443252158861698,-0.03863329492470846,-0.0022085884499257746,-0.0013319126265316505,0.006373117033603659,0.023829084637223774,-0.002487619077623293,0.0,0.018185951352580165,0.017790262172284743
2025-11-04,-0.0069347657955745046,-0.008026173135020742,-0.013328350772296993,-0.02397460168932819,0.01633900341961625,0.01804972922220549,0.0034966440230612683,-0.01582858779730234,0.0021339023739663787,-0.0063327576280943765,-0.00621993122676423,-0.010598485118018752,0.000970739148523192,-0.010270149586961375,0.012419503219871286
2025-11-05,-0.014276876920964021,-0.01585209506935903,0.00818076059683115,0.007511104662075274,-0.0049497746892834815,-0.02555838422579182,-0.007020998331330297,0.015552681469871654,-0.008251264306627593,0.008690614136732222,0.003230362433987999,0.023314410960252774,-0.004017733444167337,0.010376720054139366,0.008178100863243998
2025-11-06,-0.002204020602007528,-0.0028523183439195243,-0.0004758201783707783,-0.003526077843692854,0.02614596765309063,0.029536862882383774,0.029487270179651803,-0.0014416197404351072,0.006709608158883551,-0.014933946008041321,-0.006842426282643088,-0.03725362081494343,0.004451244957573985,-0.025005581603036342,-0.034700315457413256
2025-11-07,0.003944461908912178,0.005384480787161472,0.004710611081965688,-0.0015164685027621028,-0.0056087253121047675,-0.009639618569661446,-0.012871400978418657,0.004665848824837893,-0.0013329778725673647,-0.0034985422740524408,0.00668696740138186,0.014070974495425492,0.0002769699487605859,0.009159606136936116,-0.014472455648926186
2025-11-10,0.006757763370429659,0.006359850512388965,0.027981432940693773,0.03017409576933061,0.011401654569796582,0.0053301884551040235,0.015873826277234437,0.044984066565782355,-0.0005339028296850179,0.005851375073142151,0.01811597263185094,0.009145360582357265,-0.001522912917070518,0.01293396868618113,0.015158692562766474
2025-11-11,0.017171497743337927,0.015133873794235697,-0.001382871254852036,-0.007568278545645679,0.026011785498121887,0.052328318555374675,0.020749891818974353,0.008788925373200085,0.004273504273504258,0.005235602094240788,0.010280676635862518,-0.009687519073486306,0.0030504714364947283,-0.0024641577060932063,0.00046663555762949116
2025-11-12,-0.037599822589657106,-0.04177587154019646,0.023637805209899332,0.008121202115103587,-0.03653375658793645,-0.007009871730283779,-0.028131258191194664,0.05361730412635879,0.0010638297872340718,0.00752314814814814,-0.009393337701945725,0.012937854788520164,-0.00027647221454241144,0.00651246350774759,0.0
2025-11-13,0.004783913912300264,0.0034193356557179477,-0.004532964024486885,-0.00039293743216228805,-0.006810147584902282,0.024928285079825363,0.00219903769315577,-0.004837610001928394,-0.0045164718384697045,0.014359563469270586,-0.007309342941366759,0.02305294048749018,-0.002074115044247815,0.010263275323516341,-0.0004664179104477695
2025-11-14,0.02190130304516491,0.023854175475168438,-0.02391227770368931,-0.007469308324166035,0.02694041934468805,-0.01721909713355796,0.02648366050444806,-0.04680259822608024,-0.00507072324526292,-0.025481313703284214,-0.001990019385494368,-0.01796587699798835,-0.0020784259387557347,-0.0170053003533569,-0.0158656089594027
2025-11-17,-0.0029508066968050306,-0.0029955118109286083,-0.004811672953646595,-0.009802948543042644,0.006281812810097875,-0.044897048705897835,-0.01068800518462032,0.0006918333130370158,0.001877682403433445,0.010459035444509102,0.01974073446954261,0.025736396257267424,0.00097195223549007,0.03999101325544818,0.032242769084874334
2025-11-18,0.010747702090430522,0.01385414510380012,-0.0019634310958399626,-0.007499980926513716,0.06050262419577024,0.0022929951627435052,0.004622871614633928,-0.003456775053047867,0.0,0.004600345025876917,0.020140766358815565,-0.011487267029002934,0.0012484394506866447,-0.003240440699935232,0.00413412953605885
2025-11-19,-0.02126677579126901,-0.021402749684458433,0.0040083730058095846,0.009168725594225657,-0.024212402690914292,0.04095181544492088,-0.033611736781500645,0.00673934880963678,-0.0010709504685407767,-0.01602747567258156,-0.020509866443912284,-0.02477066086702029,-0.0008312551953449931,-0.014954486345903795,-0.01784080512351327
2025-11-20,-0.00204687855225294,-0.005047093606858621,-0.005584414753465383,-0.009684517179039731,-0.0388511837301142,-0.01670334295321696,-0.007090734425699519,-0.010691066308134656,0.002680246582685619,-0.0075625363583479155,-0.008610540897213803,-0.015365299436396085,0.0016638935108153063,-0.012101210121012063,-0.018164881229622676
2025-11-21,-0.01293783024621531,-0.018261718422446616,0.004802955665024644,0.009880081628140136,-0.030355665606003668,0.023692433423449843,-0.01824441458136372,-0.0074432411298250845,0.002673082063619381,-0.0023446658851113966,-0.007895805903744835,0.003503204151323658,0.0033222591362125353,0.00222717149220486,0.0
2025-11-24,0.0129475310232261,0.013434356886799836,0.0036033707983516017,-0.009284257776344229,-0.02047707400099852,-0.006768589049236717,0.007008625299257387,0.00846143326081239,0.004265529192215345,-0.004112808460634554,-0.00159168362572637,-0.0028562166901028307,0.001103752759381793,-0.0015555555555555323,-0.009013282732447836
2025-11-25,-0.014044491157481076,-0.015125754373562672,0.011186568651835316,0.007557417460658522,-0.021736409789420597,-0.027478568008365678,-0.020774006818675805,0.012705039511451854,0.0031855588001061808,-0.0005899705014749124,0.0023913696922075456,0.008911482126626291,0.0023428886438809915,0.001335410638771517,0.00957395883197698
2025-11-26,0.010403353563399165,0.012079391781252946,0.006087003698671545,0.021002104874421335,-0.01202313120020726,0.030289400504429853,0.017122566879189893,0.03891314901495968,0.001058481079650786,0.01948051948051943,0.011332002057054646,0.00031547666724174306,-0.0001374948439433199,0.006001333629695571,0.0033191085822665833
2025-11-28,0.0011088182106744338,-0.001705068818697919,0.02153550917725333,0.015868416293379983,0.003225084156478042,0.06406314420222836,0.0036527012578062568,0.06670947832162555,-0.0029077451757864026,0.008685581933989495,0.017495565329972873,-0.008514702475754143,-0.001787678767876777,0.005523641184268735,0.003780718336483968
2025-12-01,-0.0004747245827840807,0.013151160850507493,0.004676937836490147,0.0064602674334068855,0.0030004156229679335,0.014639195995511667,-0.014241294087598999,0.034936047761097155,-0.009809119830328727,-0.006314580941446657,0.005796040600584806,-0.010496144583435507,-0.004270560683289681,-0.00856954515491104,-0.0014124293785310327
2025-12-02,-0.011397774685385609,-0.011463255372118786,-0.012632170503233064,-0.011113257188007375,-0.01166661623196541,-0.016460038846579317,-0.020653844061181093,-0.00744629333506075,0.0010709504685408877,0.0121317157712304,0.005570439746066969,-0.008036001128100767,0.0005534034311012181,-0.0028812056737588243,0.014144271570014189
2025-12-03,0.003522776674430572,0.005286517334884833,0.002772032755381071,0.028482914011963567,-0.005145478423206562,0.032024737207562826,-0.001693666836246166,-0.0010692836319405874,0.0032094142818934746,-0.014840182648401812,-0.01910219730941054,-0.0006481276833292249,0.0019358407079645978,-0.008001778172927354,0.0
2025-12-04,0.009414395561291977,0.012213696296650589,0.0024808033077377,-0.003108514678328511,0.0012603812023619376,0.01361367731287988,-5.473762637686619e-05,-0.018542519736534868,-0.0055985070647827095,0.014484356894553851,0.003505361451305422,0.00032427401262924427,-0.003312172232956101,0.0033609679587720542,0.006043700604370095
2025-12-05,0.007745837677330503,0.0068711861017412,0.0,0.0171028775137243,0.0256978118727631,0.044637531725963076,0.0038311911415971345,0.0277059609048389,-0.0037533512064342744,-0.0022844089091947906,-0.0032990136420032456,-0.01231762655743518,-0.0018000553863195545,-0.012728896828941516,-0.006469500924214389
2025-12-08,-0.01976467955346206,-0.019973380931542994,-0.0059627161648597715,-0.0032515651812122792,-0.027381660728820867,-0.07127998725549245,-0.019628162692438722,-0.011006154302419136,-0.004036598493003196,-0.0011448196908986352,-0.00895636836071112,-0.003610128189847961,-0.0022194479123318622,-0.01040488577244969,-0.0027906976744186407
2025-12-09,-0.008801456824849674,-0.010699746207314398,0.004386276677645462,-0.023114935487208554,-0.01657819423282625,-0.0688111329823261,-0.004671577445000352,0.041364499514010555,0.0008105917319642941,0.010315186246418362,-0.0033399209930503604,-0.017786540803438555,-0.0013902405116085204,-0.005942857142857139,0.00046641791044765846
2025-12-10,0.0043590646391657994,0.0036051344973846433,-0.002714697009061351,0.00667872294446159,0.005707762797922955,0.0045911475710962435,-0.004581801004083674,0.0034902176144437913,0.0016198704103671524,-0.013613159387407814,0.0015770122565856859,0.0,0.0011137407768342378,0.003679006668199536,-0.009324009324009341
2025-12-11,-0.014949370179429988,-0.014710924115973634,0.020900845173693616,0.028717700732813434,-0.019401692090114886,-0.07921650929656088,-0.012180760497058962,0.05879526229257248,0.0021563342318058343,0.0011500862564692849,-0.004920291148258427,0.0020119904808084677,0.002225003476567844,0.0020618556701030855,0.006117647058823561
2025-12-12,-0.002610963619440576,-0.0027777752022684066,0.003547369507883147,-0.02644183711376369,-0.013863341621130898,-0.02788939541645774,-0.004375478246167019,-0.04015394122326654,-0.00779989241527701,-0.008615738081562352,-0.016416175010096956,0.0060241579119275634,-0.0023588178160122153,-0.01531778692272523,0.0
2025-12-15,-0.009162263880564514,-0.010793853529036723,0.0015942496907277448,0.010409733380034814,-0.007916299674154081,-0.024556244642393033,-0.01130069507568543,0.025716227103858902,0.0016264570344266538,0.0191193511008112,-0.005027146637869406,0.009647351422493733,0.0009735744089012233,-0.004643603436266575,-0.02572497661365758
2025-12-16,-0.027080633539565913,-0.027279113787143094,-0.0006690326846119365,-0.009646875222742879,-0.0238466694926438,-0.03140582335584485,-0.029671571981200073,-0.0038131215285359676,0.004330175913396461,-0.007390562819784008,-0.02263538686835942,-0.003624402318008646,0.002084201750729431,-0.00839748075577329,-0.021603456553048517
2025-12-17,0.012898882550051338,0.012122275436876606,0.009602312751125552,0.014469441341139921,0.009818665893070122,0.03551215974658661,0.007971966207226178,0.056411462611495544,-0.0010778765831311876,0.009163802978235935,0.0033085162405448454,-0.013888828618464966,-0.0001386577925679422,-0.004234297812279464,-0.006378802747791901
2025-12-18,0.002345834264955604,0.003754074085186909,-0.0021490894976158303,0.0005592957017088729,-0.008327513827058208,-0.028827080178316256,0.004131481587150265,-0.024835011476861513,0.004046398705152443,0.009080590238365494,-0.008450120435778086,0.0006706293805054386,0.002357509360698895,-0.00566973777462787,0.002962962962963056
2025-12-19,0.010865956689985579,0.009082783751985346,0.0052239213397868856,0.013602898643957362,-0.004550488793901297,0.019447281308300646,0.004055694343826577,0.03488045349255153,-0.003224073078989753,-0.0016872890888638414,-0.0043649777968922665,-0.0026809242940074585,-0.0020752628666297346,-0.0028510334996436626,0.003938946331856208
2025-12-22,0.026459375588259393,0.023826305643429135,0.01871312682313886,-0.0003676542135855332,0.017060090828048047,-0.004769089749096178,0.0199040156545065,0.01587249592193496,-0.007008086253369239,0.007323943661971866,0.01356988915397972,0.0033602149848483975,-0.0031886870927492206,0.0038122468429830914,0.011280039234919048
2025-12-23,0.0049943833545220695,0.006378258184584151,0.008121961283821255,0.007080428901760083,0.015059557143073388,0.11172763878712577,0.0005739453053661414,0.03797900697426848,0.001357220412594895,0.0011185682326622093,-0.005149330667942875,0.008372404383452547,-0.0004172461752434131,-0.0016615238547353917,0.0029097963142579175
2025-12-24,-0.0022442992505813386,-0.0005139190381160397,-0.0006437158486526373,0.004108845660450777,-0.015064363005741543,-0.03765877714634591,0.0022372941952282233,0.007746295167779582,0.004337218758471151,0.007821229050279266,0.015113862396838318,0.011956180772304537,0.0019479615973285735,0.011174512601046072,0.00918762088974856
2025-12-26,-0.025706976954853022,-0.027592062343726576,0.011082080658583404,0.04874058965293271,-0.02345189803340031,0.0292315109543837,-0.02861882687987649,0.07679748232444616,-0.0021592442645074206,-0.0022172949002217113,-0.006322609959448888,-0.0032819165078357138,0.0005554784057770767,-0.004232306607100833,-0.005270723526593191
2025-12-29,0.021437982357276564,0.023616498289537935,-0.045928808989342484,-0.047862658990854956,0.009729446412909404,0.07352258576351711,0.010665195685931828,-0.08668249415745743,0.0029753854476601838,-0.01722222222222225,0.0012314769517751678,-0.01613442284197919,0.0012491325468424463,-0.008736717827626972,-0.011560693641618491
2025-12-30,-0.00032290051997263536,-0.002238310330867188,0.009830487630362317,0.04316546575148905,0.010810811416568367,-0.15254959355912712,0.0033815350698560565,0.1076213559256134,-0.0005393743257821049,-0.003957037874505409,0.0030750621080903873,-0.0070280310298824755,-0.0006930967563071322,-0.0030967127203430644,-0.004385964912280715
2025-12-31,-0.017280357339559127,-0.009145860000283057,-0.010304746379384833,-0.017023107474725352,-0.013903777346211177,-0.0720039736431014,-0.009064477888927391,-0.09357145568755909,-0.0018888289260657887,-0.0005675368898978572,-0.017576141528464095,-0.007414938040164687,-0.0018033014287696103,-0.01505376344086018,-0.007342143906020504
2026-01-02,-0.0016433603390084706,-0.0017415269472296213,-0.002649098095252156,0.001776154856378831,-0.002593642478487368,-0.018448202983078144,-0.004221885019445093,0.0060170110667228105,-0.004595836712624979,-0.00624645088018172,0.01664238073932589,-0.011884550084889645,-0.0020844913841022716,-0.0009704027171275609,-0.0009861932938856066
2026-01-05,0.016625486774209053,0.017445917748152073,0.028155002677900498,0.05044328524915209,0.013096395912605141,-0.02625760857073267,0.012837146013620737,0.07948298838354506,0.0021727322107549796,0.016000000000000014,0.01227751794418186,0.013402040881389521,0.001949589193705581,0.01724137931034475,0.011846001974333609
2026-01-06,-0.017163173371139373,-0.020404640482441505,0.01001911662501409,0.014515987143868259,-0.027907478730310964,-0.04910590325890385,-0.011279069912504491,0.057323633612769376,-0.0013550135501354532,-0.0011248593925758943,-0.009500731940682239,-0.0006781339219807947,-0.0008339124391938402,-0.005013129625208834,-0.0039024390243902474
2026-01-07,-0.012191131287738077,-0.01995447870356648,-0.0074731649488331,-0.03352465526985782,-0.01262599815606169,0.05223886439305958,-0.003587003678131584,-0.04215816086587609,0.006512890094979573,0.006193693693693714,-0.003673475615832311,0.023074270482865256,0.0022256224787871037,0.010316698656430034,0.014691478942213454
2026-01-08,0.033855947714979795,0.03161272709422214,-0.00040331757703082616,-0.010759166781860618,0.030534317518554843,-0.03347518505677605,0.03883155618039491,-0.03136058405740949,-0.004583445672688091,-0.0016787912702853625,0.004301497045992919,-0.0036484447877798143,-0.0029146426092990785,-0.005461885537876965,0.0
2026-01-09,0.02177768087704446,0.023545717622442286,0.009011972396955503,0.018968103315796014,0.007313078196009792,-0.0698562224728716,0.011532074666201542,0.05578455855383391,0.0035211267605634866,-0.0005605381165919576,0.004690996287225024,-0.001331537631862334,-0.0002783964365256075,0.0014326647564470996,-0.0014478764478764727
2026-01-12,0.008367520966531261,0.006427623054476861,0.025283897762198748,0.02211594353492563,0.009086707198197486,0.07573367507917883,0.007413256761592546,0.07258756819972834,-0.0013495276653171517,-0.05440269209197979,0.011368278367281714,-0.01799997965494793,-0.0006961849067111947,-0.014783023366714332,-0.011599806669888801
2026-01-13,0.02505092086387406,0.02773111808199835,-0.00338052245996312,-0.002506322972117614,0.03898991269458252,0.0029334088290549065,0.018229491506387863,0.014974568985650416,0.001621621621621605,-0.004151838671411667,0.019269351472364527,-0.027834392522551266,0.0011146718684686974,-0.00943852855759919,-0.0014669926650366927
2026-01-14,0.016037809726376695,0.01422729207155582,0.007958099819332487,0.006532669296965388,0.019433500239121493,-0.08745248102814962,0.002135193968486604,0.05812970246276006,0.004317323259579009,0.005360333531864159,-0.00039386487287251803,0.0027933600823888405,0.001809324982602556,0.007085267529929107,0.003917727717923647
2026-01-15,-0.04149125767914308,-0.045630470979792226,-0.002588605710984959,-0.010151418219607966,-0.03225374365974154,0.002564146062562944,-0.025458907572942113,0.011081844394243534,0.0,-0.00414691943127965,0.043538277625048805,0.006963788004849647,-0.0022228396776882153,0.02183406113537112,-0.0039024390243902474
2026-01-16,0.0058029946929878395,0.004223686531514614,-0.006120702418690671,-0.026815757111271044,0.013268112545050892,-0.007992357800430061,0.0007848379256889526,-0.04119678757613432,-0.007522837184309461,0.010707911957168248,-0.0067963111583024816,0.0027662094024949457,-0.00417710944026739,0.004510921177587779,0.014691478942213454
2026-01-20,0.012318742388301551,0.015141344997853023,0.037080538356812465,-0.002677735011488269,0.04509292581118629,0.2591041438963344,0.021622209254238856,0.06941682608331146,-0.010286951813752054,-0.002354326074161306,-0.0009503751469394084,0.005517262425915881,-0.002936241610738244,-0.0044906641455920715,-0.01496138996138996
2026-01-21,0.004929138999533844,0.004640350987550779,0.015044735039432044,-0.0075350681407182485,0.03934146107716052,0.24776040928664456,0.018423058075867305,-0.02118763316676886,0.006291028446389513,-0.00471976401179941,0.027587460242705086,-0.0006859129041315581,0.0021034917963820288,0.010921177587844166,-0.004899559039686419
2026-01-22,-0.018087068421427488,-0.020785192077436232,0.01568990229328171,0.0022689609668471444,-0.026208582558648663,0.034871810521834856,-0.021643155124831503,0.04084154514394944,0.0019026909486272725,0.005334914048606976,-0.00425846231038729,0.01647226633866028,-0.0005597537083683601,-0.0004697040864255486,0.015263417035942917
2026-01-23,0.028410861133104426,0.028807261908526005,0.013493770970509411,0.02934261238680569,0.02606889700384163,0.045589695856346646,0.018600047835910516,0.05156502911103433,0.0013564839934889772,0.015330188679245182,0.003904851319014302,0.012491497423933184,0.0007000840100812589,0.003524436090225569,0.027158098933074637
2026-01-26,-0.0044019570069471214,-0.007204824445844471,0.02064377385294547,0.012349929595729003,0.057442925575211135,0.28909953891881535,-0.0166936803553841,0.14025264653237324,0.00433486859929566,-0.005226480836236891,-0.0018522371866909193,-0.018672911695518657,0.001399188470686985,-0.00561929290564267,-0.013220018885741314
2026-01-27,0.030187581452718604,0.02902850553401648,1.9694570831285674e-05,-0.02598603052044579,0.030451659288348365,0.022647029578067857,0.02477891002190513,-0.08304656807855548,-0.0026975991367682584,-0.004086398131932234,0.009649294185435808,-0.0010193265559350628,-0.00027944669554280654,0.005180127148575409,0.0014354066985646785
2026-01-28,0.012283584946031434,0.013143127149321199,0.04348168176794198,0.010980549362894498,0.0075202494069943615,0.072763882979471,0.014529254976469952,0.07190846780132132,-0.0037868542061130217,0.008206330597889888,-0.0018378694063873047,0.01292512854751271,-0.0013976240391334604,0.007261653783087407,0.024366937410415623
2026-01-29,0.03377189337809838,0.034962808360734954,0.0027905204794833605,0.04802715248787215,-0.03026890210127775,-0.47479893260066597,0.014638242992540684,0.008186670632756687,0.0010860711376594612,0.0017441860465117198,-0.005155635921818336,-0.0060442843074262065,0.0019594121763470973,-0.0025581395348837077,0.010261194029850706
2026-01-30,-0.00028279795397134766,-0.0032100136097579224,-0.10779554287274529,-0.04509757653524116,0.05809541427416609,0.11128129418814248,0.0014583270081007793,-0.31346844308759625,-0.0008136696501220841,-0.00580383052814859,-0.009624291495688997,-0.008108087488122862,-0.0002793686269032536,-0.007460946607600882,-0.006463527239150557
2026-02-02,-0.06210212530813297,-0.04707866489688739,-0.019493793196415088,-0.016194674415304422,-0.13737384671243646,-0.2565457233599825,-0.03713331037349621,-0.019312824369858705,-0.004343105320304019,-0.00583771161704616,-0.005793264218231231,0.003065374243102159,-0.0020958502165712156,-0.0037585153864223564,-0.019052044609665475
2026-02-03,0.015535425820309534,0.017219177749178805,0.06069722228781482,0.04498839324983006,0.020976348186890315,0.02286071066561135,0.02511611058094143,0.08158587028737463,-0.00027262813522355156,0.006459189665296572,0.02424813716217078,-0.008828543645214348,0.0,0.005187455788729034,0.001894836570345726
2026-02-04,0.03163518781363739,0.03053314876016011,0.0032015814969605927,-0.03901027404155932,0.025194013816659533,0.04651156762118824,0.03546022580986974,0.01352329063737634,-0.0005454049631851143,0.002333722287047868,0.021471795428622098,0.01473113532188619,0.00014001680201625177,0.02486511846117767,-0.00378250591016549
2026-02-05,-0.027497783730057845,-0.028400345278711825,-0.012381798316599357,-0.004634470692767567,-0.031093160755607308,0.012698455948949583,-0.01964175096200904,-0.09072656690847036,0.007366984993178782,0.012805587892898762,-0.00017963207978100026,0.023632679647249022,0.00461990760184805,0.01831082627603564,0.016136687233032854
2026-02-06,0.007401924165967744,0.004108047365652956,0.018468106081910296,0.011122664986156217,0.008398845644387753,-0.024793425490594267,0.013806707945033692,0.0026918068123917838,0.0010834236186347823,-0.01091954022988506,-0.005750218976641186,0.001319241030278251,-0.0001393534002229746,0.0026972353337828547,-0.010275572162540825
2026-02-09,0.014548094333170836,0.01274589115681124,0.020000823640037968,0.01389955687934874,0.0014916844445735933,-0.08299238035943657,0.016536962783838538,0.0694598525921648,0.00054112554112562,-0.0034863451481697005,0.024579735236715194,-0.01910414424882878,0.0006968641114981633,-0.00403496973772699,-0.0018876828692779846
2026-02-10,-0.003476214666670918,-0.006215064047320307,-0.009528665447549711,-0.008242264390114884,-0.0074889419804042845,-0.007329509822647906,-0.013246010451391621,-0.022506550504145295,0.007842076798269426,0.0,0.010231113866731034,0.0100738754968841,0.0029247910863510196,0.010578437992347478,-0.0009456264775413725
2026-02-11,0.008720907667252753,0.010475268582484487,0.013416815742397059,0.00898914079377544,0.017342000473895114,0.014125171820194682,0.010055089269758621,0.04407982474210925,-0.0032197477864234214,-0.002915451895043719,-0.0038414740517659363,0.0073138706659305885,-0.0020830440216637047,0.0013363028953230494,0.017037387600567833
2026-02-12,-0.02708940693771389,-0.02769607267367502,-0.02944005053569676,-0.02992099123137404,-0.019545947602033986,0.01836026882204922,-0.03183585081061591,-0.09800129424792059,0.010228802153432026,0.00877192982456143,0.00858898659105467,0.016171597018100226,0.004592262733092101,0.011788256227758032,0.028385295486272666
2026-02-13,0.0034064479912443435,0.0007956594038691644,0.019784153317394804,0.003725543401023046,-0.0020060362439691115,0.00808207113040793,-0.002557533617716712,0.030511216713046352,0.004263256061817211,0.001159420289855051,-0.00799442261302652,0.004222209601549842,0.0033245601883917786,-0.0037370850736425654,-0.006787330316742057
2026-02-17,-0.004870875735124569,-0.008904397583535784,-0.027822346625805405,-0.02753562737075732,0.0011306385781590933,-0.06537160950110155,0.001779156527223158,-0.05656959378821391,0.0018572565667285268,-0.01273885350318471,0.003679030794256244,-0.010996197541499275,-0.00041419301394451935,0.0008826125330980705,-0.02004555808656039
2026-02-18,0.04345891997554796,0.04588481511846543,0.02111745035946533,0.028492819550103743,0.05358484070305658,-0.006598476276328036,0.027998366787883144,0.055305242787226705,-0.0031779661016949623,0.0017595307917888103,0.022691555529513074,-0.006213191538028129,-0.0015193370165745845,-0.00044091710758376035,0.017201301720130235
2026-02-19,0.018621253964492768,0.01902128880703846,-0.0024154302138437167,-0.01096054683802683,0.03811497953511456,-0.004981689436789782,0.01961374374037672,0.0007224935674448041,0.00026567481402772763,-0.0029274004683840227,0.018603859869417372,0.002961480469101163,0.00013833171946320277,0.006616674018526725,0.022851919561243106
2026-02-20,0.0013954572845489288,-0.0006021513675084078,0.016708688844540687,0.01762649769932323,-0.01105294894694897,0.017022656528837166,-0.004634643055313026,0.06082633328743148,-0.002124833997343978,0.004110393423370606,-0.012734620180029688,0.01640420013204258,-0.0002766251728907321,-0.0030674846625766694,0.02502234137622872
2026-02-23,-0.0037626012322067304,-0.0012050283444823284,0.02847924542771474,-0.009946851177818905,0.03573365164276754,-0.0203478955158527,-0.004055491257995536,0.051529546090740785,0.005057226510513768,0.0,0.007976938820593027,-0.0035505991907029966,0.003873824017708971,-0.0028571428571428914,-0.006974716652136004
2026-02-24,-0.010071356024868638,-0.010254868499654402,-0.00943437921911816,0.02598304200809154,0.0032484108469681416,-0.023450564724576184,-0.008948307623012242,0.010794795367464083,0.0002648305084744784,0.0005847953216373547,0.01077621478743418,0.0064787817327933706,-0.0006890848952590956,0.004628609213136459,-0.0035118525021948788
2026-02-25,0.00113044842234733,-0.0031997423931283686,0.009640166239948345,0.009539078065965212,-0.004801025761612454,0.018524919362991277,0.010145064775378687,0.03981387686680571,-0.001059041567381569,0.006428988895382792,0.0038314100768506165,0.024460815215138654,-0.001103296097090034,0.007678806494076262,-0.003083700440528636
2026-02-26,-0.0014114110977380134,-0.0032100136097579224,-0.006122995446806945,-0.005435202138450612,-0.022999278948754198,-0.04782761654745338,0.02053831069530121,-0.0433367615927337,0.003180492976411431,0.006387921022067422,0.017092642261592683,-0.0021991257188122004,0.002209029407703955,-0.0004354452427607347,0.010605391073795767
2026-02-27,0.024452344267612558,0.027756442018180172,0.01033839763814104,0.009668721254565193,0.022354126384573236,0.011319443208684055,0.022437601506507976,0.06533481270984609,0.005019815059445154,0.012694748990190519,0.0,-0.0066121097706501875,0.0038572806171648377,0.008277063820518515,0.03410581547879321
2026-03-02,0.0725716647794934,0.06281717285497268,0.012138226051920498,-0.018319616141515782,0.08592602034872909,0.035327062510450036,0.14086340137578057,-0.04745260851258415,-0.008675078864353258,-0.012535612535612528,0.014357925277743488,-0.02282095786697702,-0.006175380815150233,-0.0062648520198747,-0.028329809725158528
2026-03-03,0.04708005869157739,0.046749881296137996,-0.03537538573859522,-0.02052757954391571,0.09877947341255466,0.031756709952525775,0.03661524464858101,-0.06072448312932743,-0.0013259082471492878,0.002308136180034559,0.0016085297050614233,0.007135946461693132,-0.00041425020712515526,0.004999999999999893,-0.003916449086161844
2026-03-04,0.0,0.0013412836211137424,0.0021468859575475285,0.014116229997471974,0.033543637543898885,-0.0448591519168261,0.023398666722679984,-0.003497139494463175,-0.0018587360594795044,-0.005757052389176787,0.013168454934899376,-0.014170672774506898,-0.0017958281530597864,-0.0010815487778498278,-0.009611183923110556
2026-03-05,0.049262924583061585,0.0850522121973023,-0.0109061868989202,-0.0174210480237319,0.09730399106085996,0.029482332546097112,0.06203035478380081,-0.01144829230293809,-0.0071827613727054596,0.022582513028372997,0.03534632329755749,-0.0016334530873249875,-0.00429006365900908,0.00801212646167171,0.028231142479047122
2026-03-06,0.08523590290544059,0.12208368261757263,0.0157520619299083,0.000695321931401871,0.0022411069303003295,0.06093908973009787,0.028342432587102673,0.026062966254028375,-0.000267952840300123,0.01245753114382775,0.013625220358336243,0.02454188432659765,0.0012508686587908713,0.018259935553168738,0.04890604890604888
2026-03-09,0.06764479963230086,0.04257420299476822,-0.010661600387240178,0.00755600952315949,-0.00988294493013997,-0.020715700222097455,0.022500547956501915,0.00257702328550935,0.0008040739748056414,-0.021252796420581643,-0.006947577266777749,-0.013733689641402425,-0.0006940588561910044,-0.0037974683544304,-0.02167689161554187
2026-03-10,-0.11277279846363608,-0.11944708342091537,0.027117561190381778,0.01784327055792545,-0.06691574337025052,-0.03205125266043052,-0.059856104993826875,0.060108085513283616,-0.0013390465988216693,-0.0028571428571428914,-0.006387804850879308,0.009715026290775919,0.0008334490901513725,0.00571791613723005,-0.022157190635451518
2026-03-11,0.04760820227661822,0.045536287486201754,-0.012018084131618867,-0.009908505251952748,0.0992649389904634,0.06258282479913224,0.05605423623025052,-0.045103978687745516,-0.011263073209975882,0.01833810888252141,0.026787080222736792,0.014753066977571505,-0.00402498265093687,0.011160244261949837,0.006412997007268162
2026-03-12,0.09219390539302297,0.09719201555224743,-0.010291419737739838,-0.0035924913993112817,0.0598292703191432,0.007478943160091456,0.06322850714212547,-0.004643557998285197,-0.005424464334147006,0.009003939223410251,0.003875886996705047,0.011061947116045356,-0.0050167224080267525,0.010412328196584664,0.006372132540356734
2026-03-13,0.02667728777224343,0.031129171869220817,-0.012505289285075327,-0.01888576391612118,0.02970065990867088,-0.03154964331238841,0.025905642347693547,-0.04436042028260212,-0.0035451322607035207,0.009481316229782433,0.0,0.0,0.0,-0.0016488046166529546,0.044322498944702415
2026-03-16,-0.028407992267933335,-0.0527808644797384,-0.011754943537568896,0.01329953876674872,-0.04413775459543845,-0.034493784288375795,-0.013513521988223198,-0.008045591180475098,0.007936507936507908,0.0033149171270718814,-0.050490019246831164,-0.024069965102733737,0.004201680672268893,-0.04603633360858794,-0.034357316087307965
2026-03-17,0.03203272242091093,0.02898394742751509,0.0011994721853840762,-0.011052608218068527,0.04646251451169214,0.0033079690562181074,0.04102924547268505,-0.00913249821867046,0.0019006244909041126,0.0,0.03174855548317401,-0.0016015374133567795,0.0009762900976291178,0.001514823631248552,-0.012557555462536674
2026-03-18,0.03829045788613983,0.0011433386487715858,-0.022363323276259672,-0.030123134983010336,0.045321022025963,0.010550631365100038,-0.00797206882888113,-0.028819311606618325,-0.005149051490514922,0.020374449339207068,-0.0066697352321430925,0.03208212899702412,-0.004040685523199139,0.004105445116681095,0.024586689275116536
2026-03-19,0.011827195985707695,-0.0018687739383937974,-0.05933172427837352,-0.021786066842027774,0.03435128941292742,0.032952636302693517,0.00923026540908456,-0.08203214247226243,0.0008172160174340082,0.01403130059363189,-0.0018311478623956878,0.03357161138687914,-0.0029378847229994953,0.005810200129115595,0.006206040546131497
2026-03-20,0.032581692276222984,0.02267526855643509,-0.006687428982046439,-0.01665744091076682,0.06135418238461199,-0.02242573065206055,0.050877828070858166,-0.021748325965454396,-0.013064779531845372,-0.009047365620010628,0.0015287948100057847,-0.013533834586466176,-0.005051213694401535,-0.006204535729567806,-0.020970394736842146
2026-03-23,-0.10918976498282762,-0.10364119683721551,-0.036634702667568186,0.018156226752237048,-0.11986799130634074,-0.06591276067835983,-0.09472948538821047,-0.004483809206179967,-0.0011031439602867676,-0.012889366272824887,0.0010685344610223968,-0.004268274074647471,0.0011281906642222062,0.0019375672766415164,-0.012599748005039935
2026-03-24,0.04552726947381158,0.04788382335436259,-0.0012025060518604525,-0.003125236139374765,0.057914197296535574,0.017986871391609816,0.05818682787242935,0.0032585332501104958,-0.004969630038652695,0.006528835690968515,0.002287305911721882,-0.012859804435215061,-0.00450767713762501,-0.007305543618392751,0.0038281582305401685
2026-03-25,-0.021724535261508526,-0.02198157891540986,0.03414352673500676,0.019640326291151533,-0.06632646824475175,0.0030580442693790566,-0.04307499680581206,0.044562142988201936,0.008324084350721517,0.010270270270270165,0.020842766578726968,-0.008064535213206048,0.004245082779114284,0.014502164502164572,0.01313559322033897
2026-03-26,0.05664254398731772,0.046058499514673557,-0.03866177702504847,-0.014921321003698695,0.06666995960399058,0.015921467243491083,0.039105032789678695,-0.06481395278465363,-0.007705008255366019,-0.0005350454788657366,0.013710852307994292,0.007192052527643877,-0.006481611948710775,0.0017068487305311741,0.01212881639481389
2026-03-27,0.042218289680638454,0.05461468934564939,0.02655215604471084,0.0037639188039926275,0.0519727305461557,0.032010654821898354,0.038304259041618494,0.02769281694131287,-0.00443704936217415,-0.010706638115631661,-0.008967847854476685,-0.02111151251689669,-0.00014182385477234938,-0.012353567625133066,0.0
2026-03-30,0.0018654977795324879,0.03251704018081458,0.007456872565386741,0.0016462089832387505,-0.029184809477810547,-0.06720515113542325,0.031199083151022045,0.01120137104211083,0.011699164345403856,-0.0135281385281385,0.015724632858751253,-0.0012686137392019514,0.005957446808510625,0.0004313133491482546,0.0033057851239668423
2026-03-31,0.049388187223909696,-0.014580093701841212,0.026867012297006276,0.020361626484978634,-0.04603249349911498,-0.0010391482139335828,-0.011696275434456727,0.06208414053821709,0.0033039647577093323,0.004388370817334009,0.005987965903393011,0.004763417050090757,0.002115059221658111,0.009700366458288423,0.015238879736408473
2026-04-01,-0.14524710632565452,-0.012428433033849329,0.035609776341011035,0.00653243427093253,-0.025604140880555626,-0.02253816081894966,-0.06669083747234983,0.015758391822972673,-0.0013721185510428002,-0.0076460950300382136,-0.025696816400186173,0.005689059245480799,-0.0005628253834247809,-0.002134927412468013,-0.030425963488843855
2026-04-02,0.07779749735354446,0.11406310283321663,-0.0277160041630361,-0.010846349486870133,0.07500993802574274,-0.006739997647107199,0.06359584802754781,-0.041282722241938075,0.0019236053860951507,-0.004402861860209106,0.0272686904248427,-0.009428032322161273,0.000281571167112471,-0.004278990158322671,0.001255230125523088
2026-04-06,0.006787103293172336,0.007799916975443688,0.0010684445138191556,0.0036850090820204073,-0.00749812210730727,0.003928627353542602,0.006143483892824264,-0.0010173574886594983,-0.0005485463521667233,0.003869541182974112,0.014650340456462185,0.004441604829522827,-0.0018296973961998697,0.0027932960893854997,-0.005014625992478039
2026-04-07,-0.004554978730898829,0.0048037831913605444,0.0,-0.006984872386811114,0.03442373310251612,0.02098889169630791,-0.0009067718604663932,-0.01149181373908359,-0.003293084522502765,-0.011013215859030812,-0.003288001966736953,-0.0151611440872097,0.0004230118443315778,-0.007285193914720378,0.00461990760184805
2026-04-08,-0.13288182565335294,-0.1641433712886997,0.019745126933107704,0.03877719496245979,-0.14941705819130313,-0.050871050267942586,-0.09055433399980695,0.047308812893301466,0.006057268722466924,-0.0038975501113586164,-0.032989142448190845,0.0073765824265332736,0.0033826638477800763,0.003237642995898904,-0.02968227424749159
2026-04-09,0.012348265635306666,0.03664864898063014,0.008540526463080456,-0.0019966805609978877,0.03376749380086008,-0.019823752302349784,-0.001729900985575572,0.013998210909798914,-0.0005473453749316182,-0.007266629401900482,0.004153052312390049,0.011142947889171806,0.0,0.002796901893287407,-0.009909521757862971
2026-04-10,-0.007506268082230094,-0.013282957139829188,-0.006351203332555011,0.021311750120080353,-0.0445516934410668,-0.008239727999234225,0.012197191639371496,0.000616136843992976,-0.003012048192771122,-0.006756756756756799,-0.00901034915581933,0.044710268943839004,-0.0012642225031606058,0.009010941857970467,-0.006092254134029584
2026-04-13,0.04369751885991202,0.025991530953323627,-0.004177633038386586,0.017971168186445396,0.019273710688284096,-0.00793047901515842,0.02591111327413631,-0.01049466615100314,0.0024718483932986146,-0.00170068027210879,-0.008794102997400355,0.00030140478358919864,0.0012658227848101333,-0.011482032745056325,0.019702276707530553
2026-04-14,-0.045994360575196125,-0.07872429256771629,0.017347022906939902,0.01581326430790786,-0.05471949206352367,-0.010658589780020544,-0.024550686941632094,0.05121613391156288,0.005205479452054851,0.006246450880181609,-0.0009022189262217761,-0.006628447514040237,0.002668914173338921,-0.003656700365670007,0.01674538428510086
2026-04-15,0.0014769425920060364,0.00010957642817954749,-0.005463804759989532,0.0002471179845415783,0.035565502582127984,0.004232365556321671,0.009771357406118897,0.0012595694169588167,-0.002725538293813057,0.018623024830699775,0.017459301476363542,0.014255327617342717,-0.0015410479125805843,0.007772020725388629,0.002956081081081141
2026-04-16,0.046981976931790737,0.03724396419959519,-0.0031719654737100145,-0.0009057707112199997,0.02123521048259125,0.014176314474301233,0.030789803092605483,-0.011133267121244517,-0.005192675594424712,-0.006094182825484795,0.025591766212774036,-0.005083677393784125,-0.0012628034236004115,-0.0027849185946872135,0.008000000000000007
2026-04-17,-0.09065300524761721,-0.11447886458755663,0.014828587206488386,0.006099019420354956,-0.11362157624355984,0.01020020765023677,-0.05022600666791266,0.039844236354957596,0.007417582417582391,0.0005574136008918984,-0.01687578448066962,-0.002705213047910715,0.0044956448440574,0.003007518796992459,-0.012113617376775299
2026-04-20,0.05642848261231559,0.06869412332795921,-0.010410749231919647,-0.011059247262121819,0.04223820973986303,0.005609523689792395,0.03727369060413577,-0.021862568036422614,0.0005454049631852254,0.007242339832869149,0.02156680622547813,-0.020192832838901942,-0.0005594405594405716,-0.0012850717498393838,0.009725158562367886
2026-04-21,0.03142019160582854,0.02812182374625838,-0.02261425435886688,-0.00571564720337292,0.05306562365523848,0.002975134155896786,0.029838274213028537,-0.04427703775534653,-0.00408830744071953,0.0038716814159291957,0.0360477126991019,0.0006151389901525306,-0.0032185838231177932,0.007505897490885705,0.01340033500837512
2026-04-22,0.03482940889780428,0.009009029152271086,0.007076850083195918,0.019745022627418285,0.056077023368895196,0.009269505636384956,0.04613991496765513,0.019395042186772793,-0.0002736726874658091,0.001101928374655614,-0.006376477520994572,-0.01444814591399357,-0.00014039028499224226,-0.008514261387824629,-0.009504132231405005
2026-04-23,0.031007711894428525,0.03108863401582318,-0.00610140963601935,-0.007271221396587535,0.012773275614149204,-0.03967663712419178,0.03103133735722241,-0.031170984224539455,-0.0027374760470846304,0.0027517886626307053,-0.000278971023734198,0.0,-0.002106149957876946,-0.004079003864319475,0.019190654985398403
2026-04-24,0.002474561121020624,-0.0151277722621318,0.0035774560422840995,-0.008558973858681207,-0.02527456964704644,-0.034812577373165454,0.00014441054741021198,0.012164671589756981,0.0013724951962668097,-0.001097694840834218,0.003488696444655437,0.011540803552756218,0.0015477698044181754,0.0034490191851692664,-0.004093327875562824
2026-04-27,0.027532530859824655,0.020868656661653384,-0.009955853952519855,-0.0009130638024508198,0.02245718582046652,0.010701526115150184,0.00820191311871632,-0.018066910495378785,-0.0027412280701754055,0.012637362637362592,0.004867173637838507,0.0292938648090999,-0.0016858668165214974,0.011600429645542532,0.02178380600082197
2026-04-28,0.027995922436629517,0.03694093034276702,-0.018173357781551047,-0.017198386043330016,-0.0008805657695053482,0.0035294365140399186,0.019879711643957965,-0.023972328580207147,-0.001374381528312263,0.009766684753119925,0.015499516801507962,-0.0011983041075857015,-0.001547987616099089,-0.0036101083032491488,0.04424778761061954
2026-04-29,0.0608484317192175,0.06954865332750537,-0.010177046987588367,-0.006086778312693886,0.05728746033061127,0.03438845588240769,0.05075274217525805,-0.022348221378228894,-0.007431874483897594,0.002686727565824887,0.02630144967858916,-0.01619674263749682,-0.0045102184637068055,0.00788576300085242,-0.010400616332819745
2026-04-30,-0.03405910941830437,-0.01693485783221116,0.014929320981311056,0.008080315324946907,-0.014361558114011186,0.04533429625493701,0.00812596219653039,0.02745597019921342,0.001386577925679422,-0.0037513397642015,0.013942412505602242,-0.01737808599704649,0.002123743451791116,-0.00021146119687032172,-0.028804982483456643
2026-05-01,-0.051223610717127555,-0.029789637979528383,0.0032183994361183466,0.001012494404646791,-0.04639477746716325,0.004698233332951274,-0.0467453383685178,0.03286914800283203,0.002215452783162597,0.007530930607853703,0.003797811854496347,-0.004654049198920651,0.0004238485447867202,0.004864636209813922,0.0012024048096193063
2026-05-04,0.05796435590826321,0.043947377086969386,-0.02394233939336854,-0.023095091069303297,0.032130625641560995,0.031295011691515606,0.03977522391199306,-0.037905991221138136,-0.00828958275766789,0.01174586225306995,0.01787338669164873,-0.000311644606426964,-0.00423668973308855,0.01662807829930535,0.008006405124099336
2026-05-05,-0.0399335861353558,-0.03899644425186555,0.0077648063946933465,0.02553921683180005,-0.010556864103992925,-0.02755493315215629,-0.03145898179282325,0.0004927073774445567,0.005015324602953397,-0.017414248021108136,0.004870608807521215,0.005924520811236622,0.0015600624024960652,-0.009730848861283614,-0.02065131056393965
2026-05-06,-0.07827437779674729,-0.07030404857746886,0.027536347748166712,0.03255932141649609,-0.06069179130666069,-0.02080347400142979,-0.0445506116629133,0.050651026067340954,0.00803992237316331,-0.027389903329752996,-0.024107134602855518,-0.008679535826321083,0.004106485414896666,-0.014007944804515948,-0.01703163017031628
2026-05-07,-0.011948248489998314,-0.002839758805860182,0.0035362244311012425,-0.0014666055075955864,0.008188962849565495,0.014285726761830375,-0.0009539362050252631,0.03762481288062669,-0.004125412541254092,0.0,-0.018559740670395453,0.004690431698737507,-0.002538428994500075,-0.0016963528413910245,-0.0070132013201320564
2026-05-08,0.012292658274484891,0.006433927075829571,0.00420308080816989,0.019828643675917634,0.02161609262279862,-0.00433372469913107,0.020457155195934718,0.00870754790400552,0.0035901684617509755,0.007730535615682044,0.002264027255705958,0.003734865398763887,0.0021207408454686494,0.014655904842820755,0.009555463232239214
2026-05-11,0.028828098949080783,0.02777197208898463,-0.0004227703970718366,0.026324173110276128,0.017824618070759524,0.05549514618855422,0.020727617777438923,0.06331244704049799,-0.005228398458998362,0.009863013698630185,-0.007706641171824735,0.016744167120881892,-0.003103837471783333,0.004605400879212906,0.02427983539094658
2026-05-12,0.03416176556827355,0.04190884697808839,-0.008881933357000271,0.011148406210697237,0.04792624319523897,-0.023024106083974982,0.027195930551699332,-0.0041528145803230165,-0.006085753803596106,0.014107433532284386,0.021692591590278143,0.015248551671454003,-0.0033965468440418922,0.01146072098353823,0.06870229007633588
2026-05-13,-0.01985709804497915,-0.01135255097518939,0.004267394790902879,0.02320737357142799,-0.0461912191703483,0.007386615316519851,-0.021364630900290726,0.0441442893939763,-0.0019482326746451673,-0.0016051364365970988,-0.013630417744831091,0.02943832529355417,-0.0002840102243680809,0.001442109600329644,0.0
2026-05-14,0.0008520682535779756,0.001484869638324282,-0.004546792813851397,-0.010247884899679871,-0.015403233145080408,0.010474850045623318,-0.003592453462686107,-0.04473042371257829,0.0036252091466815184,-0.032154340836012874,-0.005846431423291554,0.0,0.0009943181818181657,-0.03353219502160054,-0.02706766917293235
2026-05-15,0.03348468477726518,0.0420085013039424,-0.02633767474608395,-0.04811571819334659,0.037843088394712066,0.02280579942061145,0.02667997584141446,-0.09128273055260094,-0.016393442622950838,0.009413067552602516,-0.012563518380651284,-0.024511304682965362,-0.008514261387824629,0.002128565346956046,-0.017387944358578045
2026-05-18,0.025993010089360835,0.030734258674256942,-0.0008548855580426951,0.003279165935056172,0.015073766592365923,0.021621584613624956,0.01588373051300529,-0.0011405381263553949,-0.002259887005649719,0.04662643993417448,0.023687060978051733,0.0005983015684556392,-0.0014312294260769853,0.030586236193712812,0.04522217852929611
2026-05-19,-0.007314894790239612,-0.008190750865521235,-0.010267618404453671,-0.017059929354809378,0.011666024625634375,0.029761955915426075,-0.017151087211420557,-0.029128166466576455,-0.005096262740656887,-0.0036687631027253476,-0.0025121620905933506,-0.00657701706137892,-0.002866561559409453,-0.002885408079142615,0.004138449962377777
2026-05-20,-0.056254512984368565,-0.08824343326587436,0.005342172444495308,0.02035688612417008,-0.05174774425948192,-0.035324383627886924,-0.05649040771887426,0.013671285549053724,0.009675583380762687,-0.019989479221462436,-0.010339326008143912,-0.0042130422747912455,0.0064683053040104355,-0.008061182306738357,-0.010116148370176048
2026-05-21,-0.02323362111983851,-0.019438261964021653,0.001587589712384263,-0.005325521608140038,-0.02926198361289778,0.004660432491627287,-0.030911282092231374,0.0074224935128368585,0.0,-0.007514761137949577,-0.010581313645558699,-0.007555152753439098,-0.0015709797200800235,-0.004584288393415292,-0.019682059046177147
2026-05-22,0.009358540332780718,0.0025947068392238037,-0.0042487186984039305,0.013584791203699487,0.014667509183527105,-0.036779266651915,0.021984864977738994,-0.0068181709262304935,0.0031003382187146933,0.0021633315305571443,0.0014891106844672208,0.010657734668238827,0.0001430410527820669,0.0018840276324052496,-0.0019305019305019266
2026-05-26,-0.03824607928778567,-0.02805382119336841,-0.004620708728890532,0.0029959087642548177,-0.044549589231118736,-0.004471968061260823,-0.06757581277787972,0.005428729602680926,0.008710311885361088,-0.012412304371289817,0.005136486025616671,-0.009942717245116861,0.00529176201373005,-0.008775595486836596,-0.01663442940038684
2026-05-27,-0.05312312530885721,-0.05549045817809506,-0.01197163775891441,-0.008803683722559241,-0.03152425501095557,0.050449172685898214,-0.02695236721776728,-0.022357660375011634,0.001949860724234087,-0.010928961748633892,0.012103301754863294,0.0060864271541429815,0.0007113387395076831,-0.000632377740303558,-0.020456333595594067
2026-05-28,-0.006151254909566695,0.002480843707104441,0.0114422946365349,0.014433002789251637,0.005892964872643347,0.08059214705658135,0.016434273784606823,0.014021603953429329,0.003614122880177817,0.007182320441988965,0.01913360046688739,0.010586811661776219,0.0012794995735001535,0.007804260704492805,0.002409638554216942
2026-05-29,-0.017714182573179582,-0.01732284464673539,0.02082550605204836,-0.005706688185472042,-0.02249424295595548,0.0015220322349167592,-0.018366209952216717,-0.0003833608288743573,-0.0008310249307479367,-0.01974766867800326,0.013298622073599997,-0.012870452654869413,0.0002839698991907724,-0.0064880703223105796,-0.02163461538461542
2026-06-01,0.03183052914760154,0.054945089494299326,-0.01887659379762685,0.025866850898241367,0.028863792244430586,-0.03373862076662082,-0.013432634377814168,-0.008053765762566112,0.0,-0.00615556799104644,0.017627317237130402,-0.010006027638303938,-0.0019872249822568966,-0.0050558247314093085,-0.002866502866502918
2026-06-02,0.01073906724590512,0.017361093864397548,0.0030180188282420417,0.019236622028355965,0.016293879690135737,-0.0037747234599389,0.01932112501226979,0.004052864529455746,0.002772387025228751,-0.007882882882882858,-0.008597707766683449,-0.0009187987533498809,0.0008533636751528739,-0.01312724962947276,-0.00944558521560579
2026-06-03,0.018854141235351562,0.024104036426452202,-0.011725923393240967,-0.02534024352219988,0.04039256976130168,0.01484052116026957,-0.004039080538210449,-0.02436561932975878,-0.0038706110035940933,-0.020431328036322416,0.003825984037139518,-0.01655433541380502,-0.0021315901662640746,-0.009654580562111104,-0.026119402985074647
2026-06-04,-0.028422439921149123,-0.031035157589273332,0.008529427228995967,0.0046289477018301994,-0.0452950697148673,0.03795892331237449,-0.029793035064951456,0.004123814747214238,0.0016652789342215257,-0.016222479721900385,-0.030745752726386577,-0.022132094314540773,0.0011392765593847276,-0.021230502599653422,-0.009365687526607047
2026-06-05,-0.020414631867057276,-0.02687016310618695,-0.03101003225582688,-0.038012584370184954,-0.023517892166374565,-0.032074303122354375,0.0025014215029810494,-0.06554708764233308,-0.004710446106954813,-0.01648998822143699,-0.028444070558447887,-0.016576385096215507,-0.004551920341394067,-0.007082779991146482,-0.003008165019338205
2026-06-08,0.012461099019693611,0.00839410347410463,-0.00043522837577159024,0.010537236767017566,0.00348443101539031,-0.02539486368571342,0.008109237175638162,-0.007513420299923745,-0.00222717149220486,0.0029940119760478723,0.005936249267503024,-0.01880060872923417,-0.0004286939125464073,-0.005127061970575109,0.005603448275862011
2026-06-09,-0.029708255191064348,-0.033954063525695966,-0.0176467895960305,-0.004265807156949242,-0.016139333038613257,-0.0022243308919484006,-0.016120623991092486,-0.0486810541932845,0.0025111607142858094,0.0017910447761193549,0.004694288022750737,-0.005285781430432568,0.0017155110793423134,-0.001792516244678466,0.0034290612944707366
2026-06-10,0.018042663542271686,0.020748320797886022,-0.035717642110932535,-0.008488647454472531,0.019989854184872646,0.014331158080244544,0.02939325151766825,-0.0076044294884635155,-0.0019482326746451673,-0.0011918951132300348,0.005606703356200171,0.0026568840144549632,-0.0007135721421436259,0.008305274971941667,0.003844510892780928
2026-06-11,-0.02921591047565053,-0.025769185008116646,-0.004669345462337993,0.0016002163432060623,-0.027542539130747,-0.030769246892211943,-0.002733238749922706,-0.011052813707612463,0.010039040713887282,-0.017303102625298328,-0.011681997363893859,-0.0006624103792519653,0.004855755498428982,-0.007123775601068583,-0.001276595744680864
2026-06-12,-0.03374635444844443,-0.03226544134756104,0.030335392486023238,0.02740057689755515,-0.03094127733481533,0.010689988180246024,-0.01663764141641577,0.062205571613755284,-0.002760905577029238,0.0024286581663630624,-0.0022833871848711995,-0.0013259012193476138,-0.001421262080727681,-0.0013452914798206539,-0.0038346825734980605
2026-06-15,-0.04763544686689869,-0.04865689664300343,0.026611375428490236,0.008086470030260084,-0.04050643566967049,0.0086539069929088,-0.03364150500305352,0.03252333065187529,0.0016611295681063787,0.0066626287098727754,0.001211685093756909,0.0023233064566607897,0.001138627953316318,0.005163897620116709,0.008982035928143617
2026-06-16,-0.050619203765290166,-0.05820429657265869,0.0006433965954288912,0.0010026636678703849,-0.029481061324338698,0.029234193026616673,-0.022631643707256788,-0.002383464339120289,0.005251520176893232,-0.004211793020457266,-0.01949716988148642,0.009271482758174576,0.002558999147000307,0.009604645968282366,0.010597710894446832
2026-06-17,0.007472188122165102,0.009730412019390844,0.006200624794582499,-0.0011557551248237985,0.0076966736991948,-0.029021333346484712,0.010102392106801528,0.011402123730680946,-0.0010998075336815516,0.017522658610271913,-0.01892481195927498,0.0,-0.003403289846852009,0.001769911504424737,0.02810402684563762
2026-06-18,0.003771155384721947,-0.00247431226905781,-0.03092618866575425,-0.0165085780291776,-0.02106682496557233,0.02798094106884008,0.029316733622878344,-0.06281829163980401,0.002752546105147191,-0.008313539192399078,-0.025859637272097946,-0.011482940092429783,0.0009960159362549792,-0.008171378091872739,-0.011423908608731104
2026-06-22,-0.024420751227367532,-0.023237582438049742,-0.010174452536529044,-0.002823695916345348,-0.01093593605231502,0.006186198787111019,-0.002637817506335405,-0.010987802525858847,-0.010156464452374392,-0.014371257485029987,0.020949907207998608,-0.0049784270188244495,-0.006254442075337652,-0.006234691605433107,-0.013619479983491556
2026-06-23,-0.01052631166575535,-0.02151831885750377,-0.012682392388635888,-0.03390235974562783,0.019882911205557408,-0.032585289243950766,-0.009373912968518083,-0.0535199222704571,0.0011092623405435376,-0.004252733900364514,-0.007870768460694899,0.010340247597529606,0.0012873694750392684,0.001120322652923944,-0.017991631799163188
2026-06-24,-0.04333165396915584,-0.03920233277520613,-0.03388438251907422,-0.03224229944070056,0.0068471465990131986,0.023514420081101717,-0.026089953175205127,-0.06397939842064648,0.011357340720221654,-0.006711409395973145,-0.01600789505653255,0.002311034074403029,0.005714285714285783,-0.007385854968666061,-0.001704303365999138
2026-06-25,0.020613023006442965,0.02246235304683375,0.009678718907286887,0.02145382141304597,0.03841067387442143,0.037876429891576135,0.05048925945705118,0.005098901740131945,0.0,0.01904176904176902,0.019435624703641574,0.015151534950718082,0.0008522727272726183,0.016910935738444266,0.008962868117797784
2026-06-26,-0.043449431034320196,-0.03740259844963745,0.012031748655073171,0.01169592296956945,-0.027287586294090227,-0.03350283898551076,-0.023188970102263284,0.014893389448898287,0.0005477951246233292,-0.004822182037371947,0.0069200043787402965,-0.003893615053542354,0.0015611694578483437,-0.0011086474501108556,-0.021573604060913687
2026-06-29,0.016113400424104807,0.02195574995467875,-0.014012622386199824,-0.007164397753077201,0.03849514044342195,-0.015475070610567077,0.03527105107677375,-0.017596295549275,0.0,-0.02604482132041186,-0.03127634307834182,-0.007491816915207616,-0.0007085163667280847,-0.015538290788013276,-0.015131863380890564
2026-06-30,-0.0031442700223625053,-0.017667844522968212,-9.901268994505497e-05,0.01558019998460991,-0.0044721819832787,0.02955048766380597,-0.015352431014446388,0.022380781610660705,-0.005748699698877591,0.02674129353233834,-0.03373391981105345,0.0,-0.0026942711287577525,0.0072153325817361225,0.019754170324846276
2026-07-01,-0.018513418925125813,-0.01323738372583183,0.01087034848180024,-0.011142550321430966,-0.029817919749091204,-0.016793913024613638,-0.022956488451204682,0.010222403317594164,-0.007433920704845831,0.019987886129618326,0.004195366920274779,0.00623562133365918,-0.002843736669984387,0.008506827848667964,0.01937150236762797
2026-07-02,0.003213683916645671,0.001603975027917759,0.010606577994451527,-0.0014697190682694261,-0.011094217458576083,-0.007453394166104688,-0.009473034382400991,0.00928688492013352,-0.001941747572815511,0.009501187648456089,-0.0010444598378156478,0.0035877563001229795,0.0,0.004883462819089912,-0.0025337837837837718
2026-07-06,0.0026461671857418434,-0.0020381334207676405,0.010131566209050202,0.010385138121736581,0.03651560929201625,0.015331597264184094,0.029479301437564498,0.021057608953627627,-0.0005558643690939391,0.03705882352941181,0.01792389294004626,0.02372436627677832,0.000570369314130792,0.04462116191738463,0.026248941574936513
2026-07-07,0.030143156865294785,0.027571105842568944,-0.0024235387297540933,-0.0010520827665200239,0.0010005427015318258,0.006163396009379873,-0.016448524472933657,-0.01597219706608377,-0.006395995550611766,0.003970504821327214,0.009391039990005012,0.010793631417410632,-0.0028502208921191707,0.012264749418481768,0.005363036303630331
2026-07-08,0.05204952522041495,0.04372507232977707,-0.018040121653372432,-0.018958129967037496,0.10776263772956374,-0.016232836144810414,0.05061101871697571,-0.045411995570440955,-0.003918275958578188,-0.017514124293785294,0.03779616862214952,-0.012248724784059806,-0.0030012862655424133,-0.0014622937121370194,-0.01600328272466145
2026-07-09,-0.02204554813270998,-0.01958643740155175,0.01430528702252376,0.026509215766900462,-0.023486006182130148,-0.0622664433113046,-0.02084806611986245,0.03806472786342319,0.001966844619275099,-0.016101207590569322,-0.013167144550256915,0.015898251192368873,0.0024369266055046523,-0.01276150627615058,0.01959966638865729
2026-07-10,-0.0038007982166216037,-0.009295201885755944,-0.006544535030242882,0.002976645337507078,-0.005123769924066046,-0.023904390669569953,-0.017803677485039082,-0.009423966671152417,-0.0025238362310712192,0.02396259497369968,0.005819782538962981,0.01126762473713816,-0.0021450021450021284,0.014197923288832293,0.03394683026584877
2026-07-13,0.0959084424502672,0.09424443890779477,-0.02625379561293495,-8.024419325403098e-05,0.07607017623906143,-0.014625844216654693,0.06087917548041588,-0.03636575274403209,-0.003935901040202472,-0.0005707762557077833,0.030764892554309586,-0.01949866354545493,-0.003009458297506429,0.004596740493104878,-0.007911392405063333
2026-07-14,0.01716686978135229,0.015357012511074464,0.015977232638524574,0.015562349616128124,0.04987441496691991,0.002416282120359936,0.019265347306279823,0.01974529809793979,0.0016934801016088574,-0.00913763563677894,0.0,0.008838441977392808,0.0020123616501366293,0.00436772046589029,0.006778309409888328
2026-07-15,0.002596407206333362,0.003277062619503779,-0.0043983346582088245,-0.00576618918668903,-0.016441219362323678,0.006887045669554226,0.02280545825118674,-0.028278751223410392,0.0028176951253875426,0.03170028818443793,-0.0016429729610877297,-0.002190275950134102,0.0034428346004877763,-0.004141644232760422,0.07326732673267333
2026-07-16,-0.008475498730709408,-0.008165848471595516,-0.014734179982336837,0.0003972443380748647,0.020869823560705436,-0.0225718140155714,-0.004907772334488358,-0.021222234067310164,-0.001966844619275099,-0.013407821229050265,-0.006719663687240862,0.01254311720463197,-0.0014295925661186315,-0.00603035974215016,-0.004059040590405849
2026-07-17,0.04594556527307714,0.04483851871264899,0.006688196818398939,-0.01207119021235692,0.008410395799546055,0.01854442706589743,0.03287972806911221,0.002504551014872014,0.003659909909909942,0.007361268403170973,0.032859274380645065,-0.00836166534682159,0.0011453113815318439,0.00794979079497904,0.011856243052982496
2026-07-20,0.012712857729628935,0.00897085116169083,-0.0007216448813422982,0.012700964445349072,0.013383842768325716,-0.017519793205668432,-0.0010905821251769865,0.013633605116396996,-0.007012622720897643,0.010680157391793177,-0.0017376989394519704,0.010306020197260679,-0.003718003718003682,0.017849730178497225,-0.012815818381545219
2026-07-21,0.020062776182881104,0.020185032289030014,0.015065116529595635,0.03365619577954826,0.001845066934902606,0.0017482918266857883,0.004986740296666126,0.03579101110299776,-0.002259887005649719,0.007230255839822064,-0.005088340276715675,0.009891846080467559,-0.002009473230945913,-0.005301794453507314,0.005934718100890191
2026-07-22,0.03362265121160335,0.022612155059912098,0.018521244678813442,-0.009215165310745732,0.005379757842143729,0.020942388335015272,0.002583760459994755,0.02012410879632176,-0.003114382785956993,0.02043070127001667,0.01588156469325841,0.014998450301187072,-0.0020135193441679355,0.011070110701107083,0.04092920353982299
2026-07-23,0.07037315582075276,0.06172982261108917,-0.024494798420950703,-0.022632209029555428,0.04647128081259089,-0.003076944645888924,0.023925992281960573,-0.03700495899831324,-0.005112184038625345,0.0043290043290042934,0.0014572466357332114,-0.005126695343004806,-0.003026372676178113,0.0036496350364962904,-0.013460857244066649
2026-07-24,-0.038832094222906566,-0.031239882921610285,0.005086192757048913,0.0023791187519677237,-0.03708305166559678,-0.015432043752590885,-0.028743880397941624,0.014844767799989889,0.002283756779903001,0.0005387931034481763,-0.01666879968089574,0.004243691792621407,0.002168256721595929,0.00848484848484854,-0.02621184919210051
2026-07-27,-0.08700142875747297,-0.07501956255061493,0.0015230301408835079,0.003006337482545751,-0.016504865664144552,-0.03622434332540514,-0.020200812486480646,-0.0031369018252613845,0.005126744517231607,-0.026925148088314477,-0.03861163293262504,-0.03169333047655143,0.00230780325977209,-0.03165064102564108,-0.026548672566371723
2026-07-28,-0.04832508197109153,-0.04055197251386189,-0.009394174350778717,-0.002681842208654861,0.009558314439296556,-0.037947242715373086,0.0021639174451055787,-0.02011216796567661,0.004533862283933043,0.014941892639734444,-0.009795647316126144,-0.0015586035505795737,0.0021585839689164388,0.002896152254861395,0.0037878787878788955
2026-07-29,0.0790819576107229,0.06560682321588307,-0.0005942264522655893,-0.007671632526146999,0.05280785859455661,0.023666403140390146,0.018983323712934652,0.009895935386103227,-0.004513399153737607,-0.02071973827699014,-0.022470377604342118,-0.015610365877478105,-0.0002871912693853673,-0.028052805280528004,-0.0026415094339622414
2026-07-30,-0.018845042150429925,-0.010300766706282993,0.015806567414790695,0.027257512513032545,-0.03677257810457535,0.012110089367160848,-0.03328625961536702,0.016452649903701433,-0.007934258996882937,-0.007238307349665907,-0.011854846270508701,-0.0038058412176059653,-0.002154553289284711,-0.0006366723259761953,0.004161937192584286
2026-07-31,0.01224310886476876,0.0129202282374683,0.001682861925174528,-0.0013189695433906135,-0.020881873437314513,-0.00398836780086953,-0.01921023616846307,-0.020811001479504543,-0.00999714367323623,-0.011217049915872135,-0.017995548719796473,-0.00604900942236275,-0.0050381459622859115,-0.004459545551072419,-0.03654860587792008
2026-08-03,-0.07046167232564204,-0.0511397416404199,-0.0040175310445580426,0.012119339688692499,-0.059274566571626996,0.012377109629064353,-0.07912216731779842,0.0013196543582607578,0.007212925562608108,0.0192853091321612,0.023390936093252268,0.0038436311420044778,0.00390625,-0.0027730375426621157,0.01838091513492368
2026-08-04,-0.052644099432226255,-0.056883244997969706,0.01518154202573041,0.016042415522081743,-0.027519845924479314,-0.035598698565433406,-0.03859508639307985,0.04142750527252059,0.00687482096820391,-0.015581524763494725,-0.00742469235847687,-0.008934230528075848,0.0038910505836575737,-0.0117647058823529,-0.01920122887864828
2026-08-05,0.001134026426391932,-0.0072587494619298365,0.03674808410816599,0.012767218100344424,0.0068160967226345015,0.0022371521762185598,-0.004698154993641235,0.034018237576318056,0.0011379800853486,-0.012436404748445429,-0.006306839296730482,-0.00418550639085824,0.00043066322136087187,-0.00303030303030305,0.00587314017227869
2026-08-06,0.03826307152041508,0.027519272284384,-0.0013007752025904207,-0.002387031281456231,0.022601530910790757,-0.017857090589038505,0.03512046487760334,-0.010628188180022202,-0.005683432793407217,0.005151688609044136,-0.0007380524244695597,0.004526428934098714,-0.0035873152532645003,0.004993486756404764,-0.017127286882055226
2026-08-07,0.012850105654492294,0.011515065068004704,0.023281257647848497,-0.017421849011545087,0.0052550354102567365,0.008333270868872145,0.015926539976350407,0.030811074102508718,0.00028579594169753086,0.0,0.006794781899604363,-0.008368220152444428,0.001296082949308719,-0.0006480881399870686,0.013465346534653477
2026-08-10,0.04991020965447568,0.05052439156847499,0.00454576428214537,0.0036527156567838226,0.07364692691502839,0.0495867664967613,0.050279700375106096,0.02801114846648356,-0.004285714285714337,-0.0017084282460136935,0.019072701768148015,-0.014281057479129222,-0.0024449877750610804,0.001080847384349326,0.0011723329425556983
2026-08-11,0.013565919115894776,0.01302812286140309,0.004841935289286559,0.0026537149949141803,0.014964980384440052,-0.00966354734260133,0.00038271374844200956,-0.005176260263284771,0.0017216642754662725,-0.00342270393610955,-0.014540773820082675,-0.0009878771764498806,0.0010092272202999464,-0.008853379399697658,-0.016003122560499627
2026-08-12,0.0007873095483186265,0.0008413425167281829,0.005944451096178138,-0.0022685823520202097,0.01211048627970479,0.013371861730319123,0.005451793551372708,0.012135483747854003,-0.0005729017473503628,0.04636519748139678,0.007450725477988085,0.02504946030456634,0.0005761198329252704,0.015032679738562038,0.03570011900039671
2026-08-13,-0.021465538211406954,-0.02425839707578037,-0.010542831036653655,-0.0006821149278000149,-0.012407072700606703,-0.027460736608000746,-0.0081491871111391,-0.010403465843460968,0.005732301519060012,-0.01969365426695846,-0.004205349758953814,-0.0035369971174136206,0.00345472865985319,0.003004936681691328,0.0
2026-08-14,0.01665323249482431,0.014153864933894145,0.0038231614146018167,0.001061808002980058,0.007598926381572557,0.0022002354110255418,0.01793474785368021,0.0017726613818078718,-0.0074095183813052135,0.024553571428571397,0.005533783208754306,-0.0038721578350657815,-0.0031559317171137025,0.004707896426278557,0.03370356185369583
2026-08-17,0.02654774279975869,0.025485417903318375,0.008203275015708167,0.0006818565254507192,0.036003661589339986,-0.015733619540308386,0.02700926680874982,0.017434037867803287,-0.00488084984209014,0.013071895424836555,0.034612589196512555,0.011013909174075964,-0.0011512447834221007,0.023216187433439783,0.0
2026-08-18,0.001650642587770923,0.005207129484097628,-0.011869391183586209,-0.01839794269751771,0.0029298441861942415,0.03197024678006399,0.00966331223697292,-0.03296986180989758,0.0031736872475476297,-0.0037634408602150726,-0.024496079789965264,0.002883671511963559,0.0010085002161071,-0.00020815986677769072,-0.01519081141163392
2026-08-19,0.006592025111454847,0.010477976972774083,0.028208773532209852,0.0007713250107319602,0.0004943993786896694,0.01368871328517085,-0.014113972121122975,0.028041463451011994,0.012079378774805916,0.021046950890447835,0.0024393480124820233,0.018849820755541202,0.002014968336211842,0.017905475744326438,0.023702031602708784
2026-08-20,0.02357559449860891,0.023301875303891384,0.005742216966487801,-0.0042389443975916485,0.00628885687816938,-0.028784596430787346,0.002396271145448603,0.03486779712872279,-0.004546746234725729,0.012156448202959913,0.018894928189116422,-0.010034436345871645,-0.002585463947141653,-0.001227244835344643,0.003675119441381769
2026-08-21,0.0065045917924049235,-0.00876698458850178,0.02388769253298384,0.01849847670458571,0.003236421959861069,0.014635917038710478,0.02605038363330192,0.021168412382529755,-0.005423922352269517,0.010443864229765065,-0.02570949456601257,0.006335128041390137,-0.002160138248847976,0.0034814663116935485,-0.0018308311973636027
2026-08-24,-0.023519453703339965,-0.023546927174947108,0.003674679885569132,0.00296371732801326,-0.05052502689555449,0.003245605097841553,-0.023029302576322186,-0.013315910031446276,0.00574052812858783,0.01602067183462541,-0.03201155399493694,0.00818374405425959,0.0017318516380429028,-0.007346938775510181,0.0003668378576668907
2026-08-25,-0.0389497277770392,-0.031172820365681475,-0.000702414922876704,0.016744940027195288,-0.005600213452132352,-0.004313473631779918,-0.00547273690786243,0.0013860495206596823,0.006849315068493178,0.01831129196337744,0.005809614264933982,0.0,0.0037458579455409424,0.009868421052631637,0.005500550055005604
2026-08-26,-0.008354092096040433,-0.001578402773853682,-0.008776269104803447,-0.0171398426007372,0.003817348835840173,0.025992789602402144,0.020658546601639127,-0.00941202442170952,-0.001984126984126977,0.02697302697302706,-0.004443060386231323,0.026225490896652826,-0.0018659394287354747,0.02137622149837126,0.06564551422319465
2026-08-27,0.021174871219219682,0.015809259020949096,0.002299485475172114,-0.001137337415667683,0.004389588026149527,0.022871237524970223,0.019306655146321683,0.021164921840503226,-0.0005680204487361618,-0.007295719844357951,0.011603671007620386,0.004563431531165341,-0.000719010641357487,0.0017939007374925264,0.016769336071184027
2026-08-28,-0.00434781943051199,-0.0015562942094785592,-0.028752165020636822,-0.003795369025781259,0.018229852746279862,-0.0065359659380479496,0.031233382488993433,-0.03505736908141999,-0.002557544757033292,0.003429691327780482,0.038088181439567936,0.024227739867508147,-0.0043171679378327665,0.015718265021886113,0.03264893975092553
2026-08-31,0.013212410003724528,0.028297368910949583,-0.010684541245317147,0.004800417628558318,0.03181304069254187,0.016274214386843955,-0.01515804871557025,-0.011553131479419165,-0.00512820512820511,0.005859375,-0.0012749163133518593,-0.010644606663443468,-0.0018788842318253618,-0.0007835455435847294,-0.013689700130378069
2026-09-01,0.04597197215511217,0.052005585044038405,-0.018989199521644573,-0.013194868918418923,0.04048676788234884,-0.010562146342382728,-0.0878382732640377,-0.02420688964700357,-0.0034364261168384758,0.012621359223300876,0.02652486165364576,0.02211594070980083,-0.0026064291920069316,0.024701039011958414,0.00991407799074695
2026-09-02,0.010353890245539121,0.008756383338931473,0.004139795222631415,-0.000845283943657793,0.0010476083771562283,0.01790635158086551,-0.009983678543817653,0.001624986274456619,0.0002873563218390718,-0.005273250239693161,-0.02583947320176594,-0.008187098809850135,0.00043554006968649084,-0.003826286588865524,-0.012107329842931946
2026-09-03,-0.0011502730681887119,0.0031864730108812633,0.028383047595641253,0.011690542142803961,-0.018922762706245932,-0.014546678460696794,0.010019986509739676,0.034763530968165535,0.0040218328066647935,-0.006746987951807282,-0.014184397163120588,0.01768867860870804,0.0023218691046291706,0.003456884962550477,-0.02484266313348793
2026-09-04,0.00795647155506507,0.0019715257301113898,-0.013942995671517133,0.0030408971411448604,-0.011624774730868204,0.021283829573527813,0.02542345553834724,-0.013826504835511733,0.0,-0.006307617661329479,-0.010359729794289563,0.00028961640325064764,-0.0017373678876502208,-0.009569377990430672,-0.02717391304347827
2026-09-08,0.01703364572539945,0.01694354356673511,-0.008399253191263556,0.021524892966431564,0.006078985536927428,-0.019831938537852145,0.01178994898023511,0.003785183446476159,-0.0028612303290415086,-0.001953125,0.02035477683521436,-0.010136113882803,-0.0014503263234227903,0.006763285024154575,0.019902234636871574
2026-09-09,0.03359886618718044,0.03246269280972003,0.004888532397499423,0.009571202459656147,0.05105303886862722,-0.03223589377127345,-0.012882446484650978,0.024812651328932622,-0.002008608321377281,-0.006360078277886538,-0.0024223164463675895,0.004388531461588574,-0.002178649237472796,-0.005566218809980761,-0.026018486819582298
2026-09-10,0.06343244962967542,0.06694430089409664,-0.011971302326283961,-0.04945986024364779,0.05342631972203793,0.004252333029691746,0.05687411296641853,-0.05384010904075709,-0.01178838412880967,0.01230920728705076,0.01814021717347125,0.01602097347966369,-0.0065502183406113135,0.016020073344914065,0.01687170474516697
2026-09-11,-0.028059060857873463,-0.023711945995085415,0.0003630562310619201,0.0003865868590551269,-0.019416677524945913,-0.0010585818150063986,-0.025344797736274183,0.004200178688585243,-0.001163805644457394,-0.007295719844357951,-0.031846193629926356,-0.005160515642096741,-0.0026373626373625836,-0.027165653495440756,-0.02246802627030764
2026-09-14,0.01022846466476679,0.01339326633700777,-0.012928395124075953,-0.021562738966760753,0.0004436365272664222,0.022960020043666596,0.0029934969803340206,-0.016126039477512788,0.0029129041654529786,0.003429691327780482,0.005071706466986736,0.007781015005853709,0.0005876303804905891,0.0039054872095294346,0.0
2026-09-15,0.029049959178263363,0.043791325260226444,-0.004388910150705305,0.0060821973861791,0.060566342015680785,0.007941989859965304,0.044647401991500635,-0.004361318550793469,-0.0037757769387162243,0.04638671875,0.007497068028987197,0.029739758459966348,-0.002202319776831607,0.02606496790507684,0.030410183875530405
2026-09-16,-0.02685055787535917,-0.03212700998821316,0.01262467637053577,0.00989239586085744,-0.0029456610447246012,-0.00959228461445416,0.005713940909455539,0.016636124234765237,0.001457725947521915,-0.002799813345776947,-0.009873995980702044,0.002221571173033565,-0.0013243084167157138,0.0013270142180095146,0.00308853809196985
2026-09-17,-0.009543627693050838,-0.005076604915719485,0.002780671296296333,0.024100164941247337,-0.025273959828798542,0.0034590073853679737,0.006398853839418406,0.01838600002349766,0.006986899563318882,-0.007019185774450154,-0.0073710379857605535,0.021612686180272123,0.0033888315898040755,-0.0005679666792881566,-0.0051317139924734745
2026-09-18,-0.009063126798397603,-0.015798258782225627,0.005727596407159252,0.004326972222761238,-0.010970172759404373,0.0037917676308936166,0.005787970945194898,0.016587727430999788,-0.004914715235617262,-0.005655042412818112,-0.014269122780707688,-0.03824248884374393,-0.003083700440528636,-0.012312938056450062,-0.01753782668500692
2026-09-21,-0.03398484947866787,-0.04506484680891265,-0.009265746323048663,0.010808813882845936,-0.03327527405315844,-0.02609889311388669,-0.01635677410934855,-0.010983274389967157,0.005229517722254551,0.02938388625592414,0.009158091204288121,0.03384094696404749,0.0023567535719546395,0.018795550441120135,0.017500875043752195
2026-09-22,-0.010863029476502195,-0.012424331348639295,-0.0017108054853146593,0.010917513412448843,0.010757726843849014,0.04548658323809751,0.005072209589032095,0.0016255566010114908,-0.005780346820809301,-0.011510128913443829,-0.013905107618350288,0.006273834573585102,-0.0030859662013225098,-0.0018825301204818956,-0.013071895424836555
2026-09-23,0.03858943910382551,-0.02568974278316838,-0.013252902224254792,-0.012057112668659276,-0.033528248556226714,0.019561581590900934,0.028530449385700374,-0.023509000804111224,-0.015116279069767424,-0.014438751746623235,-0.0017812489489340555,0.0037950499312755515,-0.009139150943396235,-0.0056582421727650045,-0.012199372603694636
2026-09-24,0.03414820120817996,0.026584167218837385,-0.004723949334261124,0.006064714614244959,-0.009651649517707028,0.09063841523493932,-0.006244745751536329,-0.014367416318053605,-0.0073789846517119395,-0.002835538752362976,-0.004758359774337806,0.01566302592964064,-0.001636417732817641,-0.0003793626707132569,-0.0021171489061396764
2026-09-25,-0.02138835658473659,-0.023253323475842747,0.005397904912168405,-0.0034234188964490375,-0.009639967427938156,-0.03063385934388252,-0.04802783971336799,0.012417889359172651,-0.005055010407374327,0.0014218009478672577,0.0049305517637829865,-0.005849540471492887,0.0,0.0011385199240987465,-0.005304101838755293
2026-09-28,0.009202445238506662,0.0020559983170915785,-0.035360614195681817,-0.01934133586051212,0.015070342310592455,-0.06132668745294667,-0.01641423482733828,-0.047085398031831205,-0.0077704722056186615,-0.009938476100331273,-0.002230174265755891,-0.032628996760108886,-0.0035762181493070866,-0.023313115996967393,-0.020618556701030966
2026-09-29,-0.02555093534001096,-0.03477323189808712,0.002710942623906254,-0.0034267496495979932,0.02998760502164588,0.0036666393280029297,-0.01782664139307255,-0.00901669294541485,-0.004819277108433773,-0.0019120458891013214,0.011026640694969503,-0.004423572157912448,-0.0005981755645282361,0.007374345041723185,0.005807622504537147
2026-09-30,0.009162710546457786,0.01163572328804885,0.0016747612682483926,0.0023687734073594147,0.012045981747220269,0.004981768619315652,0.048685261357519716,-0.009395392986510376,-0.005750605326876546,-0.04070881226053635,0.0,-0.008331019020137442,-0.0020948675744426604,-0.003660181082642988,-0.024539877300613466
2026-10-01,-0.011784035884168209,0.02709582644603703,0.0037259915081728767,-0.011739615942165993,-0.06352759059246837,-0.01949769161021886,-0.01023907188051909,0.010432941292965126,0.0039573820395737425,0.0029955067398901303,-0.012969746104763868,-0.014001679962308944,0.004348478032688563,-0.00696055684454755,0.010358860525342184
2026-10-02,-0.0005864290883145218,-0.018951244580373894,-0.009518597401209083,0.0015427690644935765,-0.030353323787003172,0.022918799469645146,-0.02650912420867857,-0.012317781848184328,-0.003032140691328067,-0.008959681433549083,0.018515721086566073,-0.021016738904312326,-0.0028366676619886455,-0.004478193146417397,0.00036616623947272053
2026-10-05,-0.01887530860807607,-0.018439252485142776,-0.0013213848732871458,0.014402288818323061,0.009797562177875863,0.010214134442779743,-0.019985513790078624,0.014872338951844588,-0.005474452554744547,-0.001004520341536863,0.010848817969534075,0.003481234833065283,-0.0013475071118430604,0.0019557989438685475,0.013543191800878374
2026-10-06,0.002591727841122493,0.00011184318680901306,0.007289331791870524,0.001366684638117066,0.00532429008678692,0.015655609104261448,0.008317401794271984,0.004912185002635017,0.0033639143730885834,0.02161890397184507,0.00913712705869174,0.021682567598554137,0.0026986506746626837,0.01737263322272109,0.01733477789815807
2026-10-07,-0.003778135572624075,-0.012969629141829642,-0.011081631979546591,0.00030326105418709837,0.011664634885730774,0.028580598684808445,-0.011914955980116493,-0.0207461584860551,-0.0030478512648582923,-0.011811023622047223,-0.031043455091507743,0.035370685387338785,-0.00014952153110048272,-0.004221028396009241,-0.025204117855875063
2026-10-08,0.04071858238840265,0.03636156693315962,0.003936485115718424,-0.01174863449204322,0.056287453562611,-0.010927282260496884,0.025292184762530256,-0.013940117676781272,0.008254356465912549,-0.003486055776892427,0.002966546767556144,-0.014211483400363822,0.0022431583669806354,-0.0077071290944122905,-0.004734158776402042
2026-10-09,-0.0034522498519921063,-0.002732539139111756,0.014241086194972441,0.026844563961351486,-0.034241962839730244,0.01704542333032677,-0.052623639734282635,0.033793888411061346,0.0,-0.05897051474262871,0.0007393584787425134,-0.02190192444331862,-0.0011936735302894297,-0.013203883495145674,-0.03073545554335899
